corp_code,corp_name,stock_code,stage,stage_reason,risk_score,status,status_code,end_date,capital_total,capital_impaired,부채비율,유동비율,이자보상배율,fs_missing,induty_code,is_b2b_industry,final_distress_label,NO,기업명,기업코드,ESG등급,환경,사회,지배구조,평가년도,ESG 등급조정,환경 등급조정,사회 등급조정,지배구조 등급조정,ESG등급_ord,환경_ord,사회_ord,지배구조_ord,distress,log_capital,sector,drctr_co,otcmp_drctr_co,outside_ratio
173944,우진,105840,0,정상,0.0,계속사업자,1.0,,174269978144.0,False,23.389452014689063,364.148438522053,,False,27216,False,False,408,우진,105840,B,C,B,B,2025,,,,,3,2,3,3,0,25.883871532204367,제조업,7.0,2.0,0.2857142857142857
129350,삼화콘덴서공업,1820,0,정상,0.0,계속사업자,1.0,,239899483023.0,False,22.50481464264927,352.9328739018992,,False,26291,False,False,599,삼화콘덴서공업,1820,C,C,C,C,2025,,,,,2,2,2,2,0,26.203485851821,제조업,6.0,2.0,0.3333333333333333
303217,우진플라임,49800,1,유동비율<100%;,25.0,계속사업자,1.0,,104942839248.0,False,194.5934691125576,86.33734936182327,,False,292,False,False,406,우진플라임,49800,D,C,D,D,2025,,,,,1,2,1,1,1,25.37668165075664,제조업,4.0,1.0,0.25
1036446,서연이화,200880,1,유동비율<100%;,25.0,계속사업자,1.0,,1123514770801.0,False,61.57267194198105,90.98701224297535,,False,303,False,False,591,서연이화,200880,B+,B+,A,B,2025,,,,,4,4,5,3,1,27.74748307561577,제조업,6.0,3.0,0.5
129554,갤럭시아에스엠,11420,0,정상,0.0,계속사업자,1.0,,72286895907.0,False,14.614788801543993,527.5608198189476,,False,911,False,False,902,갤럭시아에스엠,11420,D,D,D,D,2025,,,,,1,1,1,1,0,25.003908703584486,기타,3.0,1.0,0.3333333333333333
105156,극동유화,14530,1,유동비율<100%;,25.0,계속사업자,1.0,,204960954927.0,False,102.59842088699128,85.12754791906848,,False,19221,False,False,871,극동유화,14530,D,C,C,D,2025,,,,,1,2,2,1,1,26.04608533417356,제조업,6.0,2.0,0.3333333333333333
146649,일진홀딩스,15860,1,유동비율<100%;,25.0,계속사업자,1.0,,255510544831.0,False,48.08054769843496,80.09649450881562,,False,64992,False,False,328,일진홀딩스,15860,C,C,C,B,2025,,,,,2,2,2,3,1,26.26652951709274,금융보험,3.0,1.0,0.3333333333333333
148443,제일파마홀딩스,2620,1,유동비율<100%;,25.0,계속사업자,1.0,,297322190779.0,False,31.678512812388604,42.58947825444717,,False,715,True,False,313,제일파마홀딩스,2620,B+,B,A,B+,2025,,,,,4,3,5,4,1,26.418082205197585,전문과학기술,7.0,3.0,0.4285714285714285
148939,조광피혁,4700,0,정상,0.0,계속사업자,1.0,,434710151011.0,False,,987.6353054094538,,False,15110,False,False,307,조광피혁,4700,D,D,D,D,2025,,,,,1,1,1,1,0,26.797945326430643,제조업,6.0,3.0,0.5
1255652,레이크머티리얼즈,281740,0,정상,0.0,계속사업자,1.0,,134523823798.0,False,135.37403120762872,112.25634271401783,,False,204,False,False,729,레이크머티리얼즈,281740,D,D,C,C,2025,,,,,1,1,2,2,0,25.62500714891255,제조업,4.0,1.0,0.25
664181,인텔리안테크,189300,0,정상,0.0,계속사업자,1.0,,260456548698.0,False,,196.3429916994645,,False,26429,False,False,342,인텔리안테크,189300,C,C,B,D,2025,,,,,2,2,3,1,0,26.285701884603426,제조업,4.0,1.0,0.25
763473,코스메카코리아,241710,1,유동비율<100%;,25.0,계속사업자,1.0,,226561525262.0,False,91.27348716639486,80.41592446769785,,False,20423,False,False,240,코스메카코리아,241710,C,C,C,C,2025,,,,,2,2,2,2,1,26.146282379694288,제조업,5.0,3.0,0.6
166272,화승코퍼레이션,13520,1,유동비율<100%;,25.0,계속사업자,1.0,,306954124987.0,False,82.86089602078874,80.99358191951573,,False,303,False,False,22,화승코퍼레이션,13520,C,B+,A,C,2025,,,,,2,4,5,2,1,26.44996414335806,제조업,7.0,3.0,0.4285714285714285
143794,원림,5820,0,정상,0.0,계속사업자,1.0,,96963667457.0,False,13.366961183422433,364.48507918319126,,False,13225,False,False,403,원림,5820,D,D,D,D,2025,,,,,1,1,1,1,0,25.297602182984846,제조업,3.0,1.0,0.3333333333333333
118965,티에이치엔,19180,0,정상,0.0,계속사업자,1.0,,221041128667.0,False,143.14132664770304,120.7229601750662,,False,289,False,False,197,티에이치엔,19180,D,C,C,D,2025,,,,,1,2,2,1,0,26.12161462371484,제조업,4.0,1.0,0.25
260879,카페24,42000,0,정상,0.0,계속사업자,1.0,,265990112212.0,False,50.39715701768569,194.5615739288184,,False,63112,False,False,271,카페24,42000,C,D,C,B,2025,,,,,2,1,2,3,0,26.306724972901872,정보통신,7.0,2.0,0.2857142857142857
132354,쿠쿠홀딩스,192400,0,정상,0.0,계속사업자,1.0,,612246017074.0,False,22.504654665372296,4864.512401311307,,False,649,False,False,226,쿠쿠홀딩스,192400,C,D,C,C,2025,,,,,2,1,2,2,0,27.14040002736594,금융보험,5.0,3.0,0.6
159254,한국전자홀딩스,6200,0,정상,0.0,계속사업자,1.0,,149174836223.0,False,2.3101906556466902,,,False,64992,False,False,129,한국전자홀딩스,6200,D,C,D,D,2025,,,,,1,2,1,1,0,25.72838485246892,금융보험,3.0,1.0,0.3333333333333333
168401,금비,8870,1,유동비율<100%;,25.0,계속사업자,1.0,,80216973463.0,False,86.69861610034252,68.75160555786952,,False,23192,False,False,869,금비,8870,D,C,D,D,2025,,,,,1,2,1,1,1,25.108000968615993,제조업,3.0,1.0,0.3333333333333333
1407909,원텍,336570,0,정상,0.0,계속사업자,1.0,,161947557578.0,False,33.65298092238944,332.1613625546328,,False,271,False,False,395,원텍,336570,D,D,D,D,2025,,,,,1,1,1,1,0,25.81053840111628,제조업,6.0,2.0,0.3333333333333333
1532603,화승알앤에이,378850,1,유동비율<100%;,25.0,계속사업자,1.0,,166895100708.0,False,178.50843084797594,80.86841899308585,,False,30399,False,False,25,화승알앤에이,378850,B+,B+,A,B,2025,,,,,4,4,5,3,1,25.84063131252786,제조업,6.0,3.0,0.5
111458,대영포장,14160,0,정상,0.0,계속사업자,1.0,,192296367683.0,False,35.88399291855177,141.75847795836137,,False,1721,False,False,807,대영포장,14160,D,D,D,D,2025,,,,,1,1,1,1,0,25.982303600558797,제조업,5.0,2.0,0.4
218575,황금에스티,32560,0,정상,0.0,계속사업자,1.0,,263100055113.0,False,20.52672866822654,319.0854695133955,,False,24290,False,False,15,황금에스티,32560,C,D,D,B,2025,,,,,2,1,1,3,0,26.29580023446812,제조업,7.0,3.0,0.4285714285714285
134316,세원정공,21820,0,정상,0.0,계속사업자,1.0,,389324625534.0,False,9.042615671102858,1553.069389257346,,False,303,False,False,565,세원정공,21820,D,C,C,D,2025,,,,,1,2,2,1,0,26.687679345493407,제조업,6.0,3.0,0.5
103042,케이씨티시,9070,1,유동비율<100%;,25.0,계속사업자,1.0,,248904486515.0,False,158.46247122557617,67.17603899446834,,False,49301,False,False,255,케이씨티시,9070,D,C,D,D,2025,,,,,1,2,1,1,1,26.240335071529138,기타,6.0,2.0,0.3333333333333333
1267684,쿠쿠홈시스,284740,0,정상,0.0,계속사업자,1.0,,900766336452.0,False,16.508266169527747,356.1998628698586,,False,762,False,False,225,쿠쿠홈시스,284740,C,D,C,C,2025,,,,,2,1,2,2,0,27.52651172290973,기타,5.0,3.0,0.6
122348,방림,3610,0,정상,0.0,계속사업자,1.0,,180203817685.0,False,15.543425003881875,477.2769806126599,,False,132,False,False,667,방림,3610,D,C,D,D,2025,,,,,1,2,1,1,0,25.917354367717543,제조업,4.0,1.0,0.25
147222,전방,950,0,정상,0.0,계속사업자,1.0,,227574213316.0,False,4.616125560505857,3864.583420969945,,False,13101,False,False,324,전방,950,D,C,D,D,2025,,,,,1,2,1,1,0,26.15074223451975,제조업,4.0,1.0,0.25
145464,이구산업,25820,0,정상,0.0,계속사업자,1.0,,145642344047.0,False,158.8310247432913,125.23479901972888,,False,24221,False,False,368,이구산업,25820,C,C,D,C,2025,,,,,2,2,1,2,0,25.704419754926377,제조업,7.0,3.0,0.4285714285714285
109161,태경케미컬,6890,0,정상,0.0,계속사업자,1.0,,165040053608.0,False,30.768408487440364,460.5211462463836,,False,20121,False,False,213,태경케미컬,6890,D,D,D,D,2025,,,,,1,1,1,1,0,25.829454030527582,제조업,3.0,1.0,0.3333333333333333
101628,경방,50,1,유동비율<100%;,25.0,계속사업자,1.0,,829121410431.0,False,42.3422734627616,58.19932706569652,,False,47119,False,False,896,경방,50,C,C,D,C,2025,,,,,2,2,1,2,1,27.44363243543676,도소매,4.0,1.0,0.25
823429,한국화장품,123690,0,정상,0.0,계속사업자,1.0,,44882196537.0,False,22.46070473999538,143.82656701514316,,False,46443,True,False,113,한국화장품,123690,D,D,C,D,2025,,,,,1,1,2,1,0,24.527307039409735,도소매,3.0,1.0,0.3333333333333333
174004,유성기업,2920,0,정상,0.0,계속사업자,1.0,,126455532022.0,False,99.31196474437462,155.14381195098812,,False,303,False,False,382,유성기업,2920,C,C,C,C,2025,,,,,2,2,2,2,0,25.56315655779662,제조업,6.0,3.0,0.5
123107,보락,2760,0,정상,0.0,계속사업자,1.0,,48730562769.0,False,21.569183715002048,350.73749965284435,,False,2049,False,False,663,보락,2760,D,D,D,D,2025,,,,,1,1,1,1,0,24.60957224245256,제조업,3.0,1.0,0.3333333333333333
220561,광주신세계,37710,1,유동비율<100%;,25.0,계속사업자,1.0,,865233394114.0,False,45.95185377017648,40.18195602384665,,False,47111,False,False,882,광주신세계,37710,A,A,A+,A,2025,,,,,5,5,6,5,1,27.48626512726845,도소매,6.0,3.0,0.5
165343,혜인,3010,0,정상,0.0,계속사업자,1.0,,127629006006.0,False,96.39919149195288,148.8830479320592,,False,465,True,False,28,혜인,3010,D,D,D,D,2025,,,,,1,1,1,1,0,25.57239350182011,도소매,4.0,1.0,0.25
258689,JYP Ent.,35900,0,정상,0.0,계속사업자,1.0,,583926750069.0,False,28.096132608176227,238.4779913210759,,False,59201,False,False,1016,JYP Ent.,35900,B+,A,A+,B,2025,,,,,4,5,6,3,0,27.093041383943852,정보통신,8.0,4.0,0.5
101220,KG케미칼,1390,1,유동비율<100%;,25.0,계속사업자,1.0,,240100406057.0,False,54.71908884519342,89.08047789674724,,False,201,False,False,1004,KG케미칼,1390,C,B+,B+,D,2025,,,,,2,4,4,1,1,26.20432303137169,제조업,4.0,1.0,0.25
152686,코리아써키트,7810,0,정상,0.0,계속사업자,1.0,,384880870574.0,False,120.23744943203778,153.8388308998026,,False,2622,False,False,246,코리아써키트,7810,C,B,B+,D,2025,,,,,2,3,4,1,0,26.67619969627124,제조업,3.0,1.0,0.3333333333333333
162993,한일홀딩스,3300,0,정상,0.0,계속사업자,1.0,,833672139735.0,False,8.631528395788008,234.9780535316465,,False,23311,False,False,80,한일홀딩스,3300,B+,A,A+,B,2025,,,,,4,5,6,3,0,27.449106044190348,제조업,3.0,1.0,0.3333333333333333
332927,제이에스코퍼레이션,194370,1,유동비율<100%;,25.0,계속사업자,1.0,,353931486637.0,False,85.73478231288793,62.11488922217306,,False,15121,False,False,319,제이에스코퍼레이션,194370,D,D,D,C,2025,,,,,1,1,1,2,1,26.592369190775347,제조업,5.0,3.0,0.6
398792,SNT모티브,64960,0,정상,0.0,계속사업자,1.0,,1014510835725.0,False,25.004107021264115,369.5006706608911,,False,303,False,False,924,SNT모티브,64960,D,C,C,D,2025,,,,,1,2,2,1,0,27.645427677007877,제조업,4.0,1.0,0.25
148920,조광페인트,4910,1,유동비율<100%;,25.0,계속사업자,1.0,,219083100642.0,False,87.95066431064593,80.41438851828939,,False,20411,False,False,308,조광페인트,4910,B+,A,A,B,2025,,,,,4,5,5,3,1,26.112716949774377,제조업,4.0,1.0,0.25
1170865,네오셈,253590,0,정상,0.0,계속사업자,1.0,,109617625886.0,False,32.014255198790984,580.878813818388,,False,292,False,False,849,네오셈,253590,D,D,D,D,2025,,,,,1,1,1,1,0,25.420264018657893,제조업,3.0,1.0,0.3333333333333333
136864,신원,9270,0,정상,0.0,계속사업자,1.0,,232547507369.0,False,181.3203589926801,110.29695934648724,,False,14112,False,False,532,신원,9270,B,B+,A+,C,2025,,,,,3,4,6,2,0,26.172360373870617,제조업,7.0,2.0,0.2857142857142857
137809,SHD,1770,0,정상,0.0,계속사업자,1.0,,55403591030.0,False,45.46632442716593,216.7750318099337,,False,24199,False,False,946,SHD,1770,D,D,D,C,2025,,,,,1,1,1,2,0,24.73791024863502,제조업,4.0,2.0,0.5
220686,에스피지,58610,0,정상,0.0,계속사업자,1.0,,154019924758.0,False,82.00309303971385,121.65651560294062,,False,28111,False,False,466,에스피지,58610,D,D,D,D,2025,,,,,1,1,1,1,0,25.760347812536423,제조업,3.0,1.0,0.3333333333333333
857727,하림,136480,1,유동비율<100%;,25.0,계속사업자,1.0,,309592421000.0,False,168.48400303701231,68.62988171402978,,False,1012,False,False,149,하림,136480,A,A,A+,A,2025,,,,,5,5,6,5,1,26.458522498388184,제조업,5.0,3.0,0.6
146269,일신방직,3200,0,정상,0.0,계속사업자,1.0,,604582416252.0,False,9.377182458672351,507.0070218197112,,False,13101,False,False,336,일신방직,3200,D,C,C,D,2025,,,,,1,2,2,1,0,27.12780383559395,제조업,4.0,1.0,0.25
130091,샘표,7540,0,정상,0.0,계속사업자,1.0,,215368155466.0,False,2.944117547592128,9040.638029388048,,False,64992,False,False,595,샘표,7540,C,B,B+,D,2025,,,,,2,3,4,1,0,26.095614751677218,금융보험,3.0,1.0,0.3333333333333333
138729,아세아제지,2310,0,정상,0.0,계속사업자,1.0,,739012193195.0,False,9.211073705794515,358.28254571773743,,False,172,False,False,503,아세아제지,2310,B+,B+,A,B,2025,,,,,4,4,5,3,0,27.328580257345777,제조업,5.0,2.0,0.4
369170,인터플렉스,51370,0,정상,0.0,계속사업자,1.0,,310262477615.0,False,21.43955960235137,272.1418471260883,,False,2622,False,False,343,인터플렉스,51370,C,B,B,C,2025,,,,,2,3,3,2,0,26.460684478159557,제조업,4.0,1.0,0.25
153126,크라운해태홀딩스,5740,1,유동비율<100%;,25.0,계속사업자,1.0,,303399726023.0,False,17.362588490935753,5.325818528169105,,False,64992,False,False,221,크라운해태홀딩스,5740,B,B,B+,B,2025,,,,,3,3,4,3,1,26.438317000838023,금융보험,4.0,1.0,0.25
223434,에프에스티,36810,0,정상,0.0,계속사업자,1.0,,218456789690.0,False,97.83349410209856,107.13378832169948,,False,2629,False,False,449,에프에스티,36810,C,C,B,D,2025,,,,,2,2,3,1,0,26.10985407306936,제조업,5.0,2.0,0.4
325112,프로텍,53610,0,정상,0.0,계속사업자,1.0,,322705176406.0,False,10.063575641607274,685.6508744478493,,False,29271,False,False,166,프로텍,53610,D,C,C,D,2025,,,,,1,2,2,1,0,26.500004976799133,제조업,5.0,2.0,0.4
860332,메리츠금융지주,138040,0,정상,0.0,계속사업자,1.0,,3449719254654.0,False,53.95688042367062,,,False,64992,False,False,703,메리츠금융지주,138040,A,B+,A,A,2025,,,,,5,4,5,5,0,28.869313968198046,금융보험,6.0,4.0,0.6666666666666666
138297,STX,11810,2,완전자본잠식(자본총계<0),60.0,계속사업자,1.0,,-142092000000.0,True,-284.257382540889,33.11172040780111,,False,46800,True,False,919,STX,11810,D,D,C,D,2025,,,,,1,1,2,1,1,0.0,도소매,4.0,2.0,0.5
105952,LS,6260,1,유동비율<100%;,25.0,계속사업자,1.0,,4936605000000.0,False,20.55266726829471,13.667029224031827,,False,64992,False,False,980,LS,6260,B+,A,A+,B,2025,,,,,4,5,6,3,1,29.22769896390237,금융보험,7.0,4.0,0.5714285714285714
897752,천보,278280,1,유동비율<100%;,25.0,계속사업자,1.0,,426472893385.0,False,42.67377519975366,27.162686827864817,,False,201,False,False,280,천보,278280,D,C,D,D,2025,,,,,1,2,1,1,1,26.77881464590293,제조업,6.0,3.0,0.5
160621,한국화장품제조,3350,0,정상,0.0,계속사업자,1.0,,104685922324.0,False,89.84156432028495,454.6867713813646,,False,20423,False,False,112,한국화장품제조,3350,D,C,C,D,2025,,,,,1,2,2,1,0,25.37423048851433,제조업,3.0,1.0,0.3333333333333333
539274,대상홀딩스,84690,1,유동비율<100%;,25.0,계속사업자,1.0,,399873089952.0,False,34.43133460331803,62.802320413552046,,False,64992,False,False,814,대상홀딩스,84690,B,A,A+,C,2025,,,,,3,5,6,2,1,26.714413058591994,금융보험,8.0,2.0,0.25
405320,웹젠,69080,0,정상,0.0,계속사업자,1.0,,709804199101.0,False,12.509515286111371,426.0598634641643,,False,5821,False,False,393,웹젠,69080,C,D,D,B,2025,,,,,2,1,1,3,0,27.288254993034517,정보통신,7.0,2.0,0.2857142857142857
203023,시노펙스,25320,0,정상,0.0,계속사업자,1.0,,167218032204.0,False,,156.58560842724853,,False,2629,False,False,548,시노펙스,25320,C,C,C,C,2025,,,,,2,2,2,2,0,25.842564379891872,제조업,3.0,1.0,0.3333333333333333
108977,대구백화점,6370,1,유동비율<100%;,25.0,계속사업자,1.0,,194204662746.0,False,92.6599627905723,16.049625627572205,,False,47111,False,False,822,대구백화점,6370,D,D,C,D,2025,,,,,1,1,2,1,1,25.992178402536,도소매,3.0,3.0,1.0
148522,퍼스텍,10820,1,부채비율≥200%;유동비율<100%;,25.0,계속사업자,1.0,,82465023596.0,False,388.7652489698076,84.37110477731534,,False,252,False,False,183,퍼스텍,10820,D,C,C,D,2025,,,,,1,2,2,1,1,25.135640083979997,제조업,4.0,1.0,0.25
134963,송원산업,4430,0,정상,0.0,계속사업자,1.0,,659652000000.0,False,48.48541352106868,168.38412808237268,,False,20499,False,False,554,송원산업,4430,C,B+,A,D,2025,,,,,2,4,5,1,0,27.214978260182463,제조업,4.0,1.0,0.25
148948,조비,1550,0,정상,0.0,계속사업자,1.0,,54695146900.0,False,125.35452725879782,127.16696571952524,,False,20312,False,False,306,조비,1550,D,D,C,D,2025,,,,,1,1,2,1,0,24.72504082031765,제조업,4.0,1.0,0.25
124151,부산주공,5030,1,부채비율≥200%;유동비율<100%;,25.0,계속사업자,1.0,,19306006163.0,False,1034.5318379353716,68.04645913175578,,False,30310,False,False,654,부산주공,5030,D,C,C,D,2025,,,,,1,2,2,1,1,23.683682084599965,제조업,4.0,3.0,0.75
157070,한국단자공업,25540,0,정상,0.0,계속사업자,1.0,,950753122000.0,False,33.08740888888714,281.6889357080969,,False,2812,False,False,139,한국단자공업,25540,B,B+,A,C,2025,,,,,3,4,5,2,0,27.580520267472764,제조업,3.0,1.0,0.3333333333333333
153755,태양금속공업,4100,1,유동비율<100%;,25.0,계속사업자,1.0,,169297085445.0,False,195.85578431987872,85.49441736378617,,False,303,False,False,210,태양금속공업,4100,D,C,C,D,2025,,,,,1,2,2,1,1,25.854920910609493,제조업,5.0,3.0,0.6
132804,성신양회,4980,1,유동비율<100%;,25.0,계속사업자,1.0,,586999785205.0,False,102.6044243085474,73.87327653155167,,False,23311,False,False,579,성신양회,4980,B+,B+,A,B,2025,,,,,4,4,5,3,1,27.098290290854507,제조업,5.0,3.0,0.6
143262,우진아이엔에스,10400,0,정상,0.0,계속사업자,1.0,,80754726231.0,False,31.587751935449937,265.99639394673306,,False,422,False,False,407,우진아이엔에스,10400,C,C,C,C,2025,,,,,2,2,2,2,0,25.11468232651288,건설업,4.0,2.0,0.5
114093,덕성,4830,0,정상,0.0,계속사업자,1.0,,96486847943.0,False,53.44837089555,182.15574583469743,,False,22214,False,False,780,덕성,4830,D,C,C,D,2025,,,,,1,2,2,1,0,25.29267254525681,제조업,6.0,3.0,0.5
1364747,가온칩스,399720,0,정상,0.0,계속사업자,1.0,,55047253193.0,False,185.9583518220253,116.38476198510124,,False,26112,False,False,906,가온칩스,399720,D,D,D,C,2025,,,,,1,1,1,2,0,24.731457802285302,제조업,4.0,1.0,0.25
990165,아세아시멘트,183190,1,유동비율<100%;,25.0,계속사업자,1.0,,894005975000.0,False,35.02196369548872,98.52252219213383,,False,23311,False,False,504,아세아시멘트,183190,B+,A,B+,B,2025,,,,,4,5,4,3,1,27.51897829554278,제조업,8.0,2.0,0.25
327819,선익시스템,171090,0,정상,0.0,계속사업자,1.0,,142338701437.0,False,155.75604052220913,137.32839038200672,,False,292,False,False,582,선익시스템,171090,D,D,D,D,2025,,,,,1,1,1,1,0,25.681475275809785,제조업,4.0,1.0,0.25
126371,삼성전기,9150,0,정상,0.0,계속사업자,1.0,,6300553511178.0,False,,,,False,2622,False,False,630,삼성전기,9150,A,A,A+,B+,2025,,,,,5,5,6,4,0,29.47165860438381,제조업,7.0,4.0,0.5714285714285714
593032,LF,93050,0,정상,0.0,계속사업자,1.0,,1680364191592.0,False,15.176688377677646,280.38502835099894,,False,14111,False,False,991,LF,93050,B+,B+,B+,B+,2025,,,,,4,4,4,4,0,28.1500316665597,제조업,7.0,3.0,0.4285714285714285
133511,SG세계물산,4060,0,정상,0.0,계속사업자,1.0,,263171828130.0,False,10.958542652123803,250.30216539786863,,False,46800,True,False,947,SG세계물산,4060,D,D,C,D,2025,,,,,1,1,2,1,0,26.296072994688572,도소매,3.0,1.0,0.3333333333333333
414601,유니퀘스트,77500,0,정상,0.0,계속사업자,1.0,,249886858374.0,False,107.93877712140788,172.8865564074413,,False,4659,True,False,383,유니퀘스트,77500,D,D,D,D,2025,,,,,1,1,1,1,0,26.24427408586553,도소매,7.0,3.0,0.4285714285714285
416654,유엔젤,72130,0,정상,0.0,계속사업자,1.0,,62210888825.0,False,23.4785322262272,243.38865046908137,,False,631,False,False,379,유엔젤,72130,D,D,D,D,2025,,,,,1,1,1,1,0,24.853795882865246,정보통신,6.0,2.0,0.3333333333333333
102140,경인전자,9140,0,정상,0.0,계속사업자,1.0,,63973200394.0,False,7.050212734742302,1679.1930116660776,,False,2629,False,False,893,경인전자,9140,D,D,D,D,2025,,,,,1,1,1,1,0,24.881730088764648,제조업,3.0,1.0,0.3333333333333333
587457,갤럭시아머니트리,94480,1,부채비율≥200%;,25.0,계속사업자,1.0,,129186199804.0,False,214.0603026682093,128.85435669577993,,False,58221,False,False,903,갤럭시아머니트리,94480,C,D,C,C,2025,,,,,2,1,2,2,1,25.584520609927495,정보통신,4.0,1.0,0.25
143527,경동인베스트,12320,0,정상,0.0,계속사업자,1.0,,293015651030.0,False,0.5714339258378283,6111.151209568854,,False,649,False,False,897,경동인베스트,12320,B,C,B+,B,2025,,,,,3,2,4,3,0,26.40349186102151,금융보험,3.0,1.0,0.3333333333333333
154055,태원물산,1420,0,정상,0.0,계속사업자,1.0,,41677196315.0,False,8.983046886607731,3631.4832315436033,,False,303,False,False,208,태원물산,1420,D,D,D,D,2025,,,,,1,1,1,1,0,24.453219965214416,제조업,6.0,2.0,0.3333333333333333
144164,SK가스,18670,0,정상,0.0,계속사업자,1.0,,2590712566663.0,False,117.62619274731765,121.45023169030377,,False,46713,True,False,940,SK가스,18670,A+,A+,A+,A,2025,,,,,6,6,6,5,0,28.58295407606451,도소매,7.0,4.0,0.5714285714285714
159564,한국주강,25890,0,정상,0.0,계속사업자,1.0,,33280936944.0,False,15.101367072257506,222.8174253656712,,False,292,False,False,125,한국주강,25890,D,D,D,D,2025,,,,,1,1,1,1,0,24.228250605868507,제조업,4.0,1.0,0.25
112165,디아이씨,92200,1,부채비율≥200%;유동비율<100%;,25.0,계속사업자,1.0,,79670251024.0,False,464.67723229022766,52.73140229578067,,False,303,False,False,736,디아이씨,92200,D,C,C,D,2025,,,,,1,2,2,1,1,25.10116209113076,제조업,3.0,2.0,0.6666666666666666
1478712,대덕전자,353200,0,정상,0.0,계속사업자,1.0,,897249586601.0,False,30.95720961914684,232.7182442292756,,False,2622,False,False,820,대덕전자,353200,B+,B+,A+,B,2025,,,,,4,4,6,3,0,27.52259990623398,제조업,3.0,1.0,0.3333333333333333
143314,에이엔피,15260,1,부채비율≥200%;,25.0,계속사업자,1.0,,30206354504.0,False,244.3771245392254,100.5227998139684,,False,2622,False,False,458,에이엔피,15260,D,C,D,D,2025,,,,,1,2,1,1,1,24.131318153233043,제조업,4.0,1.0,0.25
138701,아세아,2030,0,정상,0.0,계속사업자,1.0,,406913156000.0,False,6.470021578756721,559.5748521202447,,False,715,True,False,505,아세아,2030,B+,B+,A,B+,2025,,,,,4,4,5,4,0,26.73186562369975,전문과학기술,6.0,2.0,0.3333333333333333
105299,금강공업,14280,1,유동비율<100%;,25.0,계속사업자,1.0,,278528501685.0,False,124.18689323622208,98.06432008332642,,False,2413,False,False,870,금강공업,14280,C,C,D,B,2025,,,,,2,2,1,3,1,26.35278623105942,제조업,6.0,3.0,0.5
623661,원익머트리얼즈,104830,0,정상,0.0,계속사업자,1.0,,513898983965.0,False,16.051828871998342,261.7976741975437,,False,20121,False,False,399,원익머트리얼즈,104830,B+,B+,A,B+,2025,,,,,4,4,5,4,0,26.9652925538362,제조업,4.0,1.0,0.25
159102,DB손해보험,5830,1,부채비율≥200%;,25.0,계속사업자,1.0,,9854901000000.0,False,502.8353608016966,,,False,65121,False,False,1071,DB손해보험,5830,B+,A,A,B+,2025,,,,,4,5,5,4,1,29.918990010820675,금융보험,9.0,5.0,0.5555555555555556
122898,벽산,7210,0,정상,0.0,계속사업자,1.0,,259539734572.0,False,87.73957491192067,108.79957319649192,,False,23999,False,False,664,벽산,7210,C,B+,B+,D,2025,,,,,2,4,4,1,0,26.282175647568682,제조업,4.0,3.0,0.75
808022,메지온,140410,1,부채비율≥200%;유동비율<100%;,25.0,계속사업자,1.0,,15989141688.0,False,408.49516337089824,69.32818492383484,,False,70113,False,False,698,메지온,140410,D,D,D,D,2025,,,,,1,1,1,1,1,23.495175684302776,전문과학기술,7.0,3.0,0.4285714285714285
939331,한국콜마,161890,1,유동비율<100%;,25.0,계속사업자,1.0,,852945910220.0,False,79.2613713246629,69.8440792642917,,False,20423,False,False,120,한국콜마,161890,A,A,A+,B+,2025,,,,,5,5,6,4,1,27.471961971196563,제조업,7.0,4.0,0.5714285714285714
231372,롯데관광개발,32350,1,부채비율≥200%;유동비율<100%;,25.0,계속사업자,1.0,,16234293361.0,False,11641.6326277141,56.47680959783072,,False,75210,True,False,726,롯데관광개발,32350,D,D,C,D,2025,,,,,1,1,2,1,1,23.5103917158995,전문과학기술,6.0,2.0,0.3333333333333333
129271,삼화전기,9470,0,정상,0.0,계속사업자,1.0,,84117929218.0,False,59.56180265821246,139.394495678656,,False,26291,False,False,601,삼화전기,9470,D,C,C,D,2025,,,,,1,2,2,1,0,25.155485570478383,제조업,8.0,2.0,0.25
164812,현대코퍼레이션,11760,0,정상,0.0,계속사업자,1.0,,692221527229.0,False,142.73500709204856,110.16277715439831,,False,46800,True,False,34,현대코퍼레이션,11760,B,B,B+,B,2025,,,,,3,3,4,3,0,27.263171867388138,도소매,6.0,3.0,0.5
188089,한섬,20000,0,정상,0.0,계속사업자,1.0,,1405017971188.0,False,20.79935437674917,326.34719406968634,,False,14112,False,False,103,한섬,20000,A,A,A+,A,2025,,,,,5,5,6,5,0,27.971071209513592,제조업,7.0,3.0,0.4285714285714285
106368,금호석유화학,11780,0,정상,0.0,계속사업자,1.0,,3386702097462.0,False,36.42028120428268,187.98264744981824,,False,201,False,False,866,금호석유화학,11780,B,A,A+,C,2025,,,,,3,5,6,2,0,28.850877731205067,제조업,10.0,7.0,0.7
149026,CS홀딩스,590,0,정상,0.0,계속사업자,1.0,,167329946086.0,False,4.736758964785889,5851.605477084637,,False,64992,False,False,1074,CS홀딩스,590,C,D,D,B,2025,,,,,2,1,1,3,0,25.843233425251203,금융보험,4.0,3.0,0.75
123781,부국철강,26940,0,정상,0.0,계속사업자,1.0,,131409395234.0,False,15.716889074196317,513.7396777918332,,False,2413,False,False,657,부국철강,26940,D,D,D,D,2025,,,,,1,1,1,1,0,25.601583441460633,제조업,3.0,1.0,0.3333333333333333
1291317,더블유씨피,393890,1,유동비율<100%;,25.0,계속사업자,1.0,,779838887180.0,False,101.76594292121024,31.726315293643363,,False,28202,False,False,784,더블유씨피,393890,D,C,D,D,2025,,,,,1,2,1,1,1,27.38235318039721,제조업,4.0,2.0,0.5
961774,유티아이,179900,1,유동비율<100%;,25.0,계속사업자,1.0,,99081972141.0,False,110.1452262029012,28.1145370781012,,False,2629,False,False,374,유티아이,179900,C,D,D,B,2025,,,,,2,1,1,3,1,25.31921334590117,제조업,4.0,1.0,0.25
131692,서흥,8490,0,정상,0.0,계속사업자,1.0,,371757136111.0,False,60.54304472417639,123.5055678438256,,False,2049,False,False,584,서흥,8490,B,B+,A,C,2025,,,,,3,4,5,2,0,26.641506618097054,제조업,4.0,1.0,0.25
107677,비비안,2070,1,유동비율<100%;,25.0,계속사업자,1.0,,73366503623.0,False,158.17478627756196,77.85815228970073,,False,14120,False,False,651,비비안,2070,D,D,D,D,2025,,,,,1,1,1,1,1,25.018733314495663,제조업,5.0,1.0,0.2
110608,DSR,155660,0,정상,0.0,계속사업자,1.0,,217903999192.0,False,38.1106508448372,174.6345959532007,,False,242,False,False,1062,DSR,155660,D,C,C,D,2025,,,,,1,2,2,1,0,26.10732043206496,제조업,6.0,3.0,0.5
1059605,디와이파워,210540,0,정상,0.0,계속사업자,1.0,,282797492543.0,False,10.556670960037112,522.7547870073907,,False,29241,False,False,731,디와이파워,210540,C,C,D,B,2025,,,,,2,2,1,3,0,26.36799690439133,제조업,4.0,1.0,0.25
622787,바이오노트,377740,0,정상,0.0,계속사업자,1.0,,1052065607327.0,False,1.2971821623057975,3475.042697097876,,False,213,False,False,669,바이오노트,377740,C,D,D,B,2025,,,,,2,1,1,3,0,27.681776592678766,제조업,8.0,3.0,0.375
136402,신송홀딩스,6880,0,정상,0.0,계속사업자,1.0,,134972432573.0,False,7.252583046323637,202.84673558186705,,False,46201,True,False,535,신송홀딩스,6880,D,D,D,D,2025,,,,,1,1,1,1,0,25.628336391369572,도소매,4.0,2.0,0.5
133335,성창기업지주,180,0,정상,0.0,계속사업자,1.0,,348861537376.0,False,17.31597122152562,2650.8694656563675,,False,71531,True,False,576,성창기업지주,180,D,C,D,D,2025,,,,,1,2,1,1,0,26.577940939383307,전문과학기술,3.0,1.0,0.3333333333333333
131054,유진증권,1200,1,부채비율≥200%;,25.0,계속사업자,1.0,,1051275121320.0,False,886.3240962809547,,,False,66121,False,False,376,유진증권,1200,B+,B,A,B,2025,,,,지배구조 등급조정(2025.11.),4,3,5,3,1,27.68102494456636,금융보험,5.0,3.0,0.6
185356,제룡전기,33100,0,정상,0.0,계속사업자,1.0,,239344479226.0,False,11.517931844991285,914.3393888626427,,False,2811,False,False,322,제룡전기,33100,C,C,D,B,2025,,,,,2,2,1,3,0,26.201169686824322,제조업,4.0,1.0,0.25
112679,대창단조,15230,0,정상,0.0,계속사업자,1.0,,261757664401.0,False,8.351499212458775,823.3178600114842,,False,303,False,False,797,대창단조,15230,D,C,C,D,2025,,,,,1,2,2,1,0,26.290684967647543,제조업,6.0,3.0,0.5
439965,나노신소재,121600,0,정상,0.0,계속사업자,1.0,,251025182453.0,False,82.43331377191356,141.385266555536,,False,2049,False,False,856,나노신소재,121600,C,C,C,C,2025,,,,,2,2,2,2,0,26.248819099543635,제조업,3.0,1.0,0.3333333333333333
160205,한국내화,10040,0,정상,0.0,계속사업자,1.0,,174083143454.0,False,40.58957467221472,194.56818855716563,,False,2321,False,False,140,한국내화,10040,C,B+,A,D,2025,,,,,2,4,5,1,0,25.88279885797623,제조업,3.0,1.0,0.3333333333333333
628860,네오위즈,95660,0,정상,0.0,계속사업자,1.0,,536242104490.0,False,17.767352637408713,313.30457690346964,,False,5821,False,False,848,네오위즈,95660,C,C,B,C,2025,,,,,2,2,3,2,0,27.007851583518473,정보통신,9.0,3.0,0.3333333333333333
129280,삼화전자공업,11230,1,유동비율<100%;,25.0,계속사업자,1.0,,21441253181.0,False,197.9210072693185,41.895123503654055,,False,265,False,False,600,삼화전자공업,11230,D,D,D,D,2025,,,,,1,1,1,1,1,23.788582622047187,제조업,1.0,1.0,1.0
260383,대한유화,6650,0,정상,0.0,계속사업자,1.0,,1632154975049.0,False,22.72808125955461,233.4973051019004,,False,20111,False,False,795,대한유화,6650,B+,B+,B+,B,2025,,,,,4,4,4,3,0,28.120922328163623,제조업,7.0,4.0,0.5714285714285714
1301252,티이엠씨,425040,0,정상,0.0,계속사업자,1.0,,194156156335.0,False,35.9587348466758,133.15076684564045,,False,20121,False,False,194,티이엠씨,425040,D,C,C,D,2025,,,,,1,2,2,1,0,25.99192860178953,제조업,4.0,1.0,0.25
579971,칩스앤미디어,94360,0,정상,0.0,계속사업자,1.0,,88276827435.0,False,24.66630605187199,1024.5308137214042,,False,261,False,False,276,칩스앤미디어,94360,C,D,C,B,2025,,,,,2,1,2,3,0,25.20374348016086,제조업,5.0,0.0,0.0
145109,유한양행,100,0,정상,0.0,계속사업자,1.0,,2238767814892.0,False,21.22013865810009,280.4314149165946,,False,212,False,False,373,유한양행,100,A,B+,A+,A,2025,,,,,5,4,6,5,0,28.436946747807035,제조업,7.0,4.0,0.5714285714285714
132628,성문전자,14910,1,유동비율<100%;,25.0,계속사업자,1.0,,34839160265.0,False,91.87327141221496,47.13718711277309,,False,26291,False,False,580,성문전자,14910,D,C,D,D,2025,,,,,1,2,1,1,1,24.2740078860283,제조업,4.0,1.0,0.25
413523,한미글로벌,53690,0,정상,0.0,계속사업자,1.0,,166825687374.0,False,33.69875328729602,146.44908000571414,,False,72111,True,False,108,한미글로벌,53690,B+,A,A+,B,2025,,,,,4,5,6,3,0,25.84021531605728,전문과학기술,10.0,4.0,0.4
142883,우신시스템,17370,0,정상,0.0,계속사업자,1.0,,168567136123.0,False,53.702148262723256,152.01486385806083,,False,292,False,False,409,우신시스템,17370,C,D,C,C,2025,,,,,2,1,2,2,0,25.850599941349486,제조업,3.0,0.0,0.0
161781,아난티,25980,0,정상,0.0,계속사업자,1.0,,499437154064.0,False,65.07104155938598,114.72332569584424,,False,551,False,False,509,아난티,25980,D,B,C,D,2025,,,,,1,3,2,1,0,26.93674760942962,기타,4.0,1.0,0.25
980122,JB금융지주,175330,0,정상,0.0,계속사업자,1.0,,2737047000000.0,False,39.2728732827752,,,False,64992,False,False,1021,JB금융지주,175330,A,A+,A,A,2025,,,,,5,6,5,5,0,28.637900717925877,금융보험,11.0,9.0,0.8181818181818182
118275,디아이,3160,0,정상,0.0,계속사업자,1.0,,167246752988.0,False,71.18155504970657,139.4328061923152,,False,27212,False,False,738,디아이,3160,D,C,C,D,2025,,,,,1,2,2,1,0,25.84273612164372,제조업,6.0,2.0,0.3333333333333333
500254,GS,78930,1,유동비율<100%;,25.0,계속사업자,1.0,,6529104000000.0,False,5.197022439832479,56.51959876612906,,False,64992,False,False,1054,GS,78930,A,B+,A+,B+,2025,,,,,5,4,6,4,1,29.507290836938637,금융보험,7.0,4.0,0.5714285714285714
113359,교보증권,30610,1,부채비율≥200%;,25.0,계속사업자,1.0,,2120740186000.0,False,775.736112919586,,,False,66121,False,False,879,교보증권,30610,B+,A,A,B+,2025,통합 등급조정(2025.11.),,,지배구조 등급조정(2025.11.),4,5,5,4,1,28.38278628801539,금융보험,7.0,5.0,0.7142857142857143
347062,현대바이오랜드,52260,0,정상,0.0,계속사업자,1.0,,136519149757.0,False,21.38053606175741,318.764704548059,,False,204,False,False,50,현대바이오랜드,52260,A+,A+,A+,A,2025,,,,,6,6,6,5,0,25.6397307329916,제조업,6.0,3.0,0.5
177816,대주전자재료,78600,1,유동비율<100%;,25.0,계속사업자,1.0,,245019733722.0,False,154.298090187278,54.584191110964696,,False,2629,False,False,799,대주전자재료,78600,B+,B+,A,B,2025,,,,,4,4,5,3,1,26.22460459005158,제조업,7.0,3.0,0.4285714285714285
161976,한세예스24홀딩스,16450,1,유동비율<100%;,25.0,계속사업자,1.0,,414199022806.0,False,83.53271592315018,31.29117426950264,,False,1419,False,False,99,한세예스24홀딩스,16450,A,B+,A,A,2025,,,,,5,4,5,5,1,26.749612426672858,제조업,7.0,3.0,0.4285714285714285
435312,하이스틸,71090,0,정상,0.0,계속사업자,1.0,,144084951158.0,False,81.84122779462989,105.02302098106186,,False,2413,False,False,146,하이스틸,71090,D,C,C,D,2025,,,,,1,2,2,1,0,25.693668901174266,제조업,2.0,1.0,0.5
246417,이오테크닉스,39030,0,정상,0.0,계속사업자,1.0,,664505614029.0,False,12.691062627248112,589.9356735078504,,False,29271,False,False,355,이오테크닉스,39030,D,C,C,D,2025,,,,,1,2,2,1,0,27.22230916356515,제조업,4.0,1.0,0.25
555874,제주항공,89590,1,부채비율≥200%;유동비율<100%;,25.0,계속사업자,1.0,,254194851530.0,False,807.9196007581704,30.27861076720015,,False,511,False,False,310,제주항공,89590,A,A,A+,A,2025,,,,,5,5,6,5,1,26.26136694187746,기타,6.0,3.0,0.5
120021,LG,3550,0,정상,0.0,계속사업자,1.0,,9866118000000.0,False,5.287844722716676,466.5929567614268,,False,64992,False,False,990,LG,3550,A,B+,A+,B+,2025,,,,,5,4,6,4,0,29.920127578936157,금융보험,7.0,4.0,0.5714285714285714
432102,한국금융지주,71050,0,정상,0.0,계속사업자,1.0,,8640712000000.0,False,61.93687510936599,,,False,64992,False,False,141,한국금융지주,71050,B,B,B+,B,2025,,,,,3,3,4,3,0,29.787506102756616,금융보험,7.0,5.0,0.7142857142857143
231664,우리기술투자,41190,0,정상,0.0,계속사업자,1.0,,774380883825.0,False,-239.96895360228007,2916.363518287385,,False,6491,False,False,415,우리기술투자,41190,D,D,D,D,2025,,,,,1,1,1,1,0,27.37532968746076,금융보험,4.0,1.0,0.25
115065,동남합성,23450,0,정상,0.0,계속사업자,1.0,,54536610423.0,False,74.46797755306106,163.81896789791685,,False,201,False,False,772,동남합성,23450,D,D,C,D,2025,,,,,1,1,2,1,0,24.72213806397271,제조업,6.0,2.0,0.3333333333333333
369657,리노공업,58470,0,정상,0.0,계속사업자,1.0,,731218952370.0,False,8.302467100754368,972.0672655008862,,False,2629,False,False,710,리노공업,58470,D,D,D,C,2025,,,,,1,1,1,2,0,27.317978776293664,제조업,6.0,2.0,0.3333333333333333
170558,코웨이,21240,0,정상,0.0,계속사업자,1.0,,2183920297656.0,False,91.36802561415293,104.41968603514016,,False,969,False,False,230,코웨이,21240,A,A,A+,B+,2025,,,,,5,5,6,4,0,28.41214267939804,기타,9.0,6.0,0.6666666666666666
269940,하나투어,39130,1,부채비율≥200%;,25.0,계속사업자,1.0,,124312563243.0,False,274.02314328530395,111.52192120938112,,False,75210,True,False,150,하나투어,39130,B+,A,A,B+,2025,,,,,4,5,5,4,1,25.546064902302554,전문과학기술,12.0,4.0,0.3333333333333333
138260,SIMPAC,9160,1,유동비율<100%;,25.0,계속사업자,1.0,,572647906046.0,False,87.45680546132476,80.82434028949686,,False,24113,False,False,944,SIMPAC,9160,D,C,C,D,2025,,,,,1,2,2,1,1,27.07353689017994,제조업,4.0,1.0,0.25
164724,현대엘리베이터,17800,0,정상,0.0,계속사업자,1.0,,1287486290395.0,False,114.58905866161676,125.56038562048144,,False,29162,False,False,45,현대엘리베이터,17800,A+,A+,A+,A,2025,,,,,6,6,6,5,0,27.883712821190716,제조업,7.0,4.0,0.5714285714285714
148364,하림지주,3380,1,유동비율<100%;,25.0,계속사업자,1.0,,1463939000000.0,False,89.11600824897758,10.696207387806988,,False,64992,False,False,148,하림지주,3380,B+,A,A,B,2025,,,,,4,5,5,3,1,28.01215186393292,금융보험,7.0,4.0,0.5714285714285714
997812,코미코,183300,1,유동비율<100%;,25.0,계속사업자,1.0,,329366507408.0,False,76.96722975720591,87.51218787309666,,False,29271,False,False,243,코미코,183300,B,A,B+,C,2025,,,,,3,5,4,2,1,26.520436971949096,제조업,4.0,1.0,0.25
139764,에넥스,11090,1,부채비율≥200%;유동비율<100%;,25.0,계속사업자,1.0,,40717160732.0,False,212.4873646776752,66.10799106230273,,False,32021,False,False,478,에넥스,11090,D,C,D,D,2025,,,,,1,2,1,1,1,24.429915480136838,제조업,4.0,1.0,0.25
105606,금호에이치티,214330,0,정상,0.0,계속사업자,1.0,,252801889909.0,False,26.65140407939702,232.59151449457505,,False,303,False,False,865,금호에이치티,214330,D,C,C,D,2025,,,,,1,2,2,1,0,26.255871975097023,제조업,4.0,1.0,0.25
133618,세기상사,2420,1,유동비율<100%;,25.0,계속사업자,1.0,,24547378493.0,False,100.82381423766968,27.4058072148468,,False,477,False,False,575,세기상사,2420,C,D,D,B,2025,,,,,2,1,1,3,1,23.923870903122772,도소매,5.0,2.0,0.4
133812,세방,4360,0,정상,0.0,계속사업자,1.0,,648556276941.0,False,30.152572666841987,100.5248741517965,,False,49301,False,False,574,세방,4360,B,B+,B+,C,2025,,,,,3,4,4,2,0,27.198014617108893,기타,7.0,3.0,0.4285714285714285
666064,셀바스AI,108860,1,유동비율<100%;,25.0,계속사업자,1.0,,113840701330.0,False,18.346854649511847,84.58266004065631,,False,5822,False,False,562,셀바스AI,108860,D,D,D,D,2025,,,,,1,1,1,1,1,25.458065951373122,정보통신,7.0,2.0,0.2857142857142857
158112,한국수출포장공업,2200,0,정상,0.0,계속사업자,1.0,,275452188131.0,False,20.866870657663608,325.8837758053681,,False,1721,False,False,136,한국수출포장공업,2200,C,C,C,B,2025,,,,,2,2,2,3,0,26.34167990467457,제조업,4.0,1.0,0.25
1397620,루닛,328130,1,유동비율<100%;,25.0,계속사업자,1.0,,156731774386.0,False,130.3640800357397,16.16996877031305,,False,58222,False,False,712,루닛,328130,C,C,B+,D,2025,,,,,2,2,4,1,1,25.777801737839695,정보통신,6.0,2.0,0.3333333333333333
163196,한일철강,2220,1,유동비율<100%;,25.0,계속사업자,1.0,,156433918199.0,False,107.36618012171844,66.63564618335778,,False,2419,False,False,82,한일철강,2220,D,D,D,D,2025,,,,,1,1,1,1,1,25.775899509825148,제조업,4.0,1.0,0.25
109718,사조대림,3960,1,유동비율<100%;,25.0,계속사업자,1.0,,618661690063.0,False,81.16796177210588,86.87214331264283,,False,10211,False,False,644,사조대림,3960,A,A,A,B+,2025,,,,,5,5,5,4,1,27.15082441751289,제조업,8.0,3.0,0.375
423690,삼성출판사,68290,0,정상,0.0,계속사업자,1.0,,164043724555.0,False,18.73671283761593,463.1533200473119,,False,5811,False,False,625,삼성출판사,68290,C,D,C,B,2025,,,,,2,1,2,3,0,25.823398842375887,정보통신,7.0,3.0,0.4285714285714285
152039,SG글로벌,1380,0,정상,0.0,계속사업자,1.0,,144379071167.0,False,27.27907703772657,222.0540350507827,,False,303,False,False,948,SG글로벌,1380,D,C,D,D,2025,,,,,1,2,1,1,0,25.695708116384203,제조업,4.0,1.0,0.25
587466,KPX홀딩스,92230,0,정상,0.0,계속사업자,1.0,,604219003749.0,False,3.5040559397557742,1901.7426160377704,,False,201,False,False,999,KPX홀딩스,92230,C,C,B,D,2025,,,,,2,2,3,1,0,27.127202558150135,제조업,4.0,1.0,0.25
141413,영화금속,12280,0,정상,0.0,계속사업자,1.0,,81542810935.0,False,189.5314307599666,115.4081916435702,,False,303,False,False,431,영화금속,12280,C,C,C,C,2025,,,,,2,2,2,2,0,25.124394006824033,제조업,6.0,3.0,0.5
1128613,화승엔터프라이즈,241590,0,정상,0.0,계속사업자,1.0,,329007141382.0,False,10.151496358925924,309.9007835354907,,False,15219,False,False,24,화승엔터프라이즈,241590,B+,B,A,B+,2025,,,,,4,3,5,4,0,26.51934529380447,제조업,7.0,3.0,0.4285714285714285
796994,조선선재,120030,0,정상,0.0,계속사업자,1.0,,163891234834.0,False,5.9636539189540345,1813.1759540303392,,False,2599,False,False,304,조선선재,120030,D,D,D,C,2025,,,,,1,1,1,2,0,25.82246884252302,제조업,4.0,3.0,0.75
353878,다스코,58730,0,정상,0.0,계속사업자,1.0,,136631611092.0,False,130.9496303417855,106.1102703210424,,False,25112,False,False,829,다스코,58730,C,C,C,C,2025,,,,,2,2,2,2,0,25.640554170868946,제조업,3.0,3.0,1.0
819073,인크로스,216050,0,정상,0.0,계속사업자,1.0,,128526862047.0,False,126.37978356586774,169.7668321904397,,False,71310,True,False,346,인크로스,216050,B,D,B,B,2025,,,,,3,1,3,3,0,25.57940376260252,전문과학기술,6.0,3.0,0.5
122579,BYC,1460,0,정상,0.0,계속사업자,1.0,,558362461661.0,False,37.5390166084011,203.4803684433708,,False,14120,False,False,1083,BYC,1460,D,D,D,C,2025,,,,,1,1,1,2,0,27.04827416131576,제조업,9.0,3.0,0.3333333333333333
156354,지엠비코리아,13870,0,정상,0.0,계속사업자,1.0,,265067087368.0,False,113.3530104029328,103.24706949037714,,False,303,False,False,292,지엠비코리아,13870,D,C,C,D,2025,,,,,1,2,2,1,0,26.303248790772322,제조업,6.0,3.0,0.5
108612,DS단석,17860,1,유동비율<100%;,25.0,계속사업자,1.0,,278518736519.0,False,157.51788239426816,82.93449295678845,,False,204,False,False,1060,DS단석,17860,B+,B,B+,B+,2025,,,,,4,3,4,4,1,26.352751170600158,제조업,7.0,3.0,0.4285714285714285
138279,S-Oil,10950,1,유동비율<100%;,25.0,계속사업자,1.0,,8880216000000.0,False,198.6420150140492,70.43132434716321,,False,19210,False,False,954,S-Oil,10950,A,B+,A+,A,2025,,,,,5,4,6,5,1,29.81484699696112,제조업,11.0,6.0,0.5454545454545454
160418,한국무브넥스,10100,0,정상,0.0,계속사업자,1.0,,294086907643.0,False,,137.24641299342443,,False,303,False,False,138,한국무브넥스,10100,C,B,B,D,2025,,,,,2,3,3,1,0,26.407141164830662,제조업,4.0,1.0,0.25
145552,이수화학,5950,1,유동비율<100%;,25.0,계속사업자,1.0,,288764373000.0,False,127.78960547186338,70.21981920838553,,False,20111,False,False,361,이수화학,5950,C,B,B+,D,2025,,,,,2,3,4,1,1,26.388876874166975,제조업,5.0,2.0,0.4
116949,DN오토모티브,7340,1,유동비율<100%;,25.0,계속사업자,1.0,,1295607521000.0,False,48.50326945578144,61.13225727811986,,False,28202,False,False,1064,DN오토모티브,7340,C,B,B+,D,2025,,,,,2,3,4,1,1,27.890000829259154,제조업,5.0,2.0,0.4
176914,다우기술,23590,0,정상,0.0,계속사업자,1.0,,787879637889.0,False,68.64215771244399,113.57123662187604,,False,631,False,False,827,다우기술,23590,A,A+,A+,B+,2025,,,,,5,6,6,4,0,27.392611171342082,정보통신,5.0,3.0,0.6
160232,KSS해운,44450,1,부채비율≥200%;유동비율<100%;,25.0,계속사업자,1.0,,543616809979.0,False,255.6249254465993,21.67878528896394,,False,50112,False,False,997,KSS해운,44450,B+,B+,A,B,2025,,,,,4,4,5,3,1,27.021510442179792,기타,8.0,5.0,0.625
508344,SK디앤디,210980,0,정상,0.0,계속사업자,1.0,,578417644764.0,False,155.40117753059673,116.42217100190328,,False,68122,False,False,937,SK디앤디,210980,A,A+,A+,A,2025,,,,,5,6,6,5,0,27.083562013487487,기타,6.0,4.0,0.6666666666666666
111722,미래에셋증권,6800,1,부채비율≥200%;,25.0,계속사업자,1.0,,10413911000000.0,False,944.6368035985712,,,False,66121,False,False,677,미래에셋증권,6800,B,A,A,C,2025,통합 등급조정(2025.11.),,,지배구조 등급조정(2025.11.),3,5,5,2,1,29.974163624444913,금융보험,7.0,4.0,0.5714285714285714
128227,삼정펄프,9770,0,정상,0.0,계속사업자,1.0,,287044989719.0,False,12.26660665858309,1148.654562249119,,False,171,False,False,608,삼정펄프,9770,D,C,C,D,2025,,,,,1,2,2,1,0,26.382904799023475,제조업,3.0,1.0,0.3333333333333333
1080252,넥스틴,348210,0,정상,0.0,계속사업자,1.0,,167730725575.0,False,28.050347780175933,304.2811711194874,,False,29271,False,False,843,넥스틴,348210,B+,B+,A,B+,2025,,,,,4,4,5,4,0,25.84562570649479,제조업,5.0,2.0,0.4
158316,NICE,34310,1,유동비율<100%;,25.0,계속사업자,1.0,,243416141211.0,False,84.92681230280634,18.457109792255867,,False,715,True,False,963,NICE,34310,B+,B,A,B+,2025,,,,,4,3,5,4,1,26.218038330876244,전문과학기술,8.0,3.0,0.375
583424,아모레퍼시픽,90430,0,정상,0.0,계속사업자,1.0,,5057271330084.0,False,11.23081716783359,278.63123100614393,,False,20423,False,False,507,아모레퍼시픽,90430,A,A,A+,A,2025,,,,,5,5,6,5,0,29.25184819094418,제조업,10.0,6.0,0.6
113997,롯데에너지머티리얼즈,20150,0,정상,0.0,계속사업자,1.0,,848011290503.0,False,23.262663823495654,154.4402173547989,,False,2629,False,False,722,롯데에너지머티리얼즈,20150,B+,B+,B+,B,2025,,,,,4,4,4,3,0,27.466159786922084,제조업,5.0,2.0,0.4
173032,동화기업,25900,1,유동비율<100%;,25.0,계속사업자,1.0,,871205775662.0,False,102.29323483947508,26.100518264590256,,False,16212,False,False,750,동화기업,25900,C,B,B+,D,2025,,,,,2,3,4,1,1,27.493144038090936,제조업,3.0,1.0,0.3333333333333333
480455,STX엔진,77970,1,부채비율≥200%;유동비율<100%;,25.0,계속사업자,1.0,,318022258463.0,False,253.9797581639942,94.52937223437551,,False,29111,False,False,917,STX엔진,77970,C,C,B,D,2025,,,,,2,2,3,1,1,26.485387212443708,제조업,4.0,2.0,0.5
228350,신화인터텍,56700,1,유동비율<100%;,25.0,계속사업자,1.0,,91736017402.0,False,73.62577534516718,86.85052250760542,,False,2229,False,False,522,신화인터텍,56700,C,C,C,B,2025,,,,,2,2,2,3,1,25.242180913378917,제조업,3.0,1.0,0.3333333333333333
106313,금호건설,2990,1,부채비율≥200%;유동비율<100%;,25.0,계속사업자,1.0,,248576864500.0,False,499.4316100447072,89.03808847193088,,False,41112,False,False,867,금호건설,2990,C,B,C,C,2025,,,사회 등급조정(2026.01.),,2,3,2,2,1,26.239017948538716,건설업,5.0,3.0,0.6
828789,대성산업,128820,1,유동비율<100%;,25.0,계속사업자,1.0,,561706839372.0,False,75.41250756526136,61.13528668872996,,False,477,False,False,813,대성산업,128820,C,C,B,D,2025,,,,,2,2,3,1,1,27.05424591261149,도소매,10.0,3.0,0.3
125576,체시스,33250,1,유동비율<100%;,25.0,계속사업자,1.0,,43132749633.0,False,69.06316746430919,71.81808537564093,,False,303,False,False,277,체시스,33250,D,C,D,D,2025,,,,,1,2,1,1,1,24.487548397788313,제조업,6.0,2.0,0.3333333333333333
855163,미원화학,134380,0,정상,0.0,계속사업자,1.0,,173551942637.0,False,12.781159954167505,1252.8059420125612,,False,20421,False,False,671,미원화학,134380,C,C,C,B,2025,,,,,2,2,2,3,0,25.879742772720803,제조업,7.0,3.0,0.4285714285714285
127255,삼영,3720,0,정상,0.0,계속사업자,1.0,,85662377205.0,False,75.72598251010677,155.27153043518325,,False,2221,False,False,616,삼영,3720,D,C,D,D,2025,,,,,1,2,1,1,0,25.173679560382936,제조업,5.0,2.0,0.4
114552,도화엔지니어링,2150,0,정상,0.0,계속사업자,1.0,,272135534236.0,False,128.7371445414329,104.01654494472152,,False,72121,True,False,777,도화엔지니어링,2150,C,C,C,C,2025,,,,,2,2,2,2,0,26.329566066770703,전문과학기술,10.0,3.0,0.3
116301,NI스틸,8260,0,정상,0.0,계속사업자,1.0,,254522399415.0,False,,,,False,2419,False,False,961,NI스틸,8260,D,D,C,C,2025,,,,,1,1,2,2,0,26.262654682482502,제조업,4.0,1.0,0.25
121570,문배철강,8420,0,정상,0.0,계속사업자,1.0,,185995113545.0,False,,137.04757709018983,,False,2419,False,False,683,문배철강,8420,D,D,C,D,2025,,,,,1,1,2,1,0,25.948986239051077,제조업,4.0,1.0,0.25
142865,WISCOM,24070,0,정상,0.0,계속사업자,1.0,,87650301421.0,False,14.042478949252168,477.36426987688674,,False,22299,False,False,911,WISCOM,24070,C,C,D,B,2025,,,,,2,2,1,3,0,25.196620887223887,제조업,6.0,3.0,0.5
490151,파트론,91700,0,정상,0.0,계속사업자,1.0,,511162910622.0,False,38.81508497135877,196.0995345988721,,False,2629,False,False,187,파트론,91700,D,C,D,D,2025,,,,,1,2,1,1,0,26.95995418382126,제조업,4.0,1.0,0.25
1350869,우리금융지주,316140,0,정상,0.0,계속사업자,1.0,,23949944000000.0,False,14.381778930255535,,,False,64992,False,False,417,우리금융지주,316140,A,A+,A,B+,2025,,,사회 등급조정(2026.04.),,5,6,5,4,0,30.806987101578144,금융보험,8.0,7.0,0.875
180795,인팩,23810,1,유동비율<100%;,25.0,계속사업자,1.0,,116049899400.0,False,118.19228795988082,81.99062969261418,,False,303,False,False,341,인팩,23810,C,C,C,C,2025,,,,,2,2,2,2,1,25.47728610279875,제조업,6.0,3.0,0.5
646732,진양홀딩스,100250,0,정상,0.0,계속사업자,1.0,,252597265693.0,False,11.086960348587846,319.981559668631,,False,222,False,False,287,진양홀딩스,100250,D,D,D,D,2025,,,,,1,1,1,1,0,26.255062222152592,제조업,4.0,1.0,0.25
564562,엠씨넥스,97520,0,정상,0.0,계속사업자,1.0,,330418548290.0,False,42.431128390210624,183.2204160273115,,False,26519,False,False,438,엠씨넥스,97520,B+,B,A,B+,2025,,,,,4,3,5,4,0,26.52362601590976,제조업,5.0,3.0,0.6
353762,키이스트,54780,0,정상,0.0,계속사업자,1.0,,39190602937.0,False,48.899268816574576,163.19369896682875,,False,59130,False,False,216,키이스트,54780,D,D,D,D,2025,,,,,1,1,1,1,0,24.39170283401026,정보통신,3.0,1.0,0.3333333333333333
102113,경인양행,12610,0,정상,0.0,계속사업자,1.0,,206015376173.0,False,71.63407751228871,113.11293924988048,,False,20132,False,False,894,경인양행,12610,B,B+,B+,C,2025,,,,,3,4,4,2,0,26.05121664456695,제조업,8.0,2.0,0.25
145598,이연제약,102460,1,유동비율<100%;,25.0,계속사업자,1.0,,223313084815.0,False,109.254259835746,53.15940966382728,,False,212,False,False,356,이연제약,102460,C,D,D,B,2025,,,,,2,1,1,3,1,26.13184059154553,제조업,6.0,3.0,0.5
409672,티비에이치글로벌,84870,0,정상,0.0,계속사업자,1.0,,60490083749.0,False,66.2695007835275,210.5983676470216,,False,141,False,False,200,티비에이치글로벌,84870,D,D,C,C,2025,,,,,1,1,2,2,0,24.82574528357411,제조업,3.0,1.0,0.3333333333333333
138057,써니전자,4770,0,정상,0.0,계속사업자,1.0,,84787361947.0,False,1.4506413771534017,8197.263900988206,,False,262,False,False,517,써니전자,4770,D,C,D,D,2025,,,,,1,2,1,1,0,25.163412334993783,제조업,3.0,1.0,0.3333333333333333
468374,원익QnC,74600,1,유동비율<100%;,25.0,계속사업자,1.0,,436148813169.0,False,59.94567115070695,51.943051117602735,,False,2312,False,False,400,원익QnC,74600,C,B+,A,D,2025,,,,,2,4,5,1,1,26.801249336668665,제조업,4.0,1.0,0.25
159971,KC그린홀딩스,9440,1,유동비율<100%;,25.0,계속사업자,1.0,,78867709066.0,False,44.1585662667789,38.60308279662004,,False,64992,False,False,1011,KC그린홀딩스,9440,D,C,C,D,2025,,,,,1,2,2,1,1,25.091037716971083,금융보험,3.0,1.0,0.3333333333333333
367710,동인기연,111380,0,정상,0.0,계속사업자,1.0,,160210431488.0,False,75.49726250194868,161.72935046022815,,False,151,False,False,755,동인기연,111380,C,D,D,B,2025,,,,,2,1,1,3,0,25.7997539848665,제조업,4.0,2.0,0.5
692254,아이패밀리에스씨,114840,0,정상,0.0,계속사업자,1.0,,108900512601.0,False,34.78304932758615,306.7259090686288,,False,204,False,False,487,아이패밀리에스씨,114840,C,D,D,B,2025,,,,,2,1,1,3,0,25.413700573954138,제조업,5.0,2.0,0.4
126201,삼성공조,6660,0,정상,0.0,계속사업자,1.0,,254439119683.0,False,9.234051337809982,902.4809136572665,,False,30399,False,False,635,삼성공조,6660,D,D,C,C,2025,,,,,1,1,2,2,0,26.26232742892946,제조업,4.0,1.0,0.25
266961,NAVER,35420,0,정상,0.0,계속사업자,1.0,,15729782986276.0,False,29.31646031178809,126.59852849602972,,False,63120,False,False,969,NAVER,35420,A,A,A+,A,2025,,,,,5,5,6,5,0,30.38657703673548,정보통신,7.0,4.0,0.5714285714285714
122694,범양건영,2410,2,완전자본잠식(자본총계<0),60.0,계속사업자,1.0,,-85523162262.0,True,-140.8770002691227,14.196186488512003,,False,411,False,False,665,범양건영,2410,D,D,D,D,2025,,,,,1,1,1,1,1,0.0,건설업,4.0,2.0,0.5
858364,BNK금융지주,138930,0,정상,0.0,계속사업자,1.0,,5257339255199.0,False,38.23725487045648,,,False,64992,False,False,1086,BNK금융지주,138930,A,A+,A+,A,2025,,,,,5,6,6,5,0,29.29064616967621,금융보험,8.0,7.0,0.875
161693,한샘,9240,0,정상,0.0,계속사업자,1.0,,388338654493.0,False,121.47910262497535,132.2702951333533,,False,46431,True,False,104,한샘,9240,B+,A,A+,B,2025,,,,,4,5,6,3,0,26.685143616741303,도소매,7.0,2.0,0.2857142857142857
124780,사조씨푸드,14710,1,유동비율<100%;,25.0,계속사업자,1.0,,207799931562.0,False,67.1545549120473,70.84906530569664,,False,102,False,False,641,사조씨푸드,14710,B,B,B+,B,2025,,,,,3,3,4,3,1,26.05984158626596,제조업,7.0,3.0,0.4285714285714285
139214,삼성화재해상보험,810,1,부채비율≥200%;,25.0,계속사업자,1.0,,20627777238043.0,False,354.77049415758023,,,False,65121,False,False,623,삼성화재해상보험,810,A,A,A+,A,2025,,,,,5,5,6,5,1,30.657659693049983,금융보험,6.0,4.0,0.6666666666666666
166500,화천기계,10660,0,정상,0.0,계속사업자,1.0,,141822810498.0,False,23.37705343913456,194.12487614933943,,False,29223,False,False,18,화천기계,10660,D,D,D,D,2025,,,,,1,1,1,1,0,25.677844301985935,제조업,6.0,2.0,0.3333333333333333
1135941,원익IPS,240810,0,정상,0.0,계속사업자,1.0,,966016425991.0,False,20.3055345982106,365.9794692310892,,False,292,False,False,401,원익IPS,240810,B,B+,A,C,2025,,,,,3,4,5,2,0,27.59644667514583,제조업,6.0,3.0,0.5
165103,푸드웰,5670,1,유동비율<100%;,25.0,계속사업자,1.0,,77413576985.0,False,64.02605118169893,82.08330945301898,,False,1030,False,False,171,푸드웰,5670,D,C,C,D,2025,,,,,1,2,2,1,1,25.072428015401883,제조업,8.0,3.0,0.375
535676,테크윙,89030,0,정상,0.0,계속사업자,1.0,,214182639453.0,False,194.04233699351715,171.0035674859859,,False,29271,False,False,205,테크윙,89030,D,C,C,D,2025,,,,,1,2,2,1,0,26.090094943370147,제조업,3.0,1.0,0.3333333333333333
878696,에스케이바이오팜,326030,0,정상,0.0,계속사업자,1.0,,799168921654.0,False,19.55781832738361,512.8001870763657,,False,7011,False,False,468,에스케이바이오팜,326030,A,A,A,A,2025,,,,,5,5,5,5,0,27.406838176705325,전문과학기술,7.0,4.0,0.5714285714285714
181943,에스제이엠홀딩스,25530,1,유동비율<100%;,25.0,계속사업자,1.0,,173256919555.0,False,8.54514889507785,70.32375332632694,20.67450985074321,False,452,False,False,469,에스제이엠홀딩스,25530,C,C,C,C,2025,,,,,2,2,2,2,1,25.878041413930255,도소매,3.0,1.0,0.3333333333333333
595191,후성,93370,1,유동비율<100%;,25.0,계속사업자,1.0,,287311270855.0,False,104.85408527221978,68.31831103679787,,False,20129,False,False,9,후성,93370,B+,B+,A,B,2025,,,,,4,4,5,3,1,26.3838320324267,제조업,3.0,1.0,0.3333333333333333
136271,신성이엔지,11930,1,유동비율<100%;,25.0,계속사업자,1.0,,190711675037.0,False,158.13590951287577,76.86210593973688,,False,2612,False,False,541,신성이엔지,11930,C,C,B,B,2025,,,,,2,2,3,3,1,25.974028569687185,제조업,7.0,3.0,0.4285714285714285
149239,조일알미늄,18470,0,정상,0.0,계속사업자,1.0,,209575969367.0,False,96.16275073602677,141.70904752398113,,False,24222,False,False,303,조일알미늄,18470,C,C,C,C,2025,,,,,2,2,2,2,0,26.068352132853885,제조업,7.0,3.0,0.4285714285714285
612294,피엔티,137400,0,정상,0.0,계속사업자,1.0,,671526430625.0,False,118.76194715087205,134.7739193498881,,False,292,False,False,160,피엔티,137400,D,D,C,D,2025,,,,,1,1,2,1,0,27.23281921270844,제조업,5.0,3.0,0.6
264547,KG이니시스,35600,1,유동비율<100%;,25.0,계속사업자,1.0,,398504123379.0,False,141.66830448679627,65.4082506561014,,False,58221,False,False,1005,KG이니시스,35600,C,C,B+,D,2025,,,,,2,2,4,1,1,26.710983682372834,정보통신,4.0,1.0,0.25
104768,가온전선,500,0,정상,0.0,계속사업자,1.0,,726763054000.0,False,73.0231429733631,,,False,28302,False,False,907,가온전선,500,B+,A,A+,B,2025,,,,,4,5,6,3,0,27.31186633838438,제조업,6.0,3.0,0.5
167208,흥아해운,3280,0,정상,0.0,계속사업자,1.0,,229966617701.0,False,77.66236382630564,239.12314025872328,,False,50112,False,False,1,흥아해운,3280,C,B,B+,C,2025,,,,,2,3,4,2,0,26.16119999490528,기타,5.0,2.0,0.4
1528141,LS머트리얼즈,417200,0,정상,0.0,계속사업자,1.0,,225041354699.0,False,3.236159412895838,954.178393139529,,False,26291,False,False,977,LS머트리얼즈,417200,B,C,B,B+,2025,,,,,3,2,3,4,0,26.139550020924148,제조업,6.0,3.0,0.5
150165,브이티,18290,0,정상,0.0,계속사업자,1.0,,246247536105.0,False,23.69653891648225,287.5203500887507,,False,204,False,False,653,브이티,18290,D,D,D,D,2025,,,,,1,1,1,1,0,26.229603111283577,제조업,6.0,2.0,0.3333333333333333
545716,롯데렌탈,89860,1,부채비율≥200%;유동비율<100%;,25.0,계속사업자,1.0,,1309435551916.0,False,410.39392921277056,19.08971632659146,,False,76110,False,False,725,롯데렌탈,89860,A,A+,A,A,2025,,,,,5,6,5,5,1,27.900617283887698,기타,7.0,4.0,0.5714285714285714
767460,PI첨단소재,178920,0,정상,0.0,계속사업자,1.0,,355154473586.0,False,30.86111971850453,249.15744218816448,,False,2221,False,False,958,PI첨단소재,178920,B+,B+,B+,B,2025,,,,,4,4,4,3,0,26.595818668639208,제조업,7.0,3.0,0.4285714285714285
599595,BGF에코머티리얼즈,126600,0,정상,0.0,계속사업자,1.0,,387048289681.0,False,27.90718926520097,172.93601960121146,,False,20202,False,False,1087,BGF에코머티리얼즈,126600,B,B,B,B,2025,,,,,3,3,3,3,0,26.68181530172934,제조업,4.0,1.0,0.25
152729,광전자,17900,0,정상,0.0,계속사업자,1.0,,240500387031.0,False,7.188740210955041,899.6249986562967,,False,2612,False,False,883,광전자,17900,D,C,D,D,2025,,,,,1,2,1,1,0,26.205987535767438,제조업,3.0,1.0,0.3333333333333333
765569,기가비스,420770,0,정상,0.0,계속사업자,1.0,,210901030460.0,False,13.397441847662748,2260.4228455737,,False,292,False,False,862,기가비스,420770,C,C,D,B,2025,,,,,2,2,1,3,0,26.074654810431532,제조업,7.0,2.0,0.2857142857142857
360595,현대글로비스,86280,0,정상,0.0,계속사업자,1.0,,8653413512153.0,False,75.90254490366794,186.29707352428017,,False,5299,False,False,55,현대글로비스,86280,A,A,A+,A,2025,,,,,5,5,6,5,0,29.788974984710528,기타,9.0,5.0,0.5555555555555556
208444,피에스케이홀딩스,31980,0,정상,0.0,계속사업자,1.0,,321708982831.0,False,14.447542235529168,573.9614766900619,,False,29271,False,False,161,피에스케이홀딩스,31980,B,B+,B+,C,2025,,,,,3,4,4,2,0,26.49691319380746,제조업,5.0,2.0,0.4
161860,한성기업,3680,0,정상,0.0,계속사업자,1.0,,67328358710.0,False,,102.24200065208676,,False,10211,False,False,102,한성기업,3680,B,B+,A,C,2025,,,,,3,4,5,2,0,24.93284736240565,제조업,4.0,1.0,0.25
428251,현대백화점,69960,1,유동비율<100%;,25.0,계속사업자,1.0,,4537009761000.0,False,71.84162117124437,62.58145836377999,,False,47111,False,False,49,현대백화점,69960,A+,A+,A+,A,2025,,,,,6,6,6,5,1,29.143289268029704,도소매,9.0,5.0,0.5555555555555556
135962,신라교역,4970,0,정상,0.0,계속사업자,1.0,,602417899049.0,False,14.445446709564274,297.7330056638753,,False,3111,False,False,543,신라교역,4970,D,D,D,C,2025,,,,,1,1,1,2,0,27.12421722588742,제조업,4.0,1.0,0.25
447609,비에이치,90460,0,정상,0.0,계속사업자,1.0,,450070502722.0,False,45.43812633957885,256.59908668385407,,False,2622,False,False,648,비에이치,90460,B,B+,A+,D,2025,,,,,3,4,6,1,0,26.832670080154443,제조업,4.0,3.0,0.75
106119,금양,1570,1,유동비율<100%;,25.0,계속사업자,1.0,,434864935349.0,False,171.65989609139373,4.54211919201402,,False,201,False,False,868,금양,1570,D,C,D,D,2025,,,,,1,2,1,1,1,26.798301326371448,제조업,9.0,3.0,0.3333333333333333
108940,대성홀딩스,16710,0,정상,0.0,계속사업자,1.0,,329258338908.0,False,36.14443303385944,184.4471910901065,,False,715,True,False,811,대성홀딩스,16710,C,B+,B+,D,2025,,,,,2,4,4,1,0,26.520108504228578,전문과학기술,7.0,3.0,0.4285714285714285
140964,영원무역홀딩스,9970,0,정상,0.0,계속사업자,1.0,,729752298408.0,False,4.264827157776145,4065.154388026917,,False,64992,False,False,434,영원무역홀딩스,9970,C,B+,B+,C,2025,통합 등급조정(2026.04.),,,지배구조 등급조정(2026.04.),2,4,4,2,0,27.315970996258407,금융보험,5.0,2.0,0.4
1199550,HD현대에너지솔루션,322000,0,정상,0.0,계속사업자,1.0,,410236293325.0,False,26.47966951157612,409.6284352260725,,False,2612,False,False,1042,HD현대에너지솔루션,322000,A,A,A,A,2025,,,,,5,5,5,5,0,26.739999155816115,제조업,5.0,3.0,0.6
1721809,현대그린푸드,453340,0,정상,0.0,계속사업자,1.0,,722726701000.0,False,39.91145554756528,182.25243334192484,,False,471,False,False,56,현대그린푸드,453340,A,A,A+,A,2025,,,,,5,5,6,5,0,27.306296980726923,도소매,7.0,3.0,0.4285714285714285
106669,세아베스틸지주,1430,1,유동비율<100%;,25.0,계속사업자,1.0,,1630843533047.0,False,12.320058671883,31.624487562973435,,False,2411,False,False,572,세아베스틸지주,1430,A,A,A,A,2025,,,,,5,5,5,5,1,28.12011850182453,제조업,7.0,4.0,0.5714285714285714
156895,아주IB투자,27360,0,정상,0.0,계속사업자,1.0,,229368080199.0,False,19.90549201239688,,,False,649,False,False,486,아주IB투자,27360,B,C,A,B,2025,,,,,3,2,5,3,0,26.158593887230424,금융보험,8.0,3.0,0.375
1323032,케이카,381970,0,정상,0.0,계속사업자,1.0,,223938501452.0,False,138.7129034980089,141.85819847061262,,False,45120,False,False,252,케이카,381970,B,C,B,B,2025,,,,,3,2,3,3,0,26.134637304017215,도소매,6.0,3.0,0.5
173078,명신산업,9900,0,정상,0.0,계속사업자,1.0,,203184505328.0,False,31.55409246512305,214.6949956188845,,False,303,False,False,693,명신산업,9900,D,C,C,D,2025,,,,,1,2,2,1,0,26.03738029643622,제조업,4.0,1.0,0.25
573579,평화산업,90080,1,유동비율<100%;,25.0,계속사업자,1.0,,61709948104.0,False,,94.2924536355111,,False,303,False,False,178,평화산업,90080,B,B+,A+,C,2025,,,,,3,4,6,2,1,24.845710988313225,제조업,8.0,3.0,0.375
861076,케이탑리츠,145270,1,유동비율<100%;,25.0,계속사업자,1.0,,104657649374.0,False,104.74199250669672,35.330510539652224,,False,68112,False,False,251,케이탑리츠,145270,D,D,D,D,2025,,,,,1,1,1,1,1,25.37396037799751,기타,5.0,3.0,0.6
776820,영원무역,111770,0,정상,0.0,계속사업자,1.0,,2133141741447.0,False,21.005863790375464,248.20716478135955,,False,46800,True,False,435,영원무역,111770,B,B+,B+,C,2025,,,,,3,4,4,2,0,28.388617004896304,도소매,7.0,4.0,0.5714285714285714
550994,아이센스,99190,0,정상,0.0,계속사업자,1.0,,324238816366.0,False,65.08534539516319,138.37750708797364,,False,27112,False,False,495,아이센스,99190,B+,B,B+,A,2025,,,,,4,3,4,5,0,26.504746168772506,제조업,5.0,2.0,0.4
1566248,에코프로에이치엔,383310,0,정상,0.0,계속사업자,1.0,,304679175283.0,False,49.71527024231498,291.68213671358376,,False,204,False,False,450,에코프로에이치엔,383310,B+,B+,A,B+,2025,,,,,4,4,5,4,0,26.442525175617217,제조업,5.0,3.0,0.6
140779,영보화학,14440,0,정상,0.0,계속사업자,1.0,,179428562212.0,False,8.803152149955544,505.84093725901374,,False,2225,False,False,436,영보화학,14440,D,C,C,D,2025,,,,,1,2,2,1,0,25.913042983552998,제조업,5.0,2.0,0.4
134565,이스타코,15020,1,유동비율<100%;,25.0,계속사업자,1.0,,37535588189.0,False,136.8045175699378,47.96699174571243,,False,68121,False,False,360,이스타코,15020,D,D,D,C,2025,,,,,1,1,1,2,1,24.348555338262877,기타,2.0,1.0,0.5
136624,신영와코루,5800,0,정상,0.0,계속사업자,1.0,,345565756248.0,False,10.267549279546229,630.8126782938102,,False,14120,False,False,534,신영와코루,5800,D,D,D,D,2025,,,,,1,1,1,1,0,26.56844878403652,제조업,8.0,3.0,0.375
248974,하나제약,293480,0,정상,0.0,계속사업자,1.0,,313408799150.0,False,33.417040187462774,183.6323792535869,,False,212,False,False,154,하나제약,293480,C,D,C,C,2025,,,,,2,1,2,2,0,26.470774242894105,제조업,6.0,2.0,0.3333333333333333
127954,CJ프레시웨이,51500,1,부채비율≥200%;유동비율<100%;,25.0,계속사업자,1.0,,435691508680.0,False,251.5295034347099,77.2067616620843,,False,4632,True,False,1075,CJ프레시웨이,51500,A,A,A+,B+,2025,,,,,5,5,6,4,1,26.800200280965505,도소매,5.0,3.0,0.6
161116,HL D&I,14790,1,부채비율≥200%;,25.0,계속사업자,1.0,,543484442792.0,False,209.2273711211257,115.98899649058738,,False,41221,False,False,1036,HL D&I,14790,A+,A+,A+,A,2025,,,,,6,6,6,5,1,27.021266918980242,건설업,7.0,4.0,0.5714285714285714
114765,케이비아이동국실업,1620,1,유동비율<100%;,25.0,계속사업자,1.0,,232694142705.0,False,124.82137912995216,71.28333933467025,,False,303,False,False,262,케이비아이동국실업,1620,D,C,C,D,2025,,,,,1,2,2,1,1,26.17299073592368,제조업,3.0,1.0,0.3333333333333333
625942,한솔아이원스,114810,0,정상,0.0,계속사업자,1.0,,210233699513.0,False,21.058814584700944,283.7092008551379,,False,2927,False,False,97,한솔아이원스,114810,A,B+,A,A,2025,,,,,5,4,5,5,0,26.07148560372378,제조업,8.0,3.0,0.375
132992,성우하이텍,15750,0,정상,0.0,계속사업자,1.0,,1483683854654.0,False,65.72866390619457,162.23469595560124,,False,303,False,False,578,성우하이텍,15750,C,B+,A,D,2025,,,,,2,4,5,1,0,28.025549202030916,제조업,7.0,4.0,0.5714285714285714
153339,태경산업,15890,1,유동비율<100%;,25.0,계속사업자,1.0,,162406831052.0,False,36.81802591533519,96.53110862185792,,False,20129,False,False,214,태경산업,15890,C,C,B+,D,2025,,,,,2,2,4,1,1,25.81337032691744,제조업,4.0,1.0,0.25
117027,알루코,1780,0,정상,0.0,계속사업자,1.0,,255888079619.0,False,68.29733318340301,139.2297139027353,,False,24222,False,False,482,알루코,1780,C,C,B,C,2025,,,,,2,2,3,2,0,26.268005996842724,제조업,6.0,3.0,0.5
110875,대신정보통신,20180,1,부채비율≥200%;,25.0,,,,38942736867.0,False,248.21622700049969,234.5713209411476,,False,62021,False,False,810,대신정보통신,20180,D,D,C,D,2025,,,,,1,1,2,1,1,24.385358118627117,정보통신,3.0,1.0,0.3333333333333333
1765265,동국제강,460860,1,유동비율<100%;,25.0,,,,1884321017339.0,False,119.403933402353,83.2040925273225,,False,241,False,False,775,동국제강,460860,A,B+,A+,B+,2025,,,,,5,4,6,4,1,28.264588668936653,제조업,6.0,4.0,0.6666666666666666
150828,진흥기업,2780,0,정상,0.0,,,,240935698511.0,False,133.72489353680822,204.34095528387064,,False,41221,False,False,283,진흥기업,2780,D,D,C,C,2025,,,,,1,1,2,2,0,26.20779592367896,건설업,4.0,1.0,0.25
164779,SK하이닉스,660,0,정상,0.0,,,,117318562000000.0,False,43.97033693611076,134.05186604142054,,False,2612,False,False,928,SK하이닉스,660,A,A,A+,B+,2025,,,,,5,5,6,4,0,32.395914102888014,제조업,9.0,5.0,0.5555555555555556
260930,에스엠,41510,0,정상,0.0,,,,644851804590.0,False,55.20132824057543,143.9488829595351,,False,59201,False,False,473,에스엠,41510,B+,B+,A,B+,2025,,,,,4,4,5,4,0,27.192286367017655,정보통신,11.0,6.0,0.5454545454545454
171636,한솔홀딩스,4150,0,정상,0.0,,,,461368726607.0,False,3.3696822722106288,486.5332291411824,,False,64992,False,False,91,한솔홀딩스,4150,A,A,A,A,2025,,,,,5,5,5,5,0,26.857463401036966,금융보험,7.0,3.0,0.4285714285714285
181712,SK,34730,1,유동비율<100%;,25.0,,,,15570867000000.0,False,69.54093179268695,65.60000525094846,,False,64992,False,False,942,SK,34730,A,A,A+,A,2025,,,,,5,5,6,5,1,30.376422784231867,금융보험,8.0,5.0,0.625
632304,JW홀딩스,96760,1,유동비율<100%;,25.0,,,,195108901436.0,False,75.78022842873693,29.42506950523837,,False,64992,False,False,1017,JW홀딩스,96760,B+,B+,A,B+,2025,,,,,4,4,5,4,1,25.996823708527,금융보험,7.0,3.0,0.4285714285714285
414850,효성 ITX,94280,0,정상,0.0,,,,75020126030.0,False,160.24969683058796,102.8934235946814,,False,759,True,False,13,효성 ITX,94280,A,A,A+,A,2025,,,,,5,5,6,5,0,25.041022261550754,전문과학기술,5.0,2.0,0.4
825223,화신정공,126640,0,정상,0.0,,,,118510671446.0,False,66.99622190494293,132.7495643796288,,False,303,False,False,20,화신정공,126640,B,C,B+,B,2025,,,,,3,2,4,3,0,25.498268847863567,제조업,4.0,3.0,0.75
148984,시알홀딩스,480,1,유동비율<100%;,25.0,,,,510797940000.0,False,27.0278024222259,22.54885846570857,,False,2321,False,False,546,시알홀딩스,480,C,B+,A,D,2025,,,,,2,4,5,1,1,26.95923992820708,제조업,5.0,3.0,0.6
652423,인바이오젠,101140,0,정상,0.0,,,,157643520598.0,False,1.4906278323942814,285.84972566375177,,False,46510,True,False,351,인바이오젠,101140,D,D,D,D,2025,,,,,1,1,1,1,0,25.783602122175317,도소매,5.0,3.0,0.6
127167,삼영무역,2810,0,정상,0.0,,,,430933675406.0,False,7.376990619507612,1294.5433334480824,,False,46739,True,False,615,삼영무역,2810,C,D,D,B,2025,,,,,2,1,1,3,0,26.789220029839683,도소매,5.0,3.0,0.6
857480,사람인,143240,0,정상,0.0,,,,254145124840.0,False,20.82946704695876,594.4636101726526,,False,63120,False,False,645,사람인,143240,C,D,C,C,2025,,,,,2,1,2,2,0,26.261171298440114,정보통신,3.0,1.0,0.3333333333333333
101664,경보제약,214390,0,정상,0.0,,,,145737670605.0,False,119.25548485748696,108.07384183168791,,False,211,False,False,895,경보제약,214390,B+,A,A,B,2025,통합 등급조정(2025.11.),,,지배구조 등급조정(2025.11.),4,5,5,3,0,25.705074065837266,제조업,4.0,1.0,0.25
983040,한진칼,180640,0,정상,0.0,,,,2752627491000.0,False,15.786121275790164,241.36714664032647,,False,64992,False,False,74,한진칼,180640,A,A,A,A,2025,,,,,5,5,5,5,0,28.64357702272672,금융보험,11.0,8.0,0.7272727272727273
209780,케이씨,29460,0,정상,0.0,,,,636233907934.0,False,8.070804225248354,1121.9775456902437,,False,27216,False,False,259,케이씨,29460,C,C,B+,C,2025,,,,,2,2,4,2,0,27.17883211244257,제조업,8.0,2.0,0.25
1181515,엘앤씨바이오,290650,1,유동비율<100%;,25.0,,,,113322622788.0,False,194.17261033010675,60.80051859662324,,False,212,False,False,442,엘앤씨바이오,290650,C,D,C,B+,2025,,,,,2,1,2,4,1,25.453504656610882,제조업,5.0,3.0,0.6
265324,CJ ENM,35760,1,유동비율<100%;,25.0,,,,2417312357211.0,False,118.71336638471976,45.63649431456792,,False,602,False,False,1080,CJ ENM,35760,B+,B+,A+,B,2025,,,,,4,4,6,3,1,28.513677442734394,정보통신,7.0,4.0,0.5714285714285714
136226,신성델타테크,65350,1,유동비율<100%;,25.0,,,,258232157941.0,False,43.31039421726597,51.2845385065683,,False,28519,False,False,542,신성델타테크,65350,D,D,D,C,2025,,,,,1,1,1,2,1,26.277124854238057,제조업,7.0,2.0,0.2857142857142857
111689,아진전자부품,9320,1,부채비율≥200%;유동비율<100%;,25.0,,,,34102776223.0,False,223.42025187267112,70.31850499160642,,False,303,False,False,484,아진전자부품,9320,C,B,B+,D,2025,,,,,2,3,4,1,1,24.252644632086152,제조업,4.0,2.0,0.5
797364,KC코트렐,119650,1,부채비율≥200%;,25.0,,,,50808215705.0,False,279.69046737064514,170.8122860769088,,False,291,False,False,1010,KC코트렐,119650,D,C,C,D,2025,,,,,1,2,2,1,1,24.65132390493091,제조업,3.0,1.0,0.3333333333333333
129235,삼화왕관,4450,0,정상,0.0,,,,117666567063.0,False,62.44593022728289,223.24511305491865,,False,25991,False,False,602,삼화왕관,4450,D,C,D,D,2025,,,,,1,2,1,1,0,25.491120758721156,제조업,3.0,1.0,0.3333333333333333
1204056,하이브,352820,0,정상,0.0,,,,2323789218000.0,False,40.4658148275019,331.6637189434192,,False,592,False,False,147,하이브,352820,B+,B+,A,B+,2025,,,,,4,4,5,4,0,28.47422025287031,정보통신,9.0,5.0,0.5555555555555556
226316,호전실업,111110,0,정상,0.0,,,,172012994512.0,False,67.95358752495038,200.40710561504392,,False,14199,False,False,27,호전실업,111110,C,D,D,B+,2025,,,,,2,1,1,4,0,25.870835860394518,제조업,5.0,3.0,0.6
164788,현대모비스,12330,0,정상,0.0,,,,30607126000000.0,False,25.90858743156741,248.97769198640435,,False,303,False,False,52,현대모비스,12330,B+,B+,A+,B,2025,,,,,4,4,6,3,0,31.052253973592514,제조업,9.0,5.0,0.5555555555555556
1074862,메가스터디교육,215200,1,유동비율<100%;,25.0,,,,467041651471.0,False,65.9850685294041,76.17128133699232,,False,85503,False,False,705,메가스터디교육,215200,C,D,B,C,2025,,,,,2,1,3,2,1,26.86968428008356,기타,8.0,2.0,0.25
124504,포스코인터내셔널,47050,0,정상,0.0,,,,5793961712000.0,False,,106.85402590048096,,False,461,True,False,173,포스코인터내셔널,47050,A,B+,A+,A,2025,,,,,5,4,6,5,0,29.38783740703848,도소매,8.0,5.0,0.625
128032,삼일제약,520,1,유동비율<100%;,25.0,,,,155456171844.0,False,133.51878363587218,41.18188221288327,,False,212,False,False,609,삼일제약,520,C,B,C,C,2025,,,,,2,3,2,2,1,25.769629675744405,제조업,7.0,3.0,0.4285714285714285
441243,형지엘리트,93240,0,정상,0.0,,,,87721902574.0,False,110.03399522208817,171.49900556272868,,False,14112,False,False,29,형지엘리트,93240,D,D,D,D,2025,,,,,1,1,1,1,0,25.19743744943098,제조업,4.0,1.0,0.25
225706,JW생명과학,234080,1,유동비율<100%;,25.0,,,,207990199564.0,False,43.00035670549937,89.24137334524895,,False,212,False,False,1019,JW생명과학,234080,B+,B+,A,B,2025,,,,,4,4,5,3,1,26.060756798056897,제조업,5.0,2.0,0.4
557508,GKL,114090,0,정상,0.0,,,,438507033360.0,False,46.969726967619465,243.63818012117025,,False,91249,False,False,1055,GKL,114090,A,A+,A,B+,2025,,,,,5,6,5,4,0,26.806641688219525,기타,12.0,7.0,0.5833333333333334
129013,CJ씨푸드,11150,0,정상,0.0,,,,91338567098.0,False,69.12587720174835,103.07547203124,,False,108,False,False,1077,CJ씨푸드,11150,B+,A,A,B,2025,,,,,4,5,5,3,0,25.23783895701726,제조업,3.0,1.0,0.3333333333333333
135795,신도리코,29530,0,정상,0.0,,,,1055804801864.0,False,6.743322402427462,724.1850766991926,,False,263,False,False,544,신도리코,29530,D,C,C,D,2025,,,,,1,2,2,1,0,27.68532443740666,제조업,6.0,3.0,0.5
161125,한온시스템,18880,1,유동비율<100%;,25.0,,,,3817872035306.0,False,87.327585176248,96.77924149188564,,False,29172,False,False,86,한온시스템,18880,A,A,A,B+,2025,,,,,5,5,5,4,1,28.970714324511704,제조업,7.0,4.0,0.5714285714285714
138792,아시아나항공,20560,1,부채비율≥200%;유동비율<100%;,25.0,,,,902742612375.0,False,1114.5346057157758,32.39744780187866,,False,511,False,False,500,아시아나항공,20560,B+,A,B+,B+,2025,,,,,4,5,4,4,1,27.52870331360331,기타,7.0,4.0,0.5714285714285714
651901,에어부산,298690,1,부채비율≥200%;유동비율<100%;,25.0,,,,161199313412.0,False,801.0029316687397,50.74945969357722,,False,511,False,False,464,에어부산,298690,B,B+,B+,C,2025,,,,,3,4,4,2,1,25.8059074077791,기타,7.0,2.0,0.2857142857142857
121039,명문제약,17180,0,정상,0.0,,,,98282349867.0,False,122.88504015160107,119.19413541287965,,False,212,False,False,694,명문제약,17180,D,D,D,C,2025,,,,,1,1,1,2,0,25.311110294234187,제조업,2.0,1.0,0.5
159193,한국전력공사,15760,1,부채비율≥200%;유동비율<100%;,25.0,,,,26570762000000.0,False,444.2692272054524,24.62461203598403,,False,35120,False,False,130,한국전력공사,15760,C,C,D,B+,2025,,,,,2,2,1,4,1,30.91083255425027,기타,14.0,8.0,0.5714285714285714
105271,케이씨씨,2380,1,유동비율<100%;,25.0,,,,8854128857041.0,False,70.84175132224367,63.07268889301508,,False,20411,False,False,258,케이씨씨,2380,B,B+,A,C,2025,,,,,3,4,5,2,1,29.81190500367235,제조업,7.0,4.0,0.5714285714285714
124197,세아제강지주,3030,1,유동비율<100%;,25.0,,,,749526714648.0,False,30.10637966066019,5.170405170809383,,False,64992,False,False,570,세아제강지주,3030,C,B+,A,C,2025,,,,,2,4,5,2,1,27.34270779714672,금융보험,4.0,1.0,0.25
1205851,HD현대일렉트릭,267260,0,정상,0.0,,,,1840963756995.0,False,90.32551275215116,158.68329181184754,,False,281,False,False,1040,HD현대일렉트릭,267260,A+,A+,A+,A,2025,,,,,6,6,6,5,0,28.24131033139961,제조업,5.0,3.0,0.6
1236897,제일약품,271980,0,정상,0.0,,,,181723082289.0,False,148.07317640973562,103.66245112645134,,False,212,False,False,315,제일약품,271980,C,B,A,D,2025,,,,,2,3,5,1,0,25.92574983944261,제조업,8.0,3.0,0.375
1010642,지씨셀,144510,1,유동비율<100%;,25.0,,,,557870501486.0,False,,42.32182753996844,,False,73909,True,False,294,지씨셀,144510,B,B+,A,C,2025,,,,,3,4,5,2,1,27.04739269620391,전문과학기술,2.0,1.0,0.5
260408,팜스코,36580,1,유동비율<100%;,25.0,,,,322819350208.0,False,169.35914542103282,94.35352736739809,,False,105,False,False,186,팜스코,36580,A,B,A,A,2025,,,,,5,3,5,5,1,26.50035871642786,제조업,6.0,3.0,0.5
362238,휴비스,79980,1,부채비율≥200%;유동비율<100%;,25.0,,,,210176853265.0,False,211.2411752669124,56.82140964328772,,False,20501,False,False,7,휴비스,79980,B+,B+,A,B+,2025,,,,,4,4,5,4,1,26.07121517165222,제조업,6.0,3.0,0.5
102432,계룡건설산업,13580,0,정상,0.0,,,,903228470194.0,False,153.23363493133988,133.03898994012465,,False,412,False,False,892,계룡건설산업,13580,C,B+,C,C,2025,,,사회 등급조정(2025.11.),,2,4,2,2,0,27.529241370757614,건설업,8.0,3.0,0.375
125150,SGC에너지,5090,1,유동비율<100%;,25.0,,,,677202916786.0,False,134.0264675105965,42.29918762616515,,False,351,False,False,949,SGC에너지,5090,B+,B+,A,B,2025,,,,,4,4,5,3,1,27.241236794322518,기타,6.0,2.0,0.3333333333333333
1159853,휴온스,243070,0,정상,0.0,,,,373257532863.0,False,,178.63204141569463,,False,212,False,False,5,휴온스,243070,A,A,A,A,2025,,,,,5,5,5,5,0,26.645534454978538,제조업,8.0,3.0,0.375
670340,씨에스윈드,112610,1,유동비율<100%;,25.0,,,,966492073566.0,False,55.53523514265497,91.5686215252741,,False,2511,False,False,512,씨에스윈드,112610,A,A+,A,B+,2025,,,,,5,6,5,4,1,27.59693893438786,제조업,6.0,3.0,0.5
239639,삼표시멘트,38500,0,정상,0.0,,,,730363551888.0,False,66.59999148350053,105.46825238817644,,False,239,False,False,604,삼표시멘트,38500,A,A,A+,A,2025,,,,,5,5,6,5,0,27.316808263404827,제조업,10.0,3.0,0.3
580199,메디톡스,86900,0,정상,0.0,,,,440937549992.0,False,27.78544145133996,145.3998387034731,,False,211,False,False,704,메디톡스,86900,C,B+,B,D,2025,,,,지배구조 등급조정(2025.11.),2,4,3,1,0,26.81216909237015,제조업,5.0,2.0,0.4
877059,삼성바이오로직스,207940,0,정상,0.0,,,,7415448837573.0,False,48.662191285834986,173.48263924054112,,False,211,False,False,633,삼성바이오로직스,207940,A,A,A+,A,2025,,,,,5,5,6,5,0,29.634586620714565,제조업,7.0,4.0,0.5714285714285714
102618,계양전기,12200,1,부채비율≥200%;유동비율<100%;,25.0,,,,18490357605.0,False,1019.339121678388,84.07574498898317,,False,291,False,False,891,계양전기,12200,C,C,C,C,2025,,,,,2,2,2,2,1,23.64051522261272,제조업,6.0,3.0,0.5
141246,SGC E&C,16250,1,부채비율≥200%;유동비율<100%;,25.0,,,,355581345613.0,False,217.52966202137043,91.86116036899372,,False,4112,False,False,950,SGC E&C,16250,C,B,B+,D,2025,,,,,2,3,4,1,1,26.59701988030407,건설업,4.0,1.0,0.25
753643,주성코퍼레이션,109070,0,정상,0.0,,,,29077901411.0,False,42.58904134434958,344.127512164246,,False,264,False,False,297,주성코퍼레이션,109070,D,C,C,D,2025,,,,,1,2,2,1,0,24.093244320948486,제조업,6.0,5.0,0.8333333333333334
105855,엘에스일렉트릭,10120,0,정상,0.0,,,,1986911322242.0,False,101.31492522698596,188.98159831335784,,False,28121,False,False,440,엘에스일렉트릭,10120,A,A+,A,A,2025,,,,,5,6,5,5,0,28.317602449535038,제조업,9.0,5.0,0.5555555555555556
185046,SM C&C,48550,0,정상,0.0,,,,81032607465.0,False,153.09647896568524,146.21454839219282,,False,713,True,False,927,SM C&C,48550,D,D,C,D,2025,,,,,1,1,2,1,0,25.118117471909088,전문과학기술,9.0,3.0,0.3333333333333333
120571,롯데칠성음료,5300,1,유동비율<100%;,25.0,,,,1487744650499.0,False,129.2309644468987,84.80466459351443,,False,11209,False,False,717,롯데칠성음료,5300,A,A,A+,B+,2025,,,,,5,5,6,4,1,28.028282431766034,제조업,7.0,5.0,0.7142857142857143
313649,현대바이오,48410,0,정상,0.0,,,,112999457581.0,False,17.722428652938298,224.34327703005823,,False,204,False,False,51,현대바이오,48410,D,D,D,D,2025,,,,,1,1,1,1,0,25.450648855479088,제조업,4.0,1.0,0.25
231363,LG유플러스,32640,0,정상,0.0,,,,8934857000000.0,False,109.45522687156604,114.26468252441688,,False,61220,False,False,986,LG유플러스,32640,A,A+,A+,A,2025,,,,,5,6,6,5,0,29.82098125993509,정보통신,7.0,4.0,0.5714285714285714
303873,CJ CGV,79160,1,유동비율<100%;,25.0,,,,817961867066.0,False,190.31752064480904,34.15496780612939,,False,59141,False,False,1081,CJ CGV,79160,B+,A+,A+,B,2025,통합 등급조정(2025.11.),,,지배구조 등급조정(2025.11.),4,6,6,3,1,27.43008155518381,정보통신,7.0,4.0,0.5714285714285714
161383,한미반도체,42700,0,정상,0.0,,,,673827332014.0,False,18.52042737758924,396.69281721796585,,False,29271,False,False,107,한미반도체,42700,D,D,D,D,2025,,,,,1,1,1,1,0,27.236239731082513,제조업,3.0,1.0,0.3333333333333333
104388,국도화학,7690,0,정상,0.0,,,,862805927392.0,False,70.73724014423814,160.72591926376148,,False,20111,False,False,877,국도화학,7690,C,C,B+,C,2025,,,,,2,2,4,2,0,27.483455621386817,제조업,8.0,3.0,0.375
111999,대원제약,3220,0,정상,0.0,,,,281699665129.0,False,104.2929251752792,129.53782606991635,,False,212,False,False,801,대원제약,3220,A,B+,A+,B+,2025,,,,,5,4,6,4,0,26.364107323077587,제조업,6.0,3.0,0.5
1078178,RFHIC,218410,0,정상,0.0,,,,342532655744.0,False,31.60170370380696,456.1652729051761,,False,264,False,False,955,RFHIC,218410,D,C,D,D,2025,,,,,1,2,1,1,0,26.559632835341578,제조업,4.0,1.0,0.25
1095722,심텍,222800,0,정상,0.0,,,,569372097367.0,False,159.72217524787126,100.27622892321446,,False,2622,False,False,519,심텍,222800,A,A,A+,B+,2025,,,,,5,5,6,4,0,27.06780000701921,제조업,4.0,1.0,0.25
1770203,조선내화,462520,1,유동비율<100%;,25.0,,,,199616454000.0,False,126.49545162243987,75.10249539878043,,False,2321,False,False,305,조선내화,462520,B,B+,A,C,2025,,,,,3,4,5,2,1,26.01966363229595,제조업,5.0,3.0,0.6
113410,CJ대한통운,120,1,유동비율<100%;,25.0,,,,3918563115805.0,False,106.167566529354,74.44440022420946,,False,493,False,False,1078,CJ대한통운,120,B,A,A+,C,2025,통합 등급조정(2025.11.),,,지배구조 등급조정(2025.11.),3,5,6,2,1,28.99674615044372,기타,5.0,3.0,0.6
131850,SK증권,1510,1,부채비율≥200%;,25.0,,,,595913150100.0,False,951.9320781654288,,,False,66121,False,False,931,SK증권,1510,A,A+,A+,B+,2025,,,,,5,6,6,4,1,27.113360772084654,금융보험,7.0,4.0,0.5714285714285714
536523,로보스타,90360,0,정상,0.0,,,,86390178344.0,False,25.72745826903788,342.1650992155803,,False,29280,False,False,727,로보스타,90360,D,D,D,C,2025,,,,,1,1,1,2,0,25.182139829720676,제조업,4.0,1.0,0.25
660750,하나머티리얼즈,166090,0,정상,0.0,,,,463680286012.0,False,47.77819564432952,115.35574362846644,,False,2612,False,False,157,하나머티리얼즈,166090,B,B+,A+,D,2025,,,,,3,4,6,1,0,26.862461112909113,제조업,4.0,1.0,0.25
124540,대우건설,47040,1,부채비율≥200%;,25.0,,,,2393649001527.0,False,359.45532335618617,173.5323422022933,,False,41112,False,False,806,대우건설,47040,A,A,B+,A,2025,,,사회 등급조정(2025.11.),,5,5,4,5,1,28.503840096411658,건설업,6.0,5.0,0.8333333333333334
1316245,효성중공업,298040,1,유동비율<100%;,25.0,,,,2082635617377.0,False,144.9519168107328,91.53539734813192,,False,281,False,False,12,효성중공업,298040,B,A,A+,D,2025,,,,,3,5,6,1,1,28.364655331256955,제조업,9.0,5.0,0.5555555555555556
111810,대웅,3090,0,정상,0.0,,,,510041881747.0,False,10.419216181027387,128.7448462803402,,False,212,False,False,805,대웅,3090,B,A,A+,C,2025,,,,,3,5,6,2,0,26.957758680365583,제조업,5.0,3.0,0.6
159209,한전기술,52690,0,정상,0.0,,,,624966182864.0,False,41.37055912675901,212.69661191342405,,False,72129,True,False,78,한전기술,52690,A,A,A+,B+,2025,,,,,5,5,6,4,0,27.160963377801355,전문과학기술,9.0,6.0,0.6666666666666666
155124,평화홀딩스,10770,0,정상,0.0,,,,142814697209.0,False,24.726145049568924,122.19062914858912,,False,303,False,False,177,평화홀딩스,10770,B,B,B+,B,2025,,,,,3,3,4,3,0,25.68481380318748,제조업,7.0,3.0,0.4285714285714285
258801,카카오,35720,1,유동비율<100%;,25.0,,,,7477584262907.0,False,55.00152176572205,99.25104899566686,,False,63120,False,False,275,카카오,35720,A,A,A+,A,2025,,,,,5,5,6,5,1,29.64293089624787,정보통신,8.0,5.0,0.625
357360,한세엠케이,69640,1,부채비율≥200%;유동비율<100%;,25.0,,,,16597465022.0,False,1491.9368889211328,63.190510160303845,,False,4741,False,False,100,한세엠케이,69640,B+,B+,B+,B+,2025,,,,,4,4,4,4,1,23.53251581112955,도소매,7.0,3.0,0.4285714285714285
390055,종근당바이오,63160,1,유동비율<100%;,25.0,,,,127035604266.0,False,136.04952550869774,89.60538726785177,,False,212,False,False,300,종근당바이오,63160,A,A,A,B+,2025,,,,,5,5,5,4,1,25.567733232665873,제조업,3.0,1.0,0.3333333333333333
427483,대웅제약,69620,0,정상,0.0,,,,1022662458894.0,False,105.44381919105632,105.98606651082162,,False,212,False,False,804,대웅제약,69620,A,A,A+,B+,2025,,,,,5,5,6,4,0,27.653430596246555,제조업,5.0,2.0,0.4
445054,하나마이크론,67310,1,유동비율<100%;,25.0,,,,464903284502.0,False,144.97306930364363,78.66662980481077,,False,2611,False,False,158,하나마이크론,67310,C,B+,A,D,2025,,,,,2,4,5,1,1,26.8650952305825,제조업,4.0,1.0,0.25
155319,POSCO홀딩스,5490,0,정상,0.0,,,,47938268418245.0,False,8.08814428745682,1606.13700735044,,False,2411,False,False,956,POSCO홀딩스,5490,A+,A,A+,A+,2025,,,,,6,5,6,6,0,31.500935224512844,제조업,10.0,6.0,0.6
157681,롯데정밀화학,4000,0,정상,0.0,,,,2237224176816.0,False,13.48824444613618,435.5696972996594,,False,20119,False,False,719,롯데정밀화학,4000,A,A,A+,A,2025,,,,,5,5,6,5,0,28.43625700656529,제조업,6.0,3.0,0.5
939687,동일고무벨트,163560,0,정상,0.0,,,,239557948789.0,False,44.85770593387814,221.7013787473168,,False,2219,False,False,754,동일고무벨트,163560,B+,B+,A,B+,2025,,,,,4,4,5,4,0,26.202061181895765,제조업,4.0,3.0,0.75
540641,동양고속,84670,1,유동비율<100%;,25.0,,,,54550079616.0,False,187.49505515478805,17.805691541620707,,False,49220,False,False,761,동양고속,84670,C,C,D,C,2025,,,,,2,2,1,2,1,24.722385008729468,기타,7.0,3.0,0.4285714285714285
684802,에이플러스에셋,244920,0,정상,0.0,,,,166988346680.0,False,91.85446352968228,141.0835710608246,,False,66202,False,False,455,에이플러스에셋,244920,D,D,D,C,2025,,,,,1,1,1,2,0,25.841189866569124,금융보험,5.0,3.0,0.6
872984,이마트,139480,1,유동비율<100%;,25.0,,,,9758842443077.0,False,112.59379370910808,39.30701404008133,,False,471,False,False,364,이마트,139480,A+,A+,A+,A,2025,,,,,6,6,6,5,1,29.90919490717601,도소매,7.0,4.0,0.5714285714285714
113191,코리안리,3690,1,부채비율≥200%;,25.0,,,,3659456675717.0,False,282.5651375695822,,,False,65200,False,False,244,코리안리,3690,A,A,A+,A,2025,,,,,5,5,6,5,1,28.928335803064492,금융보험,7.0,4.0,0.5714285714285714
126487,F&F 홀딩스,7700,0,정상,0.0,,,,1966803892349.0,False,0.4372903961323794,2661.98868128122,,False,64992,False,False,1056,F&F 홀딩스,7700,A,A,A+,A,2025,,,,,5,5,6,5,0,28.307430951508575,금융보험,7.0,3.0,0.4285714285714285
141389,KZ정밀,36560,0,정상,0.0,,,,581167526018.0,False,26.298800573256088,184.55738160491447,,False,29120,False,False,992,KZ정밀,36560,B+,B,B+,B+,2025,,,,,4,3,4,4,0,27.088304893058815,제조업,5.0,3.0,0.6
219486,신세계I&C,35510,0,정상,0.0,,,,431859847266.0,False,32.354605576456095,220.09729606190965,,False,62021,False,False,538,신세계I&C,35510,A,A,A+,A,2025,,,,,5,5,6,5,0,26.791366944927493,정보통신,6.0,3.0,0.5
1568413,F&F,383220,0,정상,0.0,,,,1823237678029.0,False,21.51445898474685,255.24413623430905,,False,14111,False,False,1057,F&F,383220,A,A,A+,A,2025,,,,,5,5,6,5,0,28.231634980542477,제조업,7.0,3.0,0.4285714285714285
1765256,동국씨엠,460850,1,유동비율<100%;,25.0,,,,1002138455890.0,False,93.59162681637984,95.0791534874369,,False,24122,False,False,776,동국씨엠,460850,B+,B+,A,B,2025,,,,,4,4,5,3,1,27.633157288576246,제조업,5.0,3.0,0.6
132725,SB성보,3080,0,정상,0.0,,,,150794629252.0,False,49.62729990001116,174.26147818527477,,False,2032,False,False,952,SB성보,3080,D,D,C,C,2025,,,,,1,1,2,2,0,25.73918467684625,제조업,6.0,3.0,0.5
1011526,엔켐,348370,1,유동비율<100%;,25.0,,,,516547208778.0,False,62.5572448577255,45.79771741979189,,False,20119,False,False,444,엔켐,348370,D,C,C,D,2025,,,,,1,2,2,1,1,26.97043252264194,제조업,7.0,3.0,0.4285714285714285
119007,무림P&P,9580,1,유동비율<100%;,25.0,,,,541801319913.0,False,176.43020185157434,76.91134807569892,,False,171,False,False,686,무림P&P,9580,A,A,A,B+,2025,,,사회 등급조정(2026.07.),,5,5,5,4,1,27.018165202757228,제조업,5.0,3.0,0.6
136086,무림페이퍼,9200,1,유동비율<100%;,25.0,,,,322573798275.0,False,173.90422465955012,82.24522769813134,,False,171,False,False,685,무림페이퍼,9200,B+,A,A,B,2025,,,사회 등급조정(2026.07.),,4,5,5,3,1,26.499597778864686,제조업,5.0,3.0,0.6
326731,바이오니아,64550,1,유동비율<100%;,25.0,,,,105229543768.0,False,83.47764286203514,69.0111757328284,,False,213,False,False,668,바이오니아,64550,C,D,C,C,2025,,,,,2,1,2,2,1,25.37940993212003,제조업,6.0,1.0,0.1666666666666666
1784394,STX그린로지스,465770,1,유동비율<100%;,25.0,,,,38081892784.0,False,140.45489561504354,42.38766306524254,,False,501,False,False,918,STX그린로지스,465770,D,D,D,D,2025,,,,,1,1,1,1,1,24.363004751096486,기타,4.0,2.0,0.5
108038,엔피씨,4250,1,유동비율<100%;,25.0,,,,388008193687.0,False,26.885971587278668,72.04477755652404,,False,22232,False,False,443,엔피씨,4250,D,C,C,D,2025,,,,,1,2,2,1,1,26.684292294096707,제조업,4.0,1.0,0.25
1152470,펄어비스,263750,0,정상,0.0,,,,793879606815.0,False,17.167269708410515,628.3083306496148,,False,58211,False,False,181,펄어비스,263750,B+,A,A+,B,2025,,,,,4,5,6,3,0,27.40019765800028,정보통신,6.0,2.0,0.3333333333333333
247975,솔브레인홀딩스,36830,0,정상,0.0,,,,1458413549606.0,False,19.63858997075117,239.7449944898573,,False,715,True,False,555,솔브레인홀딩스,36830,A,B+,A+,B+,2025,,,,,5,4,6,4,0,28.008370351001386,전문과학기술,4.0,1.0,0.25
109754,대림바스,5750,0,정상,0.0,,,,170638489768.0,False,87.55025201882447,102.11866282193893,,False,23222,False,False,817,대림바스,5750,C,C,C,B,2025,,,,,2,2,2,3,0,25.86281306067184,제조업,4.0,1.0,0.25
878915,iM금융지주,139130,0,정상,0.0,,,,3714556000000.0,False,38.861952814818245,,,False,64992,False,False,908,iM금융지주,139130,A,A,A,A,2025,,,,,5,5,5,5,0,28.943280271477935,금융보험,8.0,7.0,0.875
263654,오스코텍,39200,0,정상,0.0,,,,183266267765.0,False,11.913132658976751,965.737390057971,,False,212,False,False,424,오스코텍,39200,D,D,C,D,2025,,,,,1,1,2,1,0,25.934205947388307,제조업,4.0,1.0,0.25
256955,테이팩스,55490,0,정상,0.0,,,,101237041958.0,False,41.83032067508327,151.39286627644012,,False,2229,False,False,206,테이팩스,55490,B+,B+,A,B+,2025,,,,,4,4,5,4,0,25.34073055408111,제조업,6.0,3.0,0.5
128412,삼진제약,5500,0,정상,0.0,,,,290394738749.0,False,62.03177433345297,130.18617635131292,,False,212,False,False,607,삼진제약,5500,B+,B,B+,B+,2025,,,,,4,3,4,4,0,26.39450700247742,제조업,7.0,3.0,0.4285714285714285
164973,현대해상,1450,1,부채비율≥200%;,25.0,,,,4883487466522.0,False,916.6069834379772,,,False,65121,False,False,31,현대해상,1450,A,A+,A,A,2025,,,,,5,6,5,5,1,29.216880725335717,금융보험,7.0,4.0,0.5714285714285714
536541,에코프로,86520,0,정상,0.0,,,,1229784092214.0,False,105.1147616357404,143.65635852797033,,False,64992,False,False,453,에코프로,86520,C,B,A,C,2025,,,,,2,3,5,2,0,27.837859735119476,금융보험,7.0,4.0,0.5714285714285714
688996,KB금융,105560,0,정상,0.0,,,,24935236000000.0,False,23.73309801439217,,,False,64992,False,False,1014,KB금융,105560,A+,A+,A,A+,2025,,,사회 등급조정(2026.04.),,6,6,5,6,0,30.847303019489825,금융보험,9.0,7.0,0.7777777777777778
871833,에스티팜,237690,0,정상,0.0,,,,598701297056.0,False,29.734493232666026,232.0140516038115,,False,212,False,False,467,에스티팜,237690,A,A,A+,B+,2025,,,,,5,5,6,4,0,27.118028641329353,제조업,5.0,3.0,0.6
151128,모토닉,9680,0,정상,0.0,,,,483011293751.0,False,9.93509657679731,1051.1547797035614,,False,303,False,False,688,모토닉,9680,D,C,C,D,2025,,,,,1,2,2,1,0,26.903305872832863,제조업,6.0,2.0,0.3333333333333333
155355,풀무원,17810,1,유동비율<100%;,25.0,,,,391237480710.0,False,43.68547574093186,19.767518775026257,,False,108,False,False,169,풀무원,17810,A+,A,A+,A+,2025,,,,,6,5,6,6,1,26.692580580103517,제조업,11.0,8.0,0.7272727272727273
150439,진양산업,3780,0,정상,0.0,,,,56274069545.0,False,24.47396917862269,160.90386782596033,,False,2225,False,False,289,진양산업,3780,D,D,D,D,2025,,,,,1,1,1,1,0,24.753499689528773,제조업,3.0,1.0,0.3333333333333333
661847,화인베스틸,133820,1,부채비율≥200%;유동비율<100%;,25.0,,,,52605324899.0,False,220.6649224558,57.20545235708213,,False,24121,False,False,19,화인베스틸,133820,C,C,D,C,2025,,,,,2,2,1,2,1,24.68608318538757,제조업,6.0,3.0,0.5
1105153,두산로보틱스,454910,0,정상,0.0,,,,368346996205.0,False,8.234042738092592,1564.0377143221842,,False,2928,False,False,747,두산로보틱스,454910,C,D,C,B+,2025,,,,,2,1,2,4,0,26.63229125531143,제조업,6.0,3.0,0.5
447575,제이앤티씨,204270,0,정상,0.0,,,,323765068869.0,False,33.21339276860332,207.06249403794308,,False,262,False,False,320,제이앤티씨,204270,D,C,D,D,2025,,,,,1,2,1,1,0,26.503283993646097,제조업,3.0,1.0,0.3333333333333333
526599,덴티움,145720,0,정상,0.0,,,,435342283574.0,False,79.5686926857219,107.67616719332248,,False,27191,False,False,778,덴티움,145720,D,D,D,D,2025,,,,,1,1,1,1,0,26.79939841741482,제조업,7.0,3.0,0.4285714285714285
486705,아주스틸,139990,1,부채비율≥200%;유동비율<100%;,25.0,,,,138037886993.0,False,412.5719035686776,48.81446494452357,,False,2419,False,False,485,아주스틸,139990,C,C,B,D,2025,,,,,2,2,3,1,1,25.650794027851003,제조업,4.0,1.0,0.25
173698,신일전자,2700,0,정상,0.0,,,,83159456000.0,False,66.90507956545555,174.41909780270095,,False,46521,True,False,531,신일전자,2700,D,D,D,D,2025,,,,,1,1,1,1,0,25.144025758308285,도소매,5.0,2.0,0.4
114792,동국홀딩스,1230,0,정상,0.0,,,,660024892979.0,False,3.583151270137392,764.3571386991774,,False,649,False,False,773,동국홀딩스,1230,B+,B+,A,B+,2025,,,,,4,4,5,4,0,27.215543387890477,금융보험,3.0,1.0,0.3333333333333333
126186,삼성에스디에스,18260,0,정상,0.0,,,,7228453265417.0,False,17.26557783408457,525.647284468493,,False,62021,False,False,631,삼성에스디에스,18260,A,A,A+,A,2025,,,,,5,5,6,5,0,29.609046196351603,정보통신,7.0,4.0,0.5714285714285714
107987,남해화학,25860,0,정상,0.0,,,,549427715570.0,False,39.74878974032679,226.88165715255303,,False,20312,False,False,850,남해화학,25860,D,C,C,D,2025,,,,,1,2,2,1,0,27.0321430563137,제조업,17.0,8.0,0.4705882352941176
223762,KT지니뮤직,43610,0,정상,0.0,,,,139951545661.0,False,65.88149411178227,126.72936348762352,,False,603,False,False,993,KT지니뮤직,43610,C,D,C,B,2025,,,,,2,1,2,3,0,25.66456209722702,정보통신,7.0,3.0,0.4285714285714285
216647,원익홀딩스,30530,1,유동비율<100%;,25.0,,,,625874128263.0,False,66.5255839476141,26.85049014793292,,False,201,False,False,396,원익홀딩스,30530,C,B,B+,C,2025,,,,,2,3,4,2,1,27.16241511476631,제조업,8.0,3.0,0.375
141671,오리콤,10470,0,정상,0.0,,,,102877263317.0,False,89.2437963888067,141.80733579543664,,False,71310,True,False,425,오리콤,10470,B,D,C,B+,2025,,,,,3,1,2,4,0,25.35680249635291,전문과학기술,5.0,3.0,0.6
149354,종근당홀딩스,1630,1,유동비율<100%;,25.0,,,,379742421253.0,False,17.11755097719056,65.40981108908554,,False,212,False,False,299,종근당홀딩스,1630,A,A,A,A,2025,,,,,5,5,5,5,1,26.662759021022357,제조업,4.0,2.0,0.5
152862,코오롱,2020,1,유동비율<100%;,25.0,,,,758717699811.0,False,147.18130393533363,2.7297107528358966,,False,64992,False,False,236,코오롱,2020,B+,B+,A,B,2025,,,,,4,4,5,3,1,27.35489560814841,금융보험,6.0,2.0,0.3333333333333333
357740,NHN KCP,60250,0,정상,0.0,,,,295839705974.0,False,117.01890725358714,155.22269892836883,,False,661,False,False,967,NHN KCP,60250,C,B,B,C,2025,,,,,2,3,3,2,0,26.413083610716424,금융보험,6.0,3.0,0.5
129509,한익스프레스,14130,1,부채비율≥200%;유동비율<100%;,25.0,,,,69391229214.0,False,406.20507698994805,53.4326570232756,,False,49301,False,False,84,한익스프레스,14130,D,C,C,D,2025,,,,,1,2,2,1,1,24.963026316270792,기타,4.0,1.0,0.25
121534,MH에탄올,23150,1,유동비율<100%;,25.0,,,,69584302236.0,False,71.64014029907099,47.82824269949618,,False,11121,False,False,970,MH에탄올,23150,D,D,D,D,2025,,,,,1,1,1,1,1,24.965804836262024,제조업,4.0,1.0,0.25
126292,삼성카드,29780,1,부채비율≥200%;,25.0,,,,8847668000000.0,False,255.6137052158829,,,False,64913,False,False,624,삼성카드,29780,A,A,A+,A,2025,,,,,5,5,6,5,1,29.81117503740056,금융보험,7.0,4.0,0.5714285714285714
137252,사조동아원,8040,1,부채비율≥200%;유동비율<100%;,25.0,,,,126964407050.0,False,265.25417947360074,71.00616763525662,,False,105,False,False,643,사조동아원,8040,B+,B+,B+,B,2025,,,사회 등급조정(2026.07.),,4,4,4,3,1,25.567172624676164,제조업,8.0,3.0,0.375
140177,GS리테일,7070,1,유동비율<100%;,25.0,,,,3325039720919.0,False,114.17298599578083,96.73388185286436,,False,47122,False,False,1051,GS리테일,7070,A+,A+,A+,A,2025,,,,,6,6,6,5,1,28.832502736106065,도소매,7.0,4.0,0.5714285714285714
150633,지누스,13890,0,정상,0.0,,,,511603197228.0,False,41.38173003317836,192.95438589636427,,False,320,False,False,295,지누스,13890,A,A,A+,A,2025,,,,,5,5,6,5,0,26.960815156099905,제조업,6.0,3.0,0.5
140168,HS애드,35000,0,정상,0.0,,,,183542459375.0,False,138.40548071330974,149.0979072434529,,False,71310,True,False,1027,HS애드,35000,B,C,B,B+,2025,,,,,3,2,3,4,0,25.935711863915152,전문과학기술,6.0,2.0,0.3333333333333333
1093007,LS에코에너지,229640,0,정상,0.0,,,,287489492408.0,False,0.6240889807735015,1215.533283838325,,False,64992,False,False,976,LS에코에너지,229640,C,D,C,B+,2025,,,,,2,1,2,4,0,26.384452148369828,금융보험,6.0,2.0,0.3333333333333333
155258,포스코스틸리온,58430,0,정상,0.0,,,,374614941683.0,False,28.09518387391545,310.78754417697417,,False,2419,False,False,175,포스코스틸리온,58430,A,A,A+,B+,2025,,,,,5,5,6,4,0,26.649164513195103,제조업,4.0,1.0,0.25
155276,포스코퓨처엠,3670,0,정상,0.0,,,,3900756568355.0,False,100.68146847090256,141.60547662595246,,False,282,False,False,172,포스코퓨처엠,3670,A,A,A+,A,2025,,,,,5,5,6,5,0,28.992191642136053,제조업,7.0,4.0,0.5714285714285714
204208,마니커,27740,1,부채비율≥200%;유동비율<100%;,25.0,,,,42875507823.0,False,253.90966187600648,64.17611094664123,,False,1012,False,False,709,마니커,27740,C,C,C,C,2025,,,,,2,2,2,2,1,24.481566586630596,제조업,4.0,1.0,0.25
377610,세아홀딩스,58650,1,유동비율<100%;,25.0,,,,985609070242.0,False,19.285250763198608,10.11934486348432,,False,241,False,False,568,세아홀딩스,58650,B+,A,A,B+,2025,,,,,4,5,5,4,1,27.61652563244509,제조업,6.0,2.0,0.3333333333333333
1032413,해성디에스,195870,0,정상,0.0,,,,568822832411.0,False,50.81580135643132,206.6419680197502,,False,262,False,False,60,해성디에스,195870,A,A,A,B+,2025,,,,,5,5,5,4,0,27.06683485599935,제조업,7.0,3.0,0.4285714285714285
1316254,HS효성첨단소재,298050,1,유동비율<100%;,25.0,,,,1007318199783.0,False,119.76376395153858,24.44740030548179,,False,205,False,False,1025,HS효성첨단소재,298050,A,A,A+,B+,2025,,,,,5,5,6,4,1,27.638312667619246,제조업,6.0,3.0,0.5
613318,와이지엔터테인먼트,122870,0,정상,0.0,,,,473007701758.0,False,21.17257491554284,247.43437197036832,,False,59201,False,False,419,와이지엔터테인먼트,122870,B+,A,A,B+,2025,,,,,4,5,5,4,0,26.88237750809225,정보통신,7.0,4.0,0.5714285714285714
113234,대한제당,1790,0,정상,0.0,,,,454877637000.0,False,127.80053990651555,184.92451962936684,,False,105,False,False,792,대한제당,1790,D,C,D,D,2025,,,사회 등급조정(2026.04.),,1,2,1,1,0,26.843294290058964,제조업,6.0,2.0,0.3333333333333333
121941,대상,1680,0,정상,0.0,,,,1104135160820.0,False,177.26662506177357,109.61060122388048,,False,108,False,False,815,대상,1680,B+,A,A+,B,2025,,,,,4,5,6,3,0,27.730083484568706,제조업,7.0,4.0,0.5714285714285714
142661,우성,6980,0,정상,0.0,,,,161913686606.0,False,15.886539899862182,161.36888815588077,,False,105,False,False,411,우성,6980,C,B,B+,D,2025,,,,,2,3,4,1,0,25.81032923146272,제조업,7.0,3.0,0.4285714285714285
156691,한국공항,5430,0,정상,0.0,,,,393806043257.0,False,27.747858417878064,281.1721944283328,,False,52939,False,False,142,한국공항,5430,A,A,A+,B+,2025,,,,,5,5,6,4,0,26.699124349039273,기타,4.0,2.0,0.5
158149,한국쉘석유,2960,0,정상,0.0,,,,140361831154.0,False,42.67733491541365,318.24130804417496,,False,19221,False,False,135,한국쉘석유,2960,C,D,C,B,2025,,,,,2,1,2,3,0,25.667489433700577,제조업,7.0,3.0,0.4285714285714285
127158,씨아이테크,4920,0,정상,0.0,,,,62122976054.0,False,66.13651133404537,164.56713102435643,,False,26529,False,False,514,씨아이테크,4920,D,D,D,D,2025,,,,,1,1,1,1,0,24.852381742224864,제조업,5.0,2.0,0.4
149345,조흥,2600,1,유동비율<100%;,25.0,,,,151575235362.0,False,177.68925566288246,95.10371581619944,,False,108,False,False,302,조흥,2600,C,B,C,C,2025,,,,,2,3,2,2,1,25.744347941678853,제조업,3.0,1.0,0.3333333333333333
428321,해태제과식품,101530,1,유동비율<100%;,25.0,,,,292377655323.0,False,127.92791762653437,58.430382996024086,,False,108,False,False,59,해태제과식품,101530,C,B,B+,C,2025,,,,,2,3,4,2,1,26.401312143718023,제조업,6.0,2.0,0.3333333333333333
108913,대교,19680,1,유동비율<100%;,25.0,,,,262245201220.0,False,101.21738397810442,37.07095004334546,,False,851,False,False,823,대교,19680,B,D,B+,B,2025,,,,,3,1,4,3,1,26.292545785561593,기타,8.0,3.0,0.375
1168684,스튜디오드래곤,253450,0,정상,0.0,,,,750177136119.0,False,25.79457909808977,121.24046777310411,,False,59114,False,False,551,스튜디오드래곤,253450,B+,A,A,B,2025,,,,,4,5,5,3,0,27.34357519708231,정보통신,4.0,1.0,0.25
116824,동아쏘시오홀딩스,640,1,유동비율<100%;,25.0,,,,683444803167.0,False,42.00023637854184,31.29222783956266,,False,64992,False,False,765,동아쏘시오홀딩스,640,A,A,A+,A,2025,,,,,5,5,6,5,1,27.250411733692914,금융보험,6.0,3.0,0.5
956930,동아에스티,170900,0,정상,0.0,,,,677095800566.0,False,104.74124731598758,153.7007303814634,,False,212,False,False,764,동아에스티,170900,A,A,A+,A,2025,,,,,5,5,6,5,0,27.24107860733046,제조업,6.0,4.0,0.6666666666666666
855093,선진,136490,1,유동비율<100%;,25.0,,,,502441966486.0,False,77.47697955498046,72.65651818633232,,False,109,False,False,581,선진,136490,A,B+,A,A,2025,,,,,5,4,5,5,1,26.942745980630107,제조업,7.0,3.0,0.4285714285714285
1167056,샘표식품,248170,0,정상,0.0,,,,248801166161.0,False,45.68659114340509,156.46291515822676,,False,108,False,False,594,샘표식품,248170,C,B,B+,D,2025,,,,,2,3,4,1,0,26.239919884942733,제조업,3.0,1.0,0.3333333333333333
1205329,크라운제과,264900,0,정상,0.0,,,,227522957559.0,False,56.01520698013564,163.3946061104681,,False,106,False,False,222,크라운제과,264900,B,B,B+,B,2025,,,,,3,3,4,3,0,26.15051698259336,제조업,4.0,2.0,0.5
101488,경동나비엔,9450,0,정상,0.0,,,,637847996087.0,False,70.03880260259785,142.6993734555823,,False,28520,False,False,899,경동나비엔,9450,B+,A,A+,B,2025,,,,,4,5,6,3,0,27.181365841257673,제조업,9.0,3.0,0.3333333333333333
107066,남광토건,1260,1,부채비율≥200%;,25.0,,,,124977041000.0,False,228.0252290498701,119.0522395789644,,False,41221,False,False,854,남광토건,1260,D,C,D,D,2025,,,,,1,2,1,1,1,25.551395885378945,건설업,4.0,1.0,0.25
184667,유진기업,23410,1,유동비율<100%;,25.0,,,,925348946622.0,False,100.43931114125542,33.81796264576612,,False,23322,False,False,377,유진기업,23410,B,A,A+,D,2025,,,,,3,5,6,1,1,27.553436742913224,제조업,4.0,1.0,0.25
125521,에스엘,5850,0,정상,0.0,,,,2022632841963.0,False,29.268089352512806,293.8942922327552,,False,303,False,False,474,에스엘,5850,A,B+,A+,B+,2025,,,,,5,4,6,4,0,28.33542116578043,제조업,7.0,4.0,0.5714285714285714
131832,SK디스커버리,6120,1,유동비율<100%;,25.0,,,,1023608440028.0,False,72.95236995276957,24.88846505200675,,False,64992,False,False,938,SK디스커버리,6120,A,A,A+,A,2025,,,,,5,5,6,5,1,27.65435518663377,금융보험,7.0,4.0,0.5714285714285714
145190,유화증권,3460,0,정상,0.0,,,,537902516178.0,False,50.6787006037711,,,False,66121,False,False,372,유화증권,3460,D,D,C,D,2025,,,,,1,1,2,1,0,27.010943183994925,금융보험,7.0,3.0,0.4285714285714285
114808,동국제약,86450,0,정상,0.0,,,,638269628960.0,False,31.15642605477357,230.6476021270079,,False,212,False,False,774,동국제약,86450,B+,B+,A,B,2025,,,,,4,4,5,3,0,27.182026646939008,제조업,3.0,1.0,0.3333333333333333
156488,휴스틸,5010,0,정상,0.0,,,,853574822375.0,False,30.861381068274973,165.28196382951407,,False,2413,False,False,6,휴스틸,5010,C,C,C,C,2025,,,,,2,2,2,2,0,27.47269904068709,제조업,8.0,3.0,0.375
163761,한창제지,9460,1,부채비율≥200%;유동비율<100%;,25.0,,,,82926027690.0,False,246.647327752882,67.75499761280003,,False,171,False,False,72,한창제지,9460,D,C,D,D,2025,,,,,1,2,1,1,1,25.141214814708462,제조업,4.0,1.0,0.25
106614,기신정기,92440,0,정상,0.0,,,,227093213114.0,False,9.441075605036762,882.4955349461925,,False,29293,False,False,861,기신정기,92440,D,D,D,D,2025,,,,,1,1,1,1,0,26.14862640060035,제조업,4.0,1.0,0.25
557933,진도,88790,0,정상,0.0,,,,111548343484.0,False,25.60082127359976,281.94446442483166,,False,467,True,False,290,진도,88790,D,D,D,D,2025,,,,,1,1,1,1,0,25.437723907728138,도소매,3.0,1.0,0.3333333333333333
122551,백산,35150,0,정상,0.0,,,,235613937126.0,False,32.91198502596682,191.8208208586598,,False,22214,False,False,666,백산,35150,D,C,C,D,2025,,,,,1,2,2,1,0,26.185460442857053,제조업,4.0,1.0,0.25
140946,한솔로지스틱스,9180,0,정상,0.0,,,,92346955599.0,False,53.94865468368455,184.51089542984013,,False,5299,False,False,98,한솔로지스틱스,9180,A,B,A,A,2025,,,,,5,3,5,5,0,25.24881857714681,기타,7.0,2.0,0.2857142857142857
534598,한컴라이프케어,372910,0,정상,0.0,,,,131986800314.0,False,56.88870800744428,159.5049288498056,,False,27199,False,False,71,한컴라이프케어,372910,C,C,B,D,2025,,,,,2,2,3,1,0,25.605967756911475,제조업,8.0,3.0,0.375
123718,부광약품,3000,0,정상,0.0,,,,340380963402.0,False,37.50148061048997,247.6334741592911,,False,212,False,False,659,부광약품,3000,B+,B+,A,B+,2025,,,,,4,4,5,4,0,26.553331307880875,제조업,5.0,3.0,0.6
126414,삼성제약,1360,1,유동비율<100%;,25.0,,,,121044891635.0,False,38.32652073818348,92.13354648917375,,False,212,False,False,628,삼성제약,1360,D,D,D,D,2025,,,,,1,1,1,1,1,25.519427318985656,제조업,6.0,2.0,0.3333333333333333
141149,영진약품,3520,0,정상,0.0,,,,91459449207.0,False,186.8863775837368,147.83738057992366,,False,212,False,False,433,영진약품,3520,B+,B+,A,B+,2025,,,,,4,4,5,4,0,25.23916153292989,제조업,5.0,3.0,0.6
144818,유유제약,220,0,정상,0.0,,,,117591968039.0,False,44.13679579696009,160.1028405747742,,False,212,False,False,378,유유제약,220,D,D,C,D,2025,,,,,1,1,2,1,0,25.49048657109036,제조업,5.0,3.0,0.6
158963,유나이티드,33270,0,정상,0.0,,,,454629301042.0,False,14.26709506543834,562.6614778569183,,False,212,False,False,390,유나이티드,33270,B+,B,A,B+,2025,,,,,4,3,5,4,0,26.8427482008456,제조업,8.0,3.0,0.375
161046,한독,2390,1,유동비율<100%;,25.0,,,,341473477217.0,False,149.1926379826132,74.35803501795706,,False,212,False,False,109,한독,2390,A,A,A+,B+,2025,,,,,5,5,6,4,1,26.55653584739794,제조업,8.0,3.0,0.375
167192,넥센,5720,0,정상,0.0,,,,704863616733.0,False,16.374529489542372,279.61247421344603,,False,221,False,False,845,넥센,5720,B,B+,A,C,2025,,,,,3,4,5,2,0,27.28127016960198,제조업,6.0,3.0,0.5
854997,에스디바이오센서,137310,0,정상,0.0,,,,2418076784795.0,False,2.769613956517833,1414.729322262295,,False,27112,False,False,477,에스디바이오센서,137310,C,C,B,C,2025,,,,,2,2,3,2,0,28.5139936231153,제조업,7.0,4.0,0.5714285714285714
157399,한솔테크닉스,4710,1,유동비율<100%;,25.0,,,,279092691985.0,False,113.38445965543508,71.54763345226934,,False,26299,False,False,93,한솔테크닉스,4710,A,B+,A,A,2025,,,,,5,4,5,5,1,26.354809792928748,제조업,6.0,3.0,0.5
164706,현대약품,4310,0,정상,0.0,,,,82103210702.0,False,98.79325550909806,113.18639502397738,,False,212,False,False,47,현대약품,4310,C,C,B,D,2025,,,,,2,2,3,1,0,25.131242959850844,제조업,4.0,3.0,0.75
166573,환인제약,16580,0,정상,0.0,,,,420584760686.0,False,13.692007478604983,395.7014404754723,,False,212,False,False,16,환인제약,16580,C,D,B,B,2025,,,,,2,1,3,3,0,26.76491186723811,제조업,5.0,3.0,0.6
541349,셀트리온제약,68760,0,정상,0.0,,,,435963146742.0,False,74.19833479627388,165.92454006932266,,False,212,False,False,560,셀트리온제약,68760,C,B,B+,C,2025,,,,,2,3,4,2,0,26.800823550901836,제조업,8.0,5.0,0.625
937324,한국타이어앤테크놀로지,161390,0,정상,0.0,,,,6733894942702.0,False,31.53037358575198,143.52748678279258,,False,221,False,False,119,한국타이어앤테크놀로지,161390,A,B+,A+,B+,2025,,,,지배구조 등급조정(2025.11.),5,4,6,4,0,29.538174835521378,제조업,8.0,5.0,0.625
1108099,현대코퍼레이션홀딩스,227840,0,정상,0.0,,,,315697688000.0,False,22.71749294533953,413.5606125810472,,False,463,True,False,33,현대코퍼레이션홀딩스,227840,B+,B,B+,B+,2025,,,,,4,3,4,4,0,26.478050909075243,도소매,6.0,3.0,0.5
992871,종근당,185750,0,정상,0.0,,,,1003754664532.0,False,78.02534592854506,210.510126181478,,False,212,False,False,301,종근당,185750,A,A,A+,B+,2025,,,,,5,5,6,4,0,27.63476874930194,제조업,6.0,2.0,0.3333333333333333
1012066,HK이노엔,195940,1,유동비율<100%;,25.0,계속사업자,1.0,,1328398567183.0,False,57.85407842148982,82.06594441877093,,False,212,False,False,1037,HK이노엔,195940,A,A,A+,A,2025,,,,,5,5,6,5,1,27.91499524784484,제조업,6.0,3.0,0.5
148832,제주은행,6220,1,부채비율≥200%;,25.0,계속사업자,1.0,,647270000000.0,False,1137.9425896457428,,,False,64121,False,False,311,제주은행,6220,A,B+,A,A,2025,,,,,5,4,5,5,1,27.196029355062038,금융보험,7.0,4.0,0.5714285714285714
128111,포스코엠텍,9520,0,정상,0.0,계속사업자,1.0,,114252106916.0,False,35.84136373529352,293.9308703301167,,False,24199,False,False,174,포스코엠텍,9520,A,A,A+,B+,2025,,,,,5,5,6,4,0,25.461673307828587,제조업,4.0,1.0,0.25
130763,서울반도체,46890,0,정상,0.0,계속사업자,1.0,,557934953033.0,False,37.49860578830333,128.70598074870182,,False,2612,False,False,589,서울반도체,46890,C,C,B,D,2025,,,,,2,2,3,1,0,27.047508220907275,제조업,7.0,3.0,0.4285714285714285
219574,코스맥스비티아이,44820,1,유동비율<100%;,25.0,계속사업자,1.0,,276657662399.0,False,130.66265564105578,31.64907485331703,,False,64992,False,False,241,코스맥스비티아이,44820,A,A,A+,B+,2025,,,,,5,5,6,4,1,26.346046702993544,금융보험,5.0,2.0,0.4
589127,KEC,92220,0,정상,0.0,계속사업자,1.0,,327051546041.0,False,49.33570486952304,,,False,2612,False,False,1009,KEC,92220,D,C,D,D,2025,,,,,1,2,1,1,0,26.51338362857377,제조업,4.0,1.0,0.25
1009789,코스맥스,192820,1,유동비율<100%;,25.0,계속사업자,1.0,,513387874404.0,False,165.8690467196132,81.39100834133477,,False,20423,False,False,242,코스맥스,192820,A,A,A+,B+,2025,,,,,5,5,6,4,1,26.96429748688093,제조업,5.0,2.0,0.4
1412725,두산퓨얼셀,336260,1,부채비율≥200%;,25.0,계속사업자,1.0,,373883052275.0,False,221.45754401352,125.52506211755352,,False,28111,False,False,743,두산퓨얼셀,336260,A,A,A+,B+,2025,,,,,5,5,6,4,1,26.647208891009967,제조업,5.0,3.0,0.6
122481,태경비케이,14580,0,정상,0.0,계속사업자,1.0,,200329593388.0,False,55.49639066589328,216.06232213608305,,False,23312,False,False,215,태경비케이,14580,D,C,D,D,2025,,,,,1,2,1,1,0,26.023229814026937,제조업,4.0,1.0,0.25
1274329,성일하이텍,365340,1,부채비율≥200%;유동비율<100%;,25.0,계속사업자,1.0,,151478493334.0,False,299.6726527508386,36.58034586260115,,False,201,False,False,577,성일하이텍,365340,D,C,C,D,2025,,,,,1,2,2,1,1,25.7437094936274,제조업,6.0,3.0,0.5
162072,한신기계공업,11700,0,정상,0.0,계속사업자,1.0,,92199727890.0,False,19.241928512160168,330.753870752054,,False,29132,False,False,88,한신기계공업,11700,C,C,C,C,2025,,,,,2,2,2,2,0,25.247223016203087,제조업,3.0,1.0,0.3333333333333333
141307,영풍,670,0,정상,0.0,계속사업자,1.0,,1287775434666.0,False,52.94908735519171,124.46387972451105,,False,24213,False,False,432,영풍,670,C,B,A,D,2025,통합 등급조정(2026.07.),,,지배구조 등급조정(2026.07.),2,3,5,1,0,27.883937376442248,제조업,6.0,4.0,0.6666666666666666
158219,시그네틱스,33170,1,유동비율<100%;,25.0,계속사업자,1.0,,52181576021.0,False,105.24305024995596,74.54909580174328,,False,2612,False,False,549,시그네틱스,33170,D,C,C,D,2025,,,,,1,2,2,1,1,24.677995319744294,제조업,4.0,1.0,0.25
157991,한국석유공업,4090,0,정상,0.0,계속사업자,1.0,,204221313438.0,False,78.94174287197691,109.18725544796324,,False,23999,False,False,137,한국석유공업,4090,B+,B+,B+,A,2025,,,,,4,4,4,5,0,26.042470112538773,제조업,4.0,1.0,0.25
203315,콘텐트리중앙,36420,1,유동비율<100%;,25.0,계속사업자,1.0,,622991948034.0,False,74.47613216482183,45.27736487865642,,False,591,False,False,229,콘텐트리중앙,36420,D,D,C,D,2025,,,,,1,1,2,1,1,27.15779943114633,정보통신,4.0,1.0,0.25
1008762,데브시스터즈,194480,0,정상,0.0,계속사업자,1.0,,195766965823.0,False,38.824327231346615,419.7464599779592,,False,58212,False,False,779,데브시스터즈,194480,D,D,D,D,2025,,,,,1,1,1,1,0,26.000190838932628,정보통신,5.0,2.0,0.4
126779,삼아알미늄,6110,0,정상,0.0,계속사업자,1.0,,217939022961.0,False,107.23659089029792,116.74137981014164,,False,24222,False,False,622,삼아알미늄,6110,D,C,C,D,2025,,,,,1,2,2,1,0,26.107481149420956,제조업,8.0,2.0,0.25
138516,아남전자,8700,0,정상,0.0,계속사업자,1.0,,93260335.0,False,19.519062418122346,378.809852359169,,False,265,False,False,508,아남전자,8700,D,D,D,D,2025,,,,,1,1,1,1,0,18.35090544144608,제조업,4.0,1.0,0.25
191472,KPX케미칼,25000,0,정상,0.0,계속사업자,1.0,,613092625243.0,False,29.612399659846155,200.8101515485344,,False,20119,False,False,1000,KPX케미칼,25000,C,C,B,D,2025,,,,,2,2,3,1,0,27.141781863006273,제조업,6.0,2.0,0.3333333333333333
788773,씨젠,96530,0,정상,0.0,계속사업자,1.0,,877522267284.0,False,18.61149419928547,525.7135985180965,,False,2130,False,False,511,씨젠,96530,B+,B+,A,B,2025,,,,,4,4,5,3,0,27.500368167786693,제조업,6.0,2.0,0.3333333333333333
104856,삼성증권,16360,1,부채비율≥200%;,25.0,계속사업자,1.0,,7644514334642.0,False,851.7455394799289,,,False,66121,False,False,626,삼성증권,16360,A,A,A+,B+,2025,,,,,5,5,6,4,1,29.665009426102884,금융보험,7.0,4.0,0.5714285714285714
105961,LG이노텍,11070,0,정상,0.0,계속사업자,1.0,,4352355000000.0,False,134.13563461620203,136.84031523548703,,False,262,False,False,985,LG이노텍,11070,A,A,A+,A,2025,,,,,5,5,6,5,0,29.101738193846575,제조업,7.0,4.0,0.5714285714285714
126256,삼성생명,32830,1,부채비율≥200%;,25.0,계속사업자,1.0,,56416815000000.0,False,449.3899185907605,,,False,65110,False,False,632,삼성생명,32830,A,A+,A,B+,2025,,,,,5,6,5,4,1,31.663788368296043,금융보험,6.0,4.0,0.6666666666666666
126478,삼성중공업,10140,1,부채비율≥200%;유동비율<100%;,25.0,계속사업자,1.0,,4068136540287.0,False,263.1807395062426,78.9467220219225,,False,3111,False,False,627,삼성중공업,10140,B+,A,B+,B+,2025,통합 등급조정(2026.01.),,사회 등급조정(2026.01.),,4,5,4,4,1,29.034206158027253,제조업,7.0,4.0,0.5714285714285714
136378,신세계,4170,1,유동비율<100%;,25.0,계속사업자,1.0,,4301814802641.0,False,,28.5734211051762,,False,47111,False,False,539,신세계,4170,A+,A+,A+,A,2025,,,,,6,6,6,5,1,29.09005809671704,도소매,7.0,4.0,0.5714285714285714
137997,현대차증권,1500,1,부채비율≥200%;,25.0,계속사업자,1.0,,1432097000000.0,False,715.3209594042861,,,False,66121,False,False,38,현대차증권,1500,A,A,A+,B+,2025,,,,,5,5,6,4,1,27.990160919603092,금융보험,5.0,3.0,0.6
166519,화천기공,850,0,정상,0.0,계속사업자,1.0,,301499956259.0,False,21.39035679580629,341.41607368163875,,False,29223,False,False,17,화천기공,850,C,D,C,C,2025,,,,,2,1,2,2,0,26.4320357080357,제조업,5.0,2.0,0.4
103006,고려제강,2240,0,정상,0.0,계속사업자,1.0,,1270381854135.0,False,12.699141048251796,411.8646405424081,,False,2411,False,False,888,고려제강,2240,D,C,D,D,2025,,,,,1,2,1,1,0,27.87033864375336,제조업,10.0,4.0,0.4
105466,KCC건설,21320,0,정상,0.0,계속사업자,1.0,,552614040570.0,False,186.49239834387728,115.49726769710324,,False,41112,False,False,1012,KCC건설,21320,C,C,C,B,2025,,,,,2,2,2,3,0,27.037925657310556,건설업,3.0,1.0,0.3333333333333333
113614,대현,16090,0,정상,0.0,계속사업자,1.0,,277429993588.0,False,13.503609428270714,436.3281657742086,,False,14112,False,False,787,대현,16090,C,D,D,B,2025,,,,,2,1,1,3,0,26.34883446294756,제조업,6.0,3.0,0.5
525934,LX세미콘,108320,0,정상,0.0,계속사업자,1.0,,1114156278998.0,False,24.423514174934564,439.0686311893927,,False,2612,False,False,974,LX세미콘,108320,A,A,A+,B+,2025,,,,,5,5,6,4,0,27.739118533948112,제조업,7.0,4.0,0.5714285714285714
146861,자화전자,33240,0,정상,0.0,계속사업자,1.0,,438620204713.0,False,54.61967902453524,129.71929481807675,,False,26292,False,False,325,자화전자,33240,C,C,B,D,2025,,,,,2,2,3,1,0,26.806899738246283,제조업,4.0,1.0,0.25
372226,티에스이,131290,0,정상,0.0,계속사업자,1.0,,380817111104.0,False,15.582272560172443,413.2054572008833,,False,27212,False,False,198,티에스이,131290,D,D,C,D,2025,,,,,1,1,2,1,0,26.665585073475942,제조업,4.0,1.0,0.25
361488,텔코웨어,78000,0,정상,0.0,계속사업자,1.0,,112356689293.0,False,26.535474119614776,201.59012246518296,,False,631,False,False,204,텔코웨어,78000,D,D,D,C,2025,,,,,1,1,1,2,0,25.444944373573907,정보통신,3.0,1.0,0.3333333333333333
852087,시디즈,134790,0,정상,0.0,계속사업자,1.0,,63641340487.0,False,54.78294857588957,172.70412925106632,,False,32029,False,False,547,시디즈,134790,D,C,D,D,2025,,,,,1,2,1,1,0,24.876529103786243,제조업,5.0,2.0,0.4
117188,효성,4800,1,유동비율<100%;,25.0,계속사업자,1.0,,2479400696537.0,False,33.245991326666505,27.493603568055807,,False,649,False,False,14,효성,4800,A,A,A+,B+,2025,,,,,5,5,6,4,1,28.53903799228008,금융보험,9.0,6.0,0.6666666666666666
117601,유안타증권,3470,1,부채비율≥200%;,25.0,계속사업자,1.0,,1868299140000.0,False,932.5072636922588,,,False,66121,False,False,380,유안타증권,3470,C,C,D,C,2025,,,,지배구조 등급조정(2025.11.),2,2,1,2,1,28.256049582100584,금융보험,5.0,3.0,0.6
131939,선도전기,7610,0,정상,0.0,계속사업자,1.0,,36211480643.0,False,97.119590545653,108.24169310124276,,False,28123,False,False,583,선도전기,7610,D,C,D,D,2025,,,,,1,2,1,1,0,24.3126420503326,제조업,5.0,3.0,0.6
159573,한국주철관공업,970,0,정상,0.0,계속사업자,1.0,,283128777190.0,False,17.103873099237326,378.3459106947207,,False,24131,False,False,124,한국주철관공업,970,D,C,D,D,2025,,,,,1,2,1,1,0,26.36916767416315,제조업,7.0,2.0,0.2857142857142857
129642,상신브레이크,41650,0,정상,0.0,계속사업자,1.0,,225436742008.0,False,84.60782662847008,110.55751413218027,,False,303,False,False,597,상신브레이크,41650,B,B,B,B,2025,,,,,3,3,3,3,0,26.14130543328902,제조업,6.0,3.0,0.5
137368,신풍,2870,0,정상,0.0,계속사업자,1.0,,71375360362.0,False,2.726622569931173,2284.4806941085326,,False,467,True,False,530,신풍,2870,D,D,D,D,2025,,,,,1,1,1,1,0,24.99121855376448,도소매,3.0,1.0,0.3333333333333333
1237540,이녹스첨단소재,272290,0,정상,0.0,계속사업자,1.0,,549642220883.0,False,60.1049917219374,243.5234610418504,,False,2629,False,False,366,이녹스첨단소재,272290,B+,B+,B+,B,2025,,,,,4,4,4,3,0,27.032533396015676,제조업,6.0,3.0,0.5
367604,SM Life Design,63440,0,정상,0.0,계속사업자,1.0,,65997918010.0,False,8.682253067637339,495.129253517204,,False,182,False,False,926,SM Life Design,63440,D,D,D,D,2025,,,,,1,1,1,1,0,24.91288903317224,제조업,4.0,1.0,0.25
125743,현대비앤지스틸,4560,0,정상,0.0,계속사업자,1.0,,525132758395.0,False,35.39338056210086,475.9267147931741,,False,24122,False,False,48,현대비앤지스틸,4560,B+,B+,A,B,2025,,,,,4,4,5,3,0,26.986916940704347,제조업,7.0,3.0,0.4285714285714285
656951,현대이지웰,90850,0,정상,0.0,계속사업자,1.0,,110554501419.0,False,,144.28702300203497,,False,58222,False,False,42,현대이지웰,90850,A,A,A+,A,2025,,,,,5,5,6,5,0,25.42877446181981,정보통신,6.0,3.0,0.5
130684,서울도시가스,17390,0,정상,0.0,계속사업자,1.0,,1077889871760.0,False,61.67760999001448,230.3572638620252,,False,35200,False,False,590,서울도시가스,17390,C,C,B,D,2025,,,,,2,2,3,1,0,27.706026423419324,기타,7.0,3.0,0.4285714285714285
155212,포스코DX,22100,0,정상,0.0,계속사업자,1.0,,561661721685.0,False,45.06869434658864,243.5834049988712,,False,72129,True,False,176,포스코DX,22100,A,A+,A+,B+,2025,,,,,5,6,6,4,0,27.054165586904347,전문과학기술,5.0,2.0,0.4
1263022,BGF리테일,282330,1,유동비율<100%;,25.0,계속사업자,1.0,,1232326061158.0,False,177.60423974198378,85.14934252001945,,False,47122,False,False,1088,BGF리테일,282330,A+,A+,A+,A,2025,,,,,6,6,6,5,1,27.83992460605443,도소매,6.0,4.0,0.6666666666666666
219097,BGF,27410,0,정상,0.0,계속사업자,1.0,,1604355158257.0,False,3.530902732069852,3643.713537222208,,False,64992,False,False,1089,BGF,27410,A,A,A+,B+,2025,,,,,5,5,6,4,0,28.103743021222726,금융보험,4.0,2.0,0.5
161426,한미사이언스,8930,1,유동비율<100%;,25.0,계속사업자,1.0,,548985000279.0,False,50.16431632340438,47.04193042978794,,False,64992,False,False,106,한미사이언스,8930,B+,B+,A,B,2025,,,,,4,4,5,3,1,27.031336956186518,금융보험,10.0,3.0,0.3
1760738,OCI,456040,0,정상,0.0,계속사업자,1.0,,1030262158000.0,False,105.26386925685762,137.69168427089633,,False,20129,False,False,960,OCI,456040,A,B+,A,A,2025,,,,,5,4,5,5,0,27.660834408114876,제조업,5.0,4.0,0.8
148461,제일연마,1560,0,정상,0.0,계속사업자,1.0,,85452642134.0,False,12.470897205599565,463.7927443084519,,False,23992,False,False,314,제일연마,1560,C,C,C,C,2025,,,,,2,2,2,2,0,25.171228166264047,제조업,7.0,3.0,0.4285714285714285
119195,동화약품,20,1,유동비율<100%;,25.0,계속사업자,1.0,,388527092932.0,False,47.68338741705838,99.83914764167828,,False,212,False,False,749,동화약품,20,C,B,C,C,2025,,,,,2,3,2,2,1,26.685628741599288,제조업,3.0,3.0,1.0
106623,현대위아,11210,0,정상,0.0,계속사업자,1.0,,3314419000000.0,False,68.22414426178464,157.84292961382914,,False,303,False,False,43,현대위아,11210,A+,A+,A+,A,2025,,,,,6,6,6,5,0,28.829303460254117,제조업,7.0,4.0,0.5714285714285714
172228,엔케이,85310,0,정상,0.0,계속사업자,1.0,,157407642633.0,False,14.073171125272829,342.5284762983885,,False,2512,False,False,445,엔케이,85310,D,D,C,D,2025,,,,,1,1,2,1,0,25.78210472723378,제조업,5.0,2.0,0.4
631518,SK이노베이션,96770,1,유동비율<100%;,25.0,계속사업자,1.0,,26408838529000.0,False,50.38353730849911,66.21916201443373,,False,192,False,False,932,SK이노베이션,96770,A,B+,A+,A+,2025,,,,,5,4,6,6,1,30.904719862815377,제조업,8.0,6.0,0.75
104810,소노스퀘어,7720,0,정상,0.0,계속사업자,1.0,,74623211404.0,False,69.12194569159901,114.03861790427749,,False,468,True,False,559,소노스퀘어,7720,D,D,D,D,2025,,,,,1,1,1,1,0,25.03571744058635,도소매,4.0,1.0,0.25
375931,인선이엔티,60150,0,정상,0.0,계속사업자,1.0,,280226774479.0,False,35.10728982657313,112.52742494075363,,False,38230,False,False,350,인선이엔티,60150,D,C,C,D,2025,,,,,1,2,2,1,0,26.358865021170036,기타,5.0,2.0,0.4
121969,에쓰씨엔지니어링,23960,1,유동비율<100%;,25.0,계속사업자,1.0,,35125920169.0,False,168.99537438847955,97.74323829817467,,False,41225,False,False,465,에쓰씨엔지니어링,23960,D,C,C,D,2025,,,,,1,2,2,1,1,24.282205161239393,건설업,5.0,2.0,0.4
128980,삼호개발,10960,0,정상,0.0,계속사업자,1.0,,228670254024.0,False,52.33857672342409,188.9303544571404,,False,421,False,False,603,삼호개발,10960,B+,B+,B+,B,2025,,,,,4,4,4,3,0,26.155546864032733,건설업,4.0,1.0,0.25
159616,두산에너빌리티,34020,1,유동비율<100%;,25.0,계속사업자,1.0,,6200335000000.0,False,139.76728676756983,76.80006281243949,,False,29119,False,False,745,두산에너빌리티,34020,B,A,A+,D,2025,,,,,3,5,6,1,1,29.455624438777967,제조업,7.0,4.0,0.5714285714285714
164742,현대자동차,5380,1,유동비율<100%;,25.0,계속사업자,1.0,,69968561000000.0,False,40.89240451865231,98.83857452316748,,False,30121,False,False,41,현대자동차,5380,A,A+,B+,B+,2025,,,사회 등급조정(2026.04.),,5,6,4,4,1,31.879067128518034,제조업,12.0,7.0,0.5833333333333334
1310269,IPARK현대산업개발,294870,0,정상,0.0,계속사업자,1.0,,3294972493487.0,False,120.1603896262274,162.2062651045826,,False,411,False,False,1023,IPARK현대산업개발,294870,A,A+,A+,B+,2025,,,,,5,6,6,4,0,28.823418935892786,건설업,5.0,3.0,0.6
524421,테스,95610,0,정상,0.0,계속사업자,1.0,,395361995031.0,False,24.11980299915344,431.18004878008105,,False,29271,False,False,207,테스,95610,C,B,B+,C,2025,,,,,2,3,4,2,0,26.703067625286383,제조업,4.0,1.0,0.25
356370,LG생활건강,51900,0,정상,0.0,계속사업자,1.0,,4438155069402.0,False,,270.9541462382897,,False,20422,False,False,988,LG생활건강,51900,A,B+,A+,A,2025,,,,,5,4,6,5,0,29.121259881108823,제조업,7.0,4.0,0.5714285714285714
1571107,오픈엣지테크놀로지,394280,0,정상,0.0,계속사업자,1.0,,38314794096.0,False,72.70438632973935,112.7842757682853,,False,582,False,False,423,오픈엣지테크놀로지,394280,C,D,D,B,2025,,,,,2,1,1,3,0,24.36910192737548,정보통신,4.0,1.0,0.25
693554,티케이케미칼,104480,0,정상,0.0,계속사업자,1.0,,1227524315490.0,False,20.204815095251,109.5413903964345,,False,20501,False,False,192,티케이케미칼,104480,D,C,C,D,2025,,,,,1,2,2,1,0,27.836020505372048,제조업,4.0,1.0,0.25
349097,케이티스카이라이프,53210,0,정상,0.0,계속사업자,1.0,,557446103950.0,False,53.87293638022026,163.36252882771248,,False,60229,False,False,249,케이티스카이라이프,53210,B+,B,A,B+,2025,,,,,4,3,5,4,0,27.046631661078255,정보통신,9.0,5.0,0.5555555555555556
422895,세이브존I&C,67830,0,정상,0.0,계속사업자,1.0,,492105922836.0,False,19.54441848671934,235.23724017919352,,False,47111,False,False,564,세이브존I&C,67830,D,D,C,D,2025,,,,,1,1,2,1,0,26.921959820584156,도소매,3.0,1.0,0.3333333333333333
372873,KTis,58860,0,정상,0.0,계속사업자,1.0,,238486194973.0,False,88.61654663488025,168.8285912714065,,False,63991,False,False,995,KTis,58860,A,A,A+,B+,2025,,,,,5,5,6,4,0,26.19757726288675,정보통신,7.0,3.0,0.4285714285714285
372882,KTcs,58850,0,정상,0.0,계속사업자,1.0,,175387931215.0,False,87.74791976555215,165.21018618160983,,False,63991,False,False,996,KTcs,58850,B+,A,A,B+,2025,,,,,4,5,5,4,0,25.89026610730508,정보통신,7.0,3.0,0.4285714285714285
100939,강남제비스코,860,1,유동비율<100%;,25.0,계속사업자,1.0,,250675747670.0,False,72.54170673478458,67.6876671252503,,False,20411,False,False,905,강남제비스코,860,B+,B+,A,B+,2025,,,,,4,4,5,4,1,26.24742609897886,제조업,6.0,3.0,0.5
135777,신대양제지,16590,0,정상,0.0,계속사업자,1.0,,401543379050.0,False,9.454301901282962,653.1781358257351,,False,172,False,False,545,신대양제지,16590,D,C,D,D,2025,,,,,1,2,1,1,0,26.718581406962816,제조업,7.0,2.0,0.2857142857142857
146296,일신석재,7110,0,정상,0.0,계속사업자,1.0,,58660278740.0,False,56.646416832215685,153.51536175523458,,False,466,True,False,335,일신석재,7110,D,C,C,D,2025,,,,,1,2,2,1,0,24.795028652274404,도소매,4.0,2.0,0.5
114154,디와이덕양,24900,1,부채비율≥200%;유동비율<100%;,25.0,계속사업자,1.0,,110779324690.0,False,422.5125996839113,85.04024754939883,,False,303,False,False,733,디와이덕양,24900,C,B,B,D,2025,,,,,2,3,3,1,1,25.43080599357684,제조업,6.0,2.0,0.3333333333333333
154426,아이에이치큐,3560,0,정상,0.0,계속사업자,1.0,,98707204365.0,False,36.08419716993775,141.03509289549322,,False,591,False,False,493,아이에이치큐,3560,D,D,D,D,2025,,,,,1,1,1,1,0,25.31542377327521,정보통신,6.0,2.0,0.3333333333333333
137207,유니켐,11330,0,정상,0.0,계속사업자,1.0,,132252006835.0,False,70.14969628986198,238.63542871123536,,False,303,False,False,384,유니켐,11330,D,C,D,D,2025,,,,,1,2,1,1,0,25.607975082125453,제조업,6.0,2.0,0.3333333333333333
426086,티케이지휴켐스,69260,0,정상,0.0,계속사업자,1.0,,908365118527.0,False,17.731886850652156,326.6443558013191,,False,2049,False,False,193,티케이지휴켐스,69260,B+,B,A,B,2025,,,,,4,3,5,3,0,27.53491224763717,제조업,6.0,2.0,0.3333333333333333
936787,애경케미칼,161000,0,정상,0.0,계속사업자,1.0,,678630311000.0,False,58.72081139623603,111.72318923045776,,False,201,False,False,479,애경케미칼,161000,A,A,A+,A,2025,,,,,5,5,6,5,0,27.243342355260392,제조업,8.0,3.0,0.375
197759,미래산업,25560,0,정상,0.0,계속사업자,1.0,,119456142915.0,False,24.36595542910762,257.05940154628524,,False,27219,False,False,681,미래산업,25560,D,C,C,D,2025,,,,,1,2,2,1,0,25.5062151360598,제조업,5.0,1.0,0.2
146232,일성건설,13360,1,부채비율≥200%;유동비율<100%;,25.0,계속사업자,1.0,,69152223724.0,False,437.1461985771036,74.57289892778088,,False,41221,False,False,338,일성건설,13360,D,C,C,D,2025,,,,,1,2,2,1,1,24.959576052515537,건설업,4.0,1.0,0.25
153524,태림포장,11280,1,유동비율<100%;,25.0,계속사업자,1.0,,280836310000.0,False,125.41820607171488,43.57348564708639,,False,1721,False,False,211,태림포장,11280,B,A,A+,D,2025,,,,,3,5,6,1,1,26.361037809855173,제조업,4.0,1.0,0.25
111704,한화오션,42660,1,부채비율≥200%;,25.0,계속사업자,1.0,,5994317606539.0,False,229.05573792940243,106.5435293918499,,False,3111,False,False,62,한화오션,42660,C,A,D,D,2025,,,사회 등급조정(2025.11.),,2,5,1,1,1,29.421833070829813,제조업,8.0,5.0,0.625
169048,HLB글로벌,3580,1,유동비율<100%;,25.0,계속사업자,1.0,,71186146402.0,False,43.52777715346232,88.3289299758675,,False,471,False,False,1034,HLB글로벌,3580,D,D,D,D,2025,,,,,1,1,1,1,1,24.98856406342694,도소매,5.0,2.0,0.4
296290,키움증권,39490,1,부채비율≥200%;,25.0,계속사업자,1.0,,6082191664160.0,False,1031.2903566247255,,,False,66121,False,False,217,키움증권,39490,B+,B+,A,B+,2025,,,,,4,4,5,4,1,29.43638621803148,금융보험,7.0,4.0,0.5714285714285714
117577,오리온홀딩스,1800,1,유동비율<100%;,25.0,계속사업자,1.0,,1825696919821.0,False,14.84298869795809,9.762845387030998,,False,649,False,False,426,오리온홀딩스,1800,B+,B+,A,B+,2025,,,,,4,4,5,4,1,28.232982903942254,금융보험,5.0,3.0,0.6
791209,메타케어,118000,1,유동비율<100%;,25.0,계속사업자,1.0,,120960022322.0,False,51.832309342751245,31.19155523677203,,False,4659,True,False,696,메타케어,118000,D,D,D,D,2025,,,,,1,1,1,1,1,25.51872593391796,도소매,4.0,1.0,0.25
113544,대한화섬,3830,0,정상,0.0,계속사업자,1.0,,711010793390.0,False,17.75905230073486,154.8758934624268,,False,20501,False,False,788,대한화섬,3830,B+,B+,A,B,2025,,,,,4,4,5,3,0,27.28995344721108,제조업,6.0,4.0,0.6666666666666666
163673,한진중공업홀딩스,3480,0,정상,0.0,계속사업자,1.0,,350082000000.0,False,9.193560365857142,611.6763565891473,,False,352,False,False,75,한진중공업홀딩스,3480,D,D,C,D,2025,,,,,1,1,2,1,0,26.581433249703544,기타,5.0,3.0,0.6
123772,부국증권,1270,0,정상,0.0,계속사업자,1.0,,760374971870.0,False,126.90434926348098,,,False,66121,False,False,658,부국증권,1270,C,D,C,B,2025,,,,,2,1,2,3,0,27.357077532592378,금융보험,7.0,3.0,0.4285714285714285
163716,한창,5110,2,완전자본잠식(자본총계<0),60.0,계속사업자,1.0,,-5755331037.0,True,-543.6077545473081,46.26041416508329,,False,465,True,False,73,한창,5110,D,D,D,D,2025,,,,,1,1,1,1,1,0.0,도소매,3.0,1.0,0.3333333333333333
1244601,카카오페이,377300,0,정상,0.0,계속사업자,1.0,,2206167947386.0,False,56.64987027278805,212.2095171590749,,False,66199,False,False,272,카카오페이,377300,A,A,A+,A,2025,,,,,5,5,6,5,0,28.4222781659499,금융보험,6.0,4.0,0.6666666666666666
1412822,솔루스첨단소재,336370,1,유동비율<100%;,25.0,계속사업자,1.0,,705106450386.0,False,24.165102696581872,58.4805605615544,,False,26299,False,False,558,솔루스첨단소재,336370,B+,B+,B+,B,2025,,,,,4,4,4,3,1,27.281614621815635,제조업,4.0,3.0,0.75
860730,에이자기관리부동산투자회사,140910,0,정상,0.0,계속사업자,1.0,,27394296874.0,False,187.3539468746578,157.29587569001328,,False,68121,False,False,463,에이리츠,140910,C,D,D,B,2025,,,,,2,1,1,3,0,24.033600685390944,기타,3.0,2.0,0.6666666666666666
127200,삼영전자공업,5680,0,정상,0.0,계속사업자,1.0,,483388480589.0,False,2.2467933778162004,3405.3384584475743,,False,26291,False,False,614,삼영전자공업,5680,D,C,C,D,2025,,,,,1,2,2,1,0,26.90408647495461,제조업,4.0,2.0,0.5
124799,사조산업,7160,1,유동비율<100%;,25.0,계속사업자,1.0,,289415929680.0,False,88.15409884352016,83.51616429298275,,False,102,False,False,642,사조산업,7160,B+,B+,B+,B+,2025,,,,,4,4,4,4,1,26.391130693443728,제조업,8.0,3.0,0.375
361008,한화엔진,82740,1,부채비율≥200%;,25.0,계속사업자,1.0,,556102899924.0,False,204.92459979632235,168.81676707569252,,False,29111,False,False,63,한화엔진,82740,B+,B+,A,B+,2025,,,,,4,4,5,4,1,27.044219185879076,제조업,7.0,3.0,0.4285714285714285
549891,케어젠,214370,0,정상,0.0,계속사업자,1.0,,212474770623.0,False,8.847474679878573,992.4206658712116,,False,211,False,False,267,케어젠,214370,C,D,C,B,2025,,,,,2,1,2,3,0,26.082089091782336,제조업,6.0,2.0,0.3333333333333333
1133217,카카오뱅크,323410,1,부채비율≥200%;,25.0,계속사업자,1.0,,6749866000000.0,False,1032.0191393429143,,,False,64121,False,False,273,카카오뱅크,323410,A,A,A,A,2025,,,,,5,5,5,5,1,29.540543768764085,금융보험,9.0,6.0,0.6666666666666666
579980,아이티엠반도체,84850,1,부채비율≥200%;유동비율<100%;,25.0,계속사업자,1.0,,94576268620.0,False,388.61333384565074,80.74419923332927,,False,2629,False,False,488,아이티엠반도체,84850,B+,B+,A,B,2025,,,,,4,4,5,3,1,25.272672421279847,제조업,6.0,2.0,0.3333333333333333
1327746,보로노이,310210,0,정상,0.0,계속사업자,1.0,,104368912614.0,False,64.5863005110565,1883.366405602419,,False,701,False,False,661,보로노이,310210,D,D,D,C,2025,,,,,1,1,1,2,0,25.371197696155544,전문과학기술,6.0,3.0,0.5
1325979,세아제강,306200,0,정상,0.0,계속사업자,1.0,,1122059248987.0,False,58.56710079011289,225.64222410814256,,False,2413,False,False,571,세아제강,306200,B+,B+,A,B+,2025,,,,,4,4,5,4,0,27.746186728218614,제조업,7.0,4.0,0.5714285714285714
110893,대신증권,3540,1,부채비율≥200%;,25.0,계속사업자,1.0,,4131595939000.0,False,597.0000063938973,,,False,66121,False,False,809,대신증권,3540,B,B+,B+,B,2025,,,,,3,4,4,3,1,29.049684874166218,금융보험,8.0,5.0,0.625
115676,KG스틸,16380,0,정상,0.0,계속사업자,1.0,,2060321974481.0,False,44.37787781326369,,,False,24122,False,False,1007,KG스틸,16380,B,B+,B+,C,2025,,,사회 등급조정(2026.01.),,3,4,4,2,0,28.35388338480848,제조업,7.0,4.0,0.5714285714285714
225742,LS마린솔루션,60370,0,정상,0.0,계속사업자,1.0,,654467732838.0,False,10.500081338923724,1707.144448782945,,False,423,False,False,978,LS마린솔루션,60370,C,C,D,C,2025,,,,,2,2,1,2,0,27.207088120604357,건설업,7.0,2.0,0.2857142857142857
120030,GS건설,6360,1,유동비율<100%;,25.0,계속사업자,1.0,,4556045000000.0,False,188.9192270927965,95.95059647185724,,False,4111,False,False,1053,GS건설,6360,A,A,A+,B+,2025,,,,,5,5,6,4,1,29.14747603854987,건설업,7.0,4.0,0.5714285714285714
128555,삼천리,4690,0,정상,0.0,계속사업자,1.0,,1504834780395.0,False,122.21250639616798,135.16816769473684,,False,35200,False,False,605,삼천리,4690,C,B+,B+,D,2025,,,,,2,4,4,1,0,28.039704227634633,기타,5.0,3.0,0.6
134510,SJG세종,33530,0,정상,0.0,계속사업자,1.0,,409979237702.0,False,77.06885095329271,129.06455116981817,,False,303,False,False,943,SJG세종,33530,C,C,B,D,2025,,,,,2,2,3,1,0,26.73937235561131,제조업,4.0,2.0,0.5
166315,화신,10690,0,정상,0.0,계속사업자,1.0,,587060947961.0,False,92.36572687305078,112.94826981854511,,False,30391,False,False,21,화신,10690,B,B+,A+,C,2025,,,,,3,4,6,2,0,27.0983944809604,제조업,5.0,3.0,0.6
330424,LS증권,78020,1,부채비율≥200%;,25.0,계속사업자,1.0,,879389212454.0,False,1074.905747397539,,,False,66121,False,False,975,LS증권,78020,C,D,C,B,2025,,,,,2,1,2,3,1,27.50249342667906,금융보험,5.0,3.0,0.6
191588,삼원강재,23000,0,정상,0.0,계속사업자,1.0,,258737861408.0,False,18.90024933068724,419.6542212019349,,False,303,False,False,613,삼원강재,23000,B+,B+,B+,A,2025,,,,,4,4,4,5,0,26.279081267992716,제조업,6.0,3.0,0.5
222532,LG헬로비전,37560,0,정상,0.0,계속사업자,1.0,,452531085249.0,False,176.9628482353566,110.08879653621368,,False,60222,False,False,983,LG헬로비전,37560,A,A,A+,A,2025,,,,,5,5,6,5,0,26.838122294409757,정보통신,6.0,3.0,0.5
300548,현대리바트,79430,0,정상,0.0,계속사업자,1.0,,400017576862.0,False,,122.59709760585422,,False,32029,False,False,53,현대리바트,79430,A,B+,A,A,2025,,,,,5,4,5,5,0,26.714774325243965,제조업,7.0,3.0,0.4285714285714285
406046,HD현대마린엔진,71970,0,정상,0.0,계속사업자,1.0,,463468651602.0,False,69.01768809763867,159.920983705686,,False,29119,False,False,1044,HD현대마린엔진,71970,B,B,B+,B,2025,,,,,3,3,4,3,0,26.86200458558089,제조업,5.0,3.0,0.6
671376,트리니티항공,91810,1,부채비율≥200%;유동비율<100%;,25.0,계속사업자,1.0,,41336858984.0,False,4414.708063946884,73.76770432107784,,False,511,False,False,201,트리니티항공,91810,B+,B+,B+,B,2025,,,,,4,4,4,3,1,24.44502040824567,기타,9.0,3.0,0.3333333333333333
635134,CJ제일제당,97950,1,유동비율<100%;,25.0,계속사업자,1.0,,4553927380000.0,False,133.0466396677586,46.642832015261085,,False,108,False,False,1076,CJ제일제당,97950,A,A,A,A,2025,,,사회 등급조정(2026.04.),,5,5,5,5,1,29.147011137022222,제조업,7.0,4.0,0.5714285714285714
759513,LX하우시스,108670,0,정상,0.0,계속사업자,1.0,,701013000000.0,False,145.84879310369422,120.30152480891508,,False,2222,False,False,972,LX하우시스,108670,A,A,A,A,2025,,,,,5,5,5,5,0,27.27579226874485,제조업,9.0,5.0,0.5555555555555556
1208885,경동도시가스,267290,0,정상,0.0,계속사업자,1.0,,472206634780.0,False,95.88889128187613,135.72161638751192,,False,35200,False,False,898,경동도시가스,267290,C,C,B+,D,2025,,,,,2,2,4,1,0,26.88068251228268,기타,4.0,1.0,0.25
1267170,SK케미칼,285130,0,정상,0.0,계속사업자,1.0,,1229768416971.0,False,88.91780935107444,121.89751245061204,,False,20202,False,False,930,SK케미칼,285130,A+,A+,A+,A,2025,,,,,6,6,6,5,0,27.837846988700814,제조업,7.0,4.0,0.5714285714285714
127042,SYTS,2170,0,정상,0.0,계속사업자,1.0,,436493465911.0,False,4.272882249926478,3133.185249066135,,False,15110,False,False,915,SYTS,2170,D,D,D,C,2025,,,,,1,1,1,2,0,26.802039242837967,제조업,5.0,3.0,0.6
137915,엠엑스로보틱스,7820,0,정상,0.0,계속사업자,1.0,,52441471353.0,False,121.6813115872836,140.12985001537754,,False,29169,False,False,437,엠엑스로보틱스,7820,C,D,C,C,2025,,,,,2,1,2,2,0,24.682963553285823,제조업,8.0,2.0,0.25
454946,그린케미칼,83420,0,정상,0.0,계속사업자,1.0,,128267645103.0,False,60.09891685475173,129.9068200052439,,False,20421,False,False,872,그린케미칼,83420,D,C,C,D,2025,,,,,1,2,2,1,0,25.57738489518265,제조업,4.0,1.0,0.25
123143,보령,3850,0,정상,0.0,계속사업자,1.0,,841135539754.0,False,63.32683885153444,263.33952520666446,,False,212,False,False,662,보령,3850,A,A,A+,B+,2025,,,,,5,5,6,4,0,27.4580186489206,제조업,5.0,2.0,0.4
156150,엑시큐어하이트론,19490,0,정상,0.0,계속사업자,1.0,,17025780860.0,False,70.83407173020551,133.9138376752677,,False,265,False,False,448,엑시큐어하이트론,19490,D,C,D,D,2025,,,,,1,2,1,1,0,23.557994553422123,제조업,6.0,2.0,0.3333333333333333
144252,유니온,910,1,유동비율<100%;,25.0,계속사업자,1.0,,128963323129.0,False,60.07667505473714,63.34101804969888,,False,23311,False,False,386,유니온,910,C,C,C,C,2025,,,,,2,2,2,2,1,25.582793884052933,제조업,4.0,1.0,0.25
160843,DB하이텍,990,0,정상,0.0,계속사업자,1.0,,2095066218221.0,False,20.006819669018448,271.3548780372324,,False,2611,False,False,1069,DB하이텍,990,B+,B+,A,B+,2025,,,,,4,4,5,4,0,28.370606276545857,제조업,9.0,6.0,0.6666666666666666
687711,한국철강,104700,0,정상,0.0,계속사업자,1.0,,770845640468.0,False,12.445775181364944,927.327381248568,,False,2411,False,False,123,한국철강,104700,C,C,B,C,2025,,,,,2,2,3,2,0,27.370753983549967,제조업,5.0,3.0,0.6
911955,잇츠한불,226320,0,정상,0.0,계속사업자,1.0,,412242751314.0,False,1.4179946469325535,4164.464984946359,,False,20423,False,False,327,잇츠한불,226320,C,C,C,C,2025,,,,,2,2,2,2,0,26.74487821500291,제조업,6.0,3.0,0.5
160302,코스모화학,5420,1,유동비율<100%;,25.0,계속사업자,1.0,,174749912047.0,False,199.71040840932503,40.20986155850689,,False,2049,False,False,238,코스모화학,5420,C,C,C,C,2025,,,,,2,2,2,2,1,25.88662171475262,제조업,8.0,3.0,0.375
117726,DYP,92780,1,부채비율≥200%;,25.0,계속사업자,1.0,,104157552941.0,False,224.44484066308897,105.55043848824614,,False,301,False,False,1059,DYP,92780,D,C,C,D,2025,,,,,1,2,2,1,1,25.36917052186073,제조업,7.0,3.0,0.4285714285714285
1762569,이수스페셜티케미컬,457190,1,유동비율<100%;,25.0,계속사업자,1.0,,133007006000.0,False,175.47848795273237,68.30629204229425,,False,20111,False,False,363,이수스페셜티케미컬,457190,D,D,C,C,2025,,,,,1,1,2,2,1,25.613667640472524,제조업,4.0,1.0,0.25
122472,PKC,1340,1,유동비율<100%;,25.0,계속사업자,1.0,,221384273146.0,False,172.9245268942524,32.84443608109097,,False,20131,False,False,957,PKC,1340,D,C,D,D,2025,,,,,1,2,1,1,1,26.123165821030366,제조업,5.0,3.0,0.6
154329,TP,7980,0,정상,0.0,계속사업자,1.0,,293963211349.0,False,137.3313673477711,138.38206432131926,,False,141,False,False,913,TP,7980,C,D,C,C,2025,,,,,2,1,2,2,0,26.40672046498951,제조업,3.0,1.0,0.3333333333333333
164478,현대건설,720,0,정상,0.0,계속사업자,1.0,,7032544000000.0,False,144.45325901978003,162.5146157780207,,False,41221,False,False,57,현대건설,720,A,A,A+,A,2025,,,,,5,5,6,5,0,29.58156963395633,건설업,7.0,4.0,0.5714285714285714
401731,LG전자,66570,1,유동비율<100%;,25.0,계속사업자,1.0,,12622192000000.0,False,178.01148168242094,73.69353688502017,,False,264,False,False,984,LG전자,66570,A,A,A+,B+,2025,,,,,5,5,6,4,1,30.166477650510316,제조업,7.0,4.0,0.5714285714285714
1060744,한솔제지,213500,1,유동비율<100%;,25.0,계속사업자,1.0,,696637831555.0,False,175.5499035791954,84.66511610812265,,False,171,False,False,95,한솔제지,213500,A,A,A,A,2025,,,사회 등급조정(2026.07.),,5,5,5,5,1,27.269531502268123,제조업,9.0,5.0,0.5555555555555556
265041,삼양케이씨아이,36670,0,정상,0.0,계속사업자,1.0,,125529500726.0,False,14.89542802915585,557.8033424519057,,False,20421,False,False,619,삼양케이씨아이,36670,A,A,A+,B+,2025,,,,,5,5,6,4,0,25.55580663344049,제조업,4.0,1.0,0.25
1060814,삼양패키징,272550,1,유동비율<100%;,25.0,계속사업자,1.0,,373829284611.0,False,,69.67582882478801,,False,22232,False,False,618,삼양패키징,272550,B,B+,A,C,2025,,,,,3,4,5,2,1,26.6470650718928,제조업,4.0,1.0,0.25
1316227,효성티앤씨,298020,1,유동비율<100%;,25.0,계속사업자,1.0,,1206800852255.0,False,90.33628692032464,62.74711197688148,,False,2050,False,False,11,효성티앤씨,298020,A,A,A+,B+,2025,,,,,5,5,6,4,1,27.818994050441706,제조업,6.0,3.0,0.5
1712485,코오롱모빌리티그룹,450140,1,유동비율<100%;,25.0,계속사업자,1.0,,203382476660.0,False,71.49840365308097,99.47738557704288,,False,45110,False,False,233,코오롱모빌리티그룹,450140,C,D,D,B+,2025,,,,,2,1,1,4,1,26.0383541647355,도소매,6.0,2.0,0.3333333333333333
306454,한국정보인증,53300,0,정상,0.0,계속사업자,1.0,,201878806714.0,False,19.78830648607635,333.63615812824906,,False,58221,False,False,128,한국정보인증,53300,D,D,C,D,2025,,,,,1,1,2,1,0,26.03093338753316,정보통신,5.0,2.0,0.4
648721,SNT에너지,100840,0,정상,0.0,계속사업자,1.0,,343598114926.0,False,53.1266910990806,230.84254376712164,,False,29176,False,False,923,SNT에너지,100840,C,C,D,C,2025,,,,,2,2,1,2,0,26.562738540795827,제조업,4.0,1.0,0.25
109514,티웨이홀딩스,4870,0,정상,0.0,계속사업자,1.0,,94178185920.0,False,26.539149438736608,105.98479195466142,,False,23325,False,False,195,티웨이홀딩스,4870,D,D,D,D,2025,,,,,1,1,1,1,0,25.268454419737278,제조업,3.0,1.0,0.3333333333333333
1238169,오리온,271560,0,정상,0.0,계속사업자,1.0,,1760719742909.0,False,10.484007319644194,496.6622606852668,,False,108,False,False,427,오리온,271560,B+,B+,A,B+,2025,,,,,4,4,5,4,0,28.196743786218118,제조업,5.0,3.0,0.6
134176,세우글로벌,13000,0,정상,0.0,계속사업자,1.0,,54757757212.0,False,8.415768164423849,1189.3182177935062,,False,467,True,False,567,세우글로벌,13000,D,D,D,D,2025,,,,,1,1,1,1,0,24.7261848798442,도소매,6.0,2.0,0.3333333333333333
113225,대한제강,84010,0,정상,0.0,계속사업자,1.0,,795907336500.0,False,17.72129703631649,202.2629892111523,,False,2411,False,False,793,대한제강,84010,D,C,C,D,2025,,,,,1,2,2,1,0,27.402748604582296,제조업,3.0,1.0,0.3333333333333333
339391,한화시스템,272210,1,유동비율<100%;,25.0,계속사업자,1.0,,4816264629554.0,False,93.99728788329116,89.8259038441843,,False,26299,False,False,65,한화시스템,272210,A,A,A+,B+,2025,,,,,5,5,6,4,1,29.203019770422575,제조업,4.0,3.0,0.75
129989,코스모신소재,5070,1,유동비율<100%;,25.0,계속사업자,1.0,,496843668444.0,False,45.13626634195024,88.59039600457866,,False,204,False,False,239,코스모신소재,5070,C,C,D,C,2025,,,,,2,2,1,2,1,26.931541263147196,제조업,8.0,3.0,0.375
163345,DB,12030,1,유동비율<100%;,25.0,계속사업자,1.0,,360787774978.0,False,146.8197125377378,67.55352521643563,,False,62021,False,False,1073,DB,12030,C,D,B,D,2025,,,,지배구조 등급조정(2026.04.),2,1,3,1,1,26.611555741462166,정보통신,8.0,3.0,0.375
411048,에스앤에스텍,101490,0,정상,0.0,계속사업자,1.0,,303046860554.0,False,29.051503917596992,343.2768662416255,,False,2629,False,False,476,에스앤에스텍,101490,C,D,D,B+,2025,,,,,2,1,1,4,0,26.437153285791613,제조업,7.0,3.0,0.4285714285714285
148276,제일기획,30000,0,정상,0.0,계속사업자,1.0,,545867877856.0,False,133.5706350715771,125.28678582168403,,False,71310,True,False,316,제일기획,30000,B+,A,A,B+,2025,,,,,4,5,5,4,0,27.025642801460243,전문과학기술,5.0,2.0,0.4
365989,모나용평,70960,1,유동비율<100%;,25.0,계속사업자,1.0,,357114981140.0,False,169.67558450157938,72.25863872552083,,False,55103,False,False,690,모나용평,70960,D,C,D,D,2025,,,,,1,2,1,1,1,26.60132364289311,기타,3.0,1.0,0.3333333333333333
105101,INVENI,15360,0,정상,0.0,계속사업자,1.0,,553754694000.0,False,,549.4709053312191,,False,715,True,False,1024,INVENI,15360,B+,B+,B+,B,2025,,,,,4,4,4,3,0,27.039987635019266,전문과학기술,8.0,3.0,0.375
309503,한국항공우주,47810,1,부채비율≥200%;,25.0,계속사업자,1.0,,1877713847198.0,False,443.0685713639371,119.98090044265706,,False,31311,False,False,114,한국항공우주,47810,A,A,A,B+,2025,,,,,5,5,5,4,1,28.261076114070896,제조업,6.0,5.0,0.8333333333333334
245472,티씨케이,64760,0,정상,0.0,계속사업자,1.0,,519302794390.0,False,9.303582436861689,926.4777085699712,,False,23999,False,False,199,티씨케이,64760,B+,B+,A,B+,2025,,,,,4,4,5,4,0,26.975752968852877,제조업,4.0,1.0,0.25
162461,한화솔루션,9830,1,유동비율<100%;,25.0,계속사업자,1.0,,10330593000000.0,False,89.81867739828682,52.721352006885226,,False,20111,False,False,66,한화솔루션,9830,A,A,A+,B+,2025,,,,,5,5,6,4,1,29.96613080302717,제조업,9.0,5.0,0.5555555555555556
520887,비상교육,100220,1,유동비율<100%;,25.0,계속사업자,1.0,,196291342244.0,False,101.35631544701069,78.79125242485247,,False,5811,False,False,650,비상교육,100220,C,D,B,D,2025,,,,,2,1,3,1,1,26.002865832538916,정보통신,4.0,1.0,0.25
158501,에스원,12750,0,정상,0.0,계속사업자,1.0,,1720223239935.0,False,36.04261518536557,261.8132515078012,,False,75320,True,False,471,에스원,12750,B+,B+,A,B+,2025,,,,,4,4,5,4,0,28.173475188991716,전문과학기술,9.0,5.0,0.5555555555555556
159786,유니드,14830,0,정상,0.0,계속사업자,1.0,,748875827990.0,False,19.430690676925288,223.4566181830543,,False,20129,False,False,389,유니드,14830,C,B,B+,C,2025,,,,,2,3,4,2,0,27.341839022995025,제조업,5.0,2.0,0.4
508274,일진다이아,81000,0,정상,0.0,계속사업자,1.0,,225295931768.0,False,16.96162731040833,614.7652732616835,,False,204,False,False,332,일진다이아,81000,D,D,C,C,2025,,,,,1,1,2,2,0,26.14068062726641,제조업,4.0,1.0,0.25
683469,일진전기,103590,0,정상,0.0,계속사업자,1.0,,576616814000.0,False,156.40763815812002,115.3995735157686,,False,2830,False,False,330,일진전기,103590,D,C,C,D,2025,,,,,1,2,2,1,0,27.080443782322153,제조업,4.0,1.0,0.25
972503,일진하이솔루스,271940,0,정상,0.0,계속사업자,1.0,,315131298755.0,False,10.421138598972291,1109.2810953696012,,False,319,False,False,329,일진하이솔루스,271940,C,C,C,B,2025,,,,,2,2,2,3,0,26.476255210370564,제조업,4.0,1.0,0.25
1234297,미원에스씨,268280,0,정상,0.0,계속사업자,1.0,,453561216735.0,False,14.54828586866433,889.9449701352634,,False,201,False,False,673,미원에스씨,268280,C,C,C,B,2025,,,,,2,2,2,3,0,26.8403960846794,제조업,7.0,3.0,0.4285714285714285
200275,YTN,40300,0,정상,0.0,계속사업자,1.0,,230446791526.0,False,51.87636376204966,569.4129535714137,,False,591,False,False,909,YTN,40300,D,D,D,C,2025,,,,,1,1,1,2,0,26.163285833369013,정보통신,8.0,4.0,0.5
413046,셀트리온,68270,0,정상,0.0,계속사업자,1.0,,17409723386976.0,False,25.29211270592068,153.29983995770965,,False,21100,False,False,561,셀트리온,68270,A,A,A+,B+,2025,,,,,5,5,6,4,0,30.48804998141333,제조업,12.0,8.0,0.6666666666666666
228536,현대에버다임,41440,0,정상,0.0,계속사업자,1.0,,182674659610.0,False,55.12320325708037,205.60348995112844,,False,29241,False,False,46,현대에버다임,41440,A,B+,A,A,2025,,,,,5,4,5,5,0,25.930972591258058,제조업,6.0,3.0,0.5
144720,와이투솔루션,11690,0,정상,0.0,계속사업자,1.0,,98929084567.0,False,41.518580650751446,240.18499354671096,,False,2611,False,False,418,와이투솔루션,11690,D,C,C,D,2025,,,,,1,2,2,1,0,25.317669112897985,제조업,4.0,2.0,0.5
203290,콜마홀딩스,24720,1,유동비율<100%;,25.0,계속사업자,1.0,,387925427848.0,False,40.76677887275941,35.85392737606499,,False,64992,False,False,227,콜마홀딩스,24720,A,A,A+,A,2025,,,,,5,5,6,5,1,26.684078961829574,금융보험,8.0,3.0,0.375
161709,퍼시스,16800,0,정상,0.0,계속사업자,1.0,,609327415800.0,False,10.122278216387452,359.5660320652873,,False,32029,False,False,182,퍼시스,16800,C,B,B,C,2025,,,,,2,3,3,2,0,27.135621588757274,제조업,6.0,3.0,0.5
165583,E1,17940,0,정상,0.0,계속사업자,1.0,,1932115306361.0,False,111.56271767448328,117.9078791907782,,False,46713,True,False,1058,E1,17940,B+,A,A+,B,2025,,,,,4,5,6,3,0,28.28963653231942,도소매,7.0,4.0,0.5714285714285714
210856,코아스,71950,1,유동비율<100%;,25.0,계속사업자,1.0,,34954051411.0,False,131.24280381290305,47.66290753426162,,False,320,False,False,237,코아스,71950,C,C,C,C,2025,,,,,2,2,2,2,1,24.27730021910829,제조업,5.0,2.0,0.4
225159,SNT홀딩스,36530,0,정상,0.0,계속사업자,1.0,,560666281921.0,False,7.898300977414522,504.127656789392,,False,64992,False,False,922,SNT홀딩스,36530,C,C,C,C,2025,,,,,2,2,2,2,0,27.052391702582064,금융보험,4.0,1.0,0.25
404701,한국자산신탁,123890,0,정상,0.0,계속사업자,1.0,,867155359520.0,False,48.52950239654191,,,False,642,False,False,131,한국자산신탁,123890,D,C,C,D,2025,,,,,1,2,2,1,0,27.48848398973856,금융보험,6.0,4.0,0.6666666666666666
633835,HJ중공업,97230,1,부채비율≥200%;유동비율<100%;,25.0,계속사업자,1.0,,670036000000.0,False,265.85735691813574,84.40663848097735,,False,41221,False,False,1038,HJ중공업,97230,B+,A,B+,B+,2025,통합 등급조정(2026.01.),,사회 등급조정(2026.01.),,4,5,4,4,1,27.23059727923123,건설업,5.0,3.0,0.6
706715,미원홀딩스,107590,1,유동비율<100%;,25.0,계속사업자,1.0,,220895775825.0,False,37.80909734333984,8.409857767580217,,False,649,False,False,672,미원홀딩스,107590,C,C,C,C,2025,,,,,2,2,2,2,1,26.120956824622873,금융보험,7.0,3.0,0.4285714285714285
104519,국보,1140,2,완전자본잠식(자본총계<0),60.0,계속사업자,1.0,,-17646880135.0,True,-436.4261845596766,20.826455885828032,,False,49301,False,False,875,국보,1140,D,C,D,D,2025,,,,,1,2,1,1,1,0.0,기타,3.0,1.0,0.3333333333333333
552859,HLB테라퓨틱스,115450,0,정상,0.0,계속사업자,1.0,,178618108240.0,False,29.457375918628752,192.71380184496843,,False,467,True,False,1032,HLB테라퓨틱스,115450,D,C,C,D,2025,,,,,1,2,2,1,0,25.90851589017081,도소매,5.0,2.0,0.4
862853,플레이디,237820,0,정상,0.0,계속사업자,1.0,,92266657388.0,False,56.76659140662876,222.68495363323103,,False,71310,True,False,164,플레이디,237820,B+,B,B+,A,2025,,,,,4,3,4,5,0,25.24794867145823,전문과학기술,3.0,1.0,0.3333333333333333
970453,파마리서치,214450,0,정상,0.0,계속사업자,1.0,,699514579101.0,False,41.47239565854894,799.8793491526549,,False,213,False,False,190,파마리서치,214450,B+,B,A,B+,2025,,,,,4,3,5,4,0,27.27365247300916,제조업,9.0,4.0,0.4444444444444444
1067516,골프존,215000,0,정상,0.0,계속사업자,1.0,,500035809771.0,False,18.46592320163769,452.3707543019132,,False,58219,False,False,886,골프존,215000,B,B+,B+,B,2025,,,,,3,4,4,3,0,26.937945552346047,정보통신,6.0,3.0,0.5
1311408,에코프로머티,450080,1,유동비율<100%;,25.0,계속사업자,1.0,,799097396195.0,False,51.05486921683757,74.97249896033617,,False,28202,False,False,452,에코프로머티,450080,B+,B,B+,B+,2025,,,,,4,3,4,4,1,27.406748672899546,제조업,6.0,4.0,0.6666666666666666
888347,휴젤,145020,0,정상,0.0,계속사업자,1.0,,680969005289.0,False,11.135317502419795,379.9481543949133,,False,211,False,False,4,휴젤,145020,C,C,B+,C,2025,,,,,2,2,4,2,0,27.246782628534454,제조업,7.0,2.0,0.2857142857142857
141626,오리엔트바이오,2630,0,정상,0.0,계속사업자,1.0,,71846796584.0,False,18.003644866583493,,,False,212,False,False,428,오리엔트바이오,2630,D,D,D,D,2025,,,,,1,1,1,1,0,24.997801863703682,제조업,4.0,1.0,0.25
193328,수산인더스트리,126720,0,정상,0.0,계속사업자,1.0,,546576108608.0,False,6.654766596665623,869.4657065742961,,False,42311,False,False,552,수산인더스트리,126720,D,D,D,D,2025,,,,,1,1,1,1,0,27.026939400388876,건설업,6.0,2.0,0.3333333333333333
113207,대한전선,1440,0,정상,0.0,계속사업자,1.0,,1564595034927.0,False,106.46167723156024,142.5264985436812,,False,28302,False,False,794,대한전선,1440,A,A,A,B+,2025,,,,,5,5,5,4,0,28.07864814281066,제조업,7.0,4.0,0.5714285714285714
1316236,효성화학,298000,1,부채비율≥200%;유동비율<100%;,25.0,계속사업자,1.0,,492177068921.0,False,226.09656022995583,46.99713281316135,,False,201,False,False,10,효성화학,298000,A,A,A+,B+,2025,,,,,5,5,6,4,1,26.92210438487252,제조업,5.0,3.0,0.6
146454,일양약품,7570,1,유동비율<100%;,25.0,계속사업자,1.0,,200175319760.0,False,107.3592270713803,78.98831448479322,,False,212,False,False,334,일양약품,7570,D,D,C,D,2025,통합 등급조정(2025.11.),,,지배구조 등급조정(2025.11.),1,1,2,1,1,26.022459418306106,제조업,6.0,3.0,0.5
302926,현대로템,64350,0,정상,0.0,계속사업자,1.0,,3024514539000.0,False,199.25501710408545,125.4152259645237,,False,31910,False,False,54,현대로템,64350,A+,A+,A+,A,2025,,,,,6,6,6,5,0,28.737771711557375,제조업,7.0,4.0,0.5714285714285714
360142,아이마켓코리아,122900,0,정상,0.0,계속사업자,1.0,,395696620974.0,False,110.69129514345278,128.99854565432895,,False,46800,True,False,499,아이마켓코리아,122900,C,C,B+,C,2025,,,,,2,2,4,2,0,26.703913645938176,도소매,7.0,3.0,0.4285714285714285
130772,SBS,34120,0,정상,0.0,계속사업자,1.0,,1097486436571.0,False,47.288671164677766,261.05347402288686,,False,60210,False,False,953,SBS,34120,B+,B,A,B+,2025,,,,,4,3,5,4,0,27.724043623341924,정보통신,8.0,4.0,0.5
1026157,쏘카,403550,1,부채비율≥200%;유동비율<100%;,25.0,계속사업자,1.0,,167954168427.0,False,245.4099937800289,61.40204918004716,,False,76110,False,False,516,쏘카,403550,C,D,D,B,2025,,,,,2,1,1,3,1,25.846956972148934,기타,6.0,2.0,0.3333333333333333
117230,TYM,2900,0,정상,0.0,계속사업자,1.0,,422612791115.0,False,89.0933515406879,120.4982370697163,,False,29210,False,False,912,TYM,2900,C,B+,A,D,2025,,,,,2,4,5,1,0,26.76972220933477,제조업,8.0,3.0,0.375
153393,태광산업,3240,0,정상,0.0,계속사업자,1.0,,3332091215027.0,False,15.150682132329004,696.6313230671468,,False,20501,False,False,212,태광산업,3240,B,A,A+,C,2025,통합 등급조정(2026.07.),,,지배구조 등급조정(2026.07.),3,5,6,2,0,28.834621215316727,제조업,7.0,4.0,0.5714285714285714
173795,신흥,4080,0,정상,0.0,계속사업자,1.0,,113507727845.0,False,25.91791891488901,184.7002016816592,,False,4659,True,False,521,신흥,4080,C,D,C,C,2025,,,,,2,1,2,2,0,25.45513675829016,도소매,6.0,3.0,0.5
267942,큐캐피탈,16600,0,정상,0.0,계속사업자,1.0,,141177026258.0,False,31.173285984628208,,,False,649,False,False,223,큐캐피탈,16600,D,D,D,D,2025,,,,,1,1,1,1,0,25.673280445212654,금융보험,5.0,2.0,0.4
145686,이화산업,760,0,정상,0.0,계속사업자,1.0,,66698765940.0,False,36.972741269581576,125.92975054937428,,False,467,True,False,353,이화산업,760,D,D,D,D,2025,,,,,1,1,1,1,0,24.923452288047656,도소매,7.0,3.0,0.4285714285714285
400857,에이블씨엔씨,78520,0,정상,0.0,계속사업자,1.0,,96475358659.0,False,61.66482424209176,303.9135952795434,,False,20423,False,False,462,에이블씨엔씨,78520,B,B+,A,C,2025,,,,,3,4,5,2,0,25.292553461999876,제조업,7.0,3.0,0.4285714285714285
127802,삼익THK,4380,1,유동비율<100%;,25.0,계속사업자,1.0,,153697520755.0,False,152.68828190864986,76.51249888967706,,False,29141,False,False,612,삼익THK,4380,C,C,C,C,2025,,,,,2,2,2,2,1,25.758252356944467,제조업,11.0,4.0,0.3636363636363636
149947,JW중외제약,1060,0,정상,0.0,계속사업자,1.0,,377750154621.0,False,57.75916197225842,142.43408977433418,,False,212,False,False,1018,JW중외제약,1060,B+,B+,A,B+,2025,,,,,4,4,5,4,0,26.657498847420158,제조업,6.0,3.0,0.5
1562589,LX홀딩스,383800,1,유동비율<100%;,25.0,계속사업자,1.0,,1080468000000.0,False,30.35814110181884,48.84812386469061,,False,64992,False,False,971,LX홀딩스,383800,A,A,A+,B+,2025,,,,,5,5,6,4,1,27.708415396536235,금융보험,7.0,4.0,0.5714285714285714
399694,SOOP,67160,0,정상,0.0,계속사업자,1.0,,451572044500.0,False,69.66652479546926,192.98423879551328,,False,582,False,False,921,SOOP,67160,C,B+,B+,C,2025,통합 등급조정(2025.11.),,,지배구조 등급조정(2025.11.),2,4,4,2,0,26.836000764072885,정보통신,4.0,3.0,0.75
145163,파미셀,5690,0,정상,0.0,계속사업자,1.0,,123877690491.0,False,26.87747947110701,484.79368712212914,,False,262,False,False,189,파미셀,5690,D,D,D,D,2025,,,,,1,1,1,1,0,25.542560548763323,제조업,7.0,3.0,0.4285714285714285
152385,에이프로젠,7460,1,유동비율<100%;,25.0,계속사업자,1.0,,243814466142.0,False,176.92711211227453,8.176875050030354,,False,212,False,False,457,에이프로젠,7460,D,D,C,D,2025,,,,,1,1,2,1,1,26.219673388336627,제조업,3.0,1.0,0.3333333333333333
261443,NC,36570,0,정상,0.0,계속사업자,1.0,,3399755488157.0,False,24.321967823052297,375.66984309629606,,False,582,False,False,968,NC,36570,A,B+,A,A,2025,,,,,5,4,5,5,0,28.854724629716696,정보통신,7.0,5.0,0.7142857142857143
107224,남선알미늄,8350,0,정상,0.0,계속사업자,1.0,,191427887651.0,False,73.34126817037287,158.29560216940592,,False,24222,False,False,853,남선알미늄,8350,D,C,D,D,2025,,,,,1,2,1,1,0,25.977777008857288,제조업,6.0,2.0,0.3333333333333333
117629,KBI동양철관,8970,0,정상,0.0,계속사업자,1.0,,131267335103.0,False,61.92962174726293,181.11374667335204,,False,2413,False,False,1015,KBI동양철관,8970,D,C,D,D,2025,,,,,1,2,1,1,0,25.600501806671986,제조업,3.0,1.0,0.3333333333333333
174527,HS화성,2460,0,정상,0.0,계속사업자,1.0,,435668339106.0,False,67.81961713864895,128.70093063879102,,False,41112,False,False,1026,HS화성,2460,C,C,B,B,2025,,,,,2,2,3,3,0,26.800147100700052,건설업,6.0,3.0,0.5
108135,녹십자홀딩스,5250,1,유동비율<100%;,25.0,계속사업자,1.0,,661944249632.0,False,,3.221655542354217,,False,715,True,False,835,녹십자홀딩스,5250,B+,A,A,B,2025,,,,,4,5,5,3,1,27.21844717427973,전문과학기술,5.0,2.0,0.4
411808,제이오,418550,0,정상,0.0,계속사업자,1.0,,170233506528.0,False,21.93976384129576,541.3915468387876,,False,721,True,False,318,제이오,418550,D,D,D,C,2025,,,,,1,1,1,2,0,25.860436899327112,전문과학기술,4.0,2.0,0.5
125530,삼립,5610,0,정상,0.0,계속사업자,1.0,,449413709395.0,False,97.303342686783,114.40336858412428,,False,108,False,False,638,삼립,5610,B,B+,A,C,2025,,,,,3,4,5,2,0,26.831209702229227,제조업,5.0,3.0,0.6
129679,녹십자,6280,0,정상,0.0,계속사업자,1.0,,1254995467476.0,False,,132.76457467451868,,False,212,False,False,836,녹십자,6280,A,A,A,B+,2025,,,,,5,5,5,4,0,27.858153076932865,제조업,7.0,4.0,0.5714285714285714
162063,한신공영,4960,0,정상,0.0,계속사업자,1.0,,829044540624.0,False,132.80882282057763,125.48032070583112,,False,41112,False,False,89,한신공영,4960,D,C,C,D,2025,,,,,1,2,2,1,0,27.443539718773504,건설업,5.0,2.0,0.4
619640,에코앤드림,101360,1,유동비율<100%;,25.0,계속사업자,1.0,,213655906178.0,False,,77.88591663046685,,False,282,False,False,454,에코앤드림,101360,D,C,C,D,2025,,,,,1,2,2,1,1,26.087632642829405,제조업,3.0,1.0,0.3333333333333333
842619,리가켐바이오,141080,0,정상,0.0,계속사업자,1.0,,577459092308.0,False,14.421725042227076,895.3942825039885,,False,70113,False,False,711,리가켐바이오,141080,B+,B+,A,B,2025,,,,,4,4,5,3,0,27.08190344100308,전문과학기술,7.0,2.0,0.2857142857142857
115694,DB증권,16610,1,부채비율≥200%;,25.0,계속사업자,1.0,,989170540880.0,False,988.472839094302,,,False,66121,False,False,1070,DB증권,16610,C,C,B+,C,2025,,,,,2,2,4,2,1,27.620132591398093,금융보험,5.0,3.0,0.6
138242,KG모빌리티,3620,0,정상,0.0,계속사업자,1.0,,1510629715309.0,False,118.5483524077696,130.3052110748859,,False,301,False,False,1008,KG모빌리티,3620,C,B,B,D,2025,,,,,2,3,3,1,0,28.0435477098285,제조업,7.0,5.0,0.7142857142857143
244455,케이티앤지,33780,0,정상,0.0,계속사업자,1.0,,7548341000000.0,False,50.55350573059696,153.71595952032243,,False,12000,False,False,247,케이티앤지,33780,A,A,A+,A,2025,,,,,5,5,6,5,0,29.65234891994485,제조업,8.0,6.0,0.75
255619,강원랜드,35250,0,정상,0.0,계속사업자,1.0,,3946972527716.0,False,22.118592160082468,406.2834451141495,,False,91249,False,False,904,강원랜드,35250,A,A+,A,A,2025,,,,,5,6,5,5,0,29.003969952290127,기타,11.0,8.0,0.7272727272727273
525679,차바이오텍,85660,1,유동비율<100%;,25.0,계속사업자,1.0,,475108871231.0,False,95.59182571549646,51.48118106203836,,False,211,False,False,282,차바이오텍,85660,D,D,C,D,2025,,,,,1,1,2,1,1,26.88680981730973,제조업,4.0,1.0,0.25
356802,큐렉소,60280,0,정상,0.0,계속사업자,1.0,,96531884239.0,False,4.5744785443812495,2260.3122428022425,,False,47812,False,False,224,큐렉소,60280,D,D,D,C,2025,,,,,1,1,1,2,0,25.293139197340867,도소매,6.0,3.0,0.5
107598,남양유업,3920,0,정상,0.0,계속사업자,1.0,,824459866791.0,False,19.72811544109178,364.9900115193988,,False,104,False,False,851,남양유업,3920,B,A,A+,C,2025,,,,,3,5,6,2,0,27.437994301946926,제조업,6.0,2.0,0.3333333333333333
1236532,와이즈버즈,273060,1,부채비율≥200%;유동비율<100%;,25.0,계속사업자,1.0,,49744921338.0,False,218.08280421810323,64.77092112709191,,False,713,True,False,420,와이즈버즈,273060,D,D,D,C,2025,,,,,1,1,1,2,1,24.63017421168183,전문과학기술,4.0,1.0,0.25
298270,안랩,53800,0,정상,0.0,계속사업자,1.0,,389511387993.0,False,26.18515149391036,366.9763083077353,,False,58221,False,False,483,안랩,53800,A,B+,A+,B+,2025,,,,,5,4,6,4,0,26.68815893929579,정보통신,6.0,3.0,0.5
105873,LG디스플레이,34220,1,부채비율≥200%;유동비율<100%;,25.0,계속사업자,1.0,,3771705000000.0,False,557.8224436958882,35.57954654793084,,False,2621,False,False,989,LG디스플레이,34220,A,A,A+,B+,2025,,,,,5,5,6,4,1,28.958548269794072,제조업,7.0,4.0,0.5714285714285714
117267,동양생명,82640,0,정상,0.0,계속사업자,1.0,,2010539027552.0,False,,,,False,65110,False,False,760,동양생명,82640,B+,A,B+,B+,2025,,,,,4,5,4,4,0,28.32942397495905,금융보험,5.0,3.0,0.6
1702017,유니드비티플러스,446070,0,정상,0.0,계속사업자,1.0,,191921316269.0,False,14.824681607602985,581.3893278392765,,False,16102,False,False,388,유니드비티플러스,446070,C,C,C,C,2025,,,,,2,2,2,2,0,25.980351313879716,제조업,3.0,1.0,0.3333333333333333
141404,블루산업개발,6740,1,유동비율<100%;,25.0,계속사업자,1.0,,80667237235.0,False,91.93212036747896,46.92221402566975,,False,172,False,False,652,블루산업개발,6740,D,C,D,D,2025,,,,,1,2,1,1,1,25.11359834757113,제조업,7.0,2.0,0.2857142857142857
126362,삼성SDI,6400,1,유동비율<100%;,25.0,계속사업자,1.0,,14608015668922.0,False,,96.30464144693124,,False,28202,False,False,636,삼성SDI,6400,A,A,A+,B+,2025,,,,,5,5,6,4,1,30.31259151240668,제조업,7.0,4.0,0.5714285714285714
787376,대성에너지,117580,0,정상,0.0,계속사업자,1.0,,345719204223.0,False,128.87278426182357,100.3194914393706,,False,35200,False,False,812,대성에너지,117580,B,B+,B+,C,2025,,,,,3,4,4,2,0,26.568892734031948,기타,10.0,3.0,0.3
815369,에스제이엠,123700,0,정상,0.0,계속사업자,1.0,,182942853364.0,False,10.820424259817166,647.8903369627137,,False,303,False,False,470,에스제이엠,123700,C,C,C,C,2025,,,,,2,2,2,2,0,25.93243966431986,제조업,3.0,1.0,0.3333333333333333
1020843,원익피앤이,217820,1,부채비율≥200%;유동비율<100%;,25.0,계속사업자,1.0,,105686029640.0,False,202.46485749712943,87.4886186386789,,False,292,False,False,397,원익피앤이,217820,D,C,C,D,2025,,,,,1,2,2,1,1,25.383738551172538,제조업,4.0,1.0,0.25
126308,삼성E&A,28050,0,정상,0.0,계속사업자,1.0,,3349232754613.0,False,126.98165064077249,134.4591131561562,,False,72129,True,False,637,삼성E&A,28050,A,A,A,A,2025,,,,,5,5,5,5,0,28.839752407060764,전문과학기술,7.0,4.0,0.5714285714285714
121543,무학,33920,0,정상,0.0,계속사업자,1.0,,608492609522.0,False,17.322260214926917,413.3395958955317,,False,11122,False,False,684,무학,33920,C,C,C,C,2025,,,,,2,2,2,2,0,27.134250603896785,제조업,7.0,3.0,0.4285714285714285
132211,SUN&L,2820,1,유동비율<100%;,25.0,계속사업자,1.0,,219840496590.0,False,94.35484564513828,88.312768157132,,False,22232,False,False,916,SUN&L,2820,C,C,C,B,2025,,,,,2,2,2,3,1,26.116168104847933,제조업,4.0,1.0,0.25
925374,윤성에프앤씨,372170,0,정상,0.0,계속사업자,1.0,,196672364845.0,False,,188.9105932137533,,False,292,False,False,371,윤성에프앤씨,372170,C,C,D,C,2025,,,,,2,2,1,2,0,26.00480505854647,제조업,3.0,2.0,0.6666666666666666
160861,한농화성,11500,0,정상,0.0,계속사업자,1.0,,174382885222.0,False,36.677590764469656,312.63276674515595,,False,20421,False,False,110,한농화성,11500,D,C,C,D,2025,,,,,1,2,2,1,0,25.88451920841076,제조업,6.0,2.0,0.3333333333333333
141529,오뚜기,7310,0,정상,0.0,계속사업자,1.0,,1704620363207.0,False,52.20141734631755,131.54572128769132,,False,108,False,False,429,오뚜기,7310,A,A,A+,B+,2025,,,,,5,5,6,4,0,28.164363540995755,제조업,6.0,4.0,0.6666666666666666
151368,인터지스,129260,0,정상,0.0,계속사업자,1.0,,266654442168.0,False,67.27835549387636,131.86802916469333,,False,49301,False,False,344,인터지스,129260,C,C,C,B,2025,,,,,2,2,2,3,0,26.309219433025458,기타,5.0,3.0,0.6
503668,LIG디펜스앤에어로스페이스,79550,1,부채비율≥200%;유동비율<100%;,25.0,계속사업자,1.0,,1430099949880.0,False,447.71840036007706,90.21359071089502,,False,25200,False,False,981,LIG디펜스앤에어로스페이스,79550,A,A,A+,A,2025,,,,,5,5,6,5,1,27.9887654527788,제조업,7.0,4.0,0.5714285714285714
151298,DSR제강,69730,0,정상,0.0,계속사업자,1.0,,188341592236.0,False,35.64763064595503,208.4099348259936,,False,24123,False,False,1061,DSR제강,69730,D,D,D,D,2025,,,,,1,1,1,1,0,25.961523131043776,제조업,7.0,3.0,0.4285714285714285
178754,동아지질,28100,0,정상,0.0,계속사업자,1.0,,228421718632.0,False,99.18259553636926,150.3482683289129,,False,421,False,False,763,동아지질,28100,C,C,B,C,2025,,,,,2,2,3,2,0,26.154459400540215,건설업,6.0,2.0,0.3333333333333333
173102,모나리자,12690,0,정상,0.0,계속사업자,1.0,,87426443949.0,False,15.021436546888417,355.0683440823365,,False,17902,False,False,692,모나리자,12690,A,A,A,B+,2025,,,,,5,5,5,4,0,25.194063636190684,제조업,6.0,2.0,0.3333333333333333
1386916,SK아이이테크놀로지,361610,0,정상,0.0,계속사업자,1.0,,1975892062000.0,False,31.17759354609928,226.36873981858167,,False,282,False,False,934,SK아이이테크놀로지,361610,A,A,A+,B+,2025,,,,,5,5,6,4,0,28.312041089268327,제조업,6.0,4.0,0.6666666666666666
486097,KT나스미디어,89600,0,정상,0.0,계속사업자,1.0,,185776270915.0,False,,,,False,71310,True,False,994,KT나스미디어,89600,B,B,B+,B,2025,,,,,3,3,4,3,0,25.947808942118474,전문과학기술,7.0,3.0,0.4285714285714285
149804,디와이에이,2880,1,부채비율≥200%;유동비율<100%;,25.0,계속사업자,1.0,,46937608040.0,False,736.9729990633754,43.85289548156398,,False,303,False,False,732,디와이에이,2880,C,C,B,C,2025,,,,,2,2,3,2,1,24.572085068252402,제조업,7.0,3.0,0.4285714285714285
405278,KG파이낸셜,46440,0,정상,0.0,계속사업자,1.0,,355195951296.0,False,45.89432422954416,252.075492507042,,False,582,False,False,1003,KG파이낸셜,46440,B,C,B+,B,2025,,,,,3,2,4,3,0,26.595935449621084,정보통신,4.0,1.0,0.25
124726,빙그레,5180,0,정상,0.0,계속사업자,1.0,,732210513262.0,False,38.721818141601695,255.88431372656245,,False,104,False,False,646,빙그레,5180,A,A,A+,B+,2025,,,,,5,5,6,4,0,27.319333895986173,제조업,6.0,2.0,0.3333333333333333
101433,경농,2100,0,정상,0.0,계속사업자,1.0,,260247153192.0,False,49.75680913653143,160.9604210655041,,False,2032,False,False,900,경농,2100,D,C,D,D,2025,,,,,1,2,1,1,0,26.284897605638147,제조업,4.0,1.0,0.25
226352,케이엠더블유,32500,1,유동비율<100%;,25.0,계속사업자,1.0,,125585155267.0,False,79.2022571891797,61.93266708974625,,False,2642,False,False,253,케이엠더블유,32500,D,D,C,C,2025,,,,,1,1,2,2,1,25.556249893446093,제조업,4.0,1.0,0.25
131780,SK네트웍스,1740,1,유동비율<100%;,25.0,계속사업자,1.0,,1797868000000.0,False,86.2452638347198,88.58267275683082,,False,467,True,False,939,SK네트웍스,1740,A,A,A+,A,2025,,,,,5,5,6,5,1,28.21762263437752,도소매,7.0,4.0,0.5714285714285714
364467,드림어스컴퍼니,60570,0,정상,0.0,계속사업자,1.0,,136620633275.0,False,50.19284812051023,210.83114612728068,,False,603,False,False,741,드림어스컴퍼니,60570,C,C,B+,C,2025,,,,,2,2,4,2,0,25.64047382154167,정보통신,7.0,2.0,0.2857142857142857
1489648,솔브레인,357780,0,정상,0.0,계속사업자,1.0,,1013402363906.0,False,10.866393541609542,300.71408864606144,,False,204,False,False,556,솔브레인,357780,A,B+,A+,B+,2025,,,,,5,4,6,4,0,27.64433446263401,제조업,3.0,1.0,0.3333333333333333
195229,미스토홀딩스,81660,1,유동비율<100%;,25.0,계속사업자,1.0,,562851566417.0,False,39.23850035127752,83.02447129993692,,False,464,True,False,675,미스토홀딩스,81660,B+,B+,A,B+,2025,,,,,4,4,5,4,1,27.056281782753036,도소매,7.0,3.0,0.4285714285714285
194947,한전산업,130660,0,정상,0.0,계속사업자,1.0,,113314917132.0,False,98.15479409201151,162.72209358872246,,False,72129,True,False,77,한전산업,130660,C,C,C,C,2025,,,,,2,2,2,2,0,25.4534366567905,전문과학기술,8.0,4.0,0.5
117498,스틱인베스트먼트,26890,0,정상,0.0,계속사업자,1.0,,227134517414.0,False,21.41884790382872,371.950006848356,,False,64201,False,False,550,스틱인베스트먼트,26890,B+,B+,A,B,2025,,,,,4,4,5,3,0,26.14880826664391,금융보험,8.0,4.0,0.5
540605,이월드,84680,1,유동비율<100%;,25.0,계속사업자,1.0,,214845170134.0,False,88.63634249875261,21.71843913263166,,False,331,False,False,354,이월드,84680,D,D,C,D,2025,,,,,1,1,2,1,1,26.093183466737866,제조업,5.0,2.0,0.4
679314,동성케미컬,102260,1,유동비율<100%;,25.0,계속사업자,1.0,,361048021210.0,False,57.85730604863214,88.94117932690509,,False,20202,False,False,766,동성케미컬,102260,A,A,A+,B+,2025,,,,,5,5,6,4,1,26.612276809174933,제조업,5.0,2.0,0.4
531014,유진테크,84370,0,정상,0.0,계속사업자,1.0,,530065390773.0,False,13.463364062295824,737.7766812936803,,False,29271,False,False,375,유진테크,84370,D,D,C,D,2025,,,,,1,1,2,1,0,26.99626621469902,제조업,4.0,1.0,0.25
120562,롯데지주,4990,1,유동비율<100%;,25.0,계속사업자,1.0,,4939611027793.0,False,84.063608682125,22.820020684665028,,False,64992,False,False,718,롯데지주,4990,A,A,A+,B+,2025,,,,,5,5,6,4,1,29.228307704715117,금융보험,8.0,5.0,0.625
838005,서진시스템,178320,1,유동비율<100%;,25.0,계속사업자,1.0,,630433481004.0,False,98.4968000670098,50.36151143605735,,False,289,False,False,585,서진시스템,178320,C,C,B,D,2025,,,,,2,2,3,1,1,27.16967348480945,제조업,4.0,1.0,0.25
1256864,에이비엘바이오,298380,0,정상,0.0,계속사업자,1.0,,157779883012.0,False,78.64912691661846,108.2221887494953,,False,211,False,False,461,에이비엘바이오,298380,C,D,D,B+,2025,,,,,2,1,1,4,0,25.784466753150284,제조업,5.0,3.0,0.6
104573,국일제지,78130,0,정상,0.0,계속사업자,1.0,,119874676896.0,False,11.55324163252208,668.2338414528048,,False,179,False,False,874,국일제지,78130,D,C,D,D,2025,,,,,1,2,1,1,0,25.5097126748054,제조업,5.0,3.0,0.6
103176,흥국화재,540,1,부채비율≥200%;,25.0,계속사업자,1.0,,836868000000.0,False,1393.9203076231856,,,False,65121,False,False,2,흥국화재,540,B+,B+,B,B+,2025,,,,,4,4,3,4,1,27.452932188905784,금융보험,6.0,4.0,0.6666666666666666
109824,대림통상,6570,1,유동비율<100%;,25.0,계속사업자,1.0,,48525831830.0,False,189.55704346964515,79.0368449510283,,False,25993,False,False,816,대림통상,6570,D,C,C,D,2025,,,,,1,2,2,1,1,24.60536210815234,제조업,4.0,1.0,0.25
113243,대한제분,1130,0,정상,0.0,계속사업자,1.0,,793986128945.0,False,31.4694956705356,133.98400219489724,,False,105,False,False,791,대한제분,1130,C,C,D,C,2025,,,사회 등급조정(2026.07.),,2,2,1,2,0,27.40033182819838,제조업,5.0,2.0,0.4
144243,유니슨,18000,1,유동비율<100%;,25.0,계속사업자,1.0,,107690251495.0,False,140.09924221414315,45.355664976964654,,False,29119,False,False,387,유니슨,18000,C,C,C,C,2025,,,,,2,2,2,2,1,25.402524901645233,제조업,7.0,2.0,0.2857142857142857
115287,동방,4140,1,부채비율≥200%;유동비율<100%;,25.0,계속사업자,1.0,,171449177661.0,False,248.824069075743,97.54652073154752,,False,529,False,False,771,동방,4140,C,B,B+,C,2025,,,,,2,3,4,2,1,25.867552719465884,기타,3.0,1.0,0.3333333333333333
118266,DRB동일,4840,1,유동비율<100%;,25.0,계속사업자,1.0,,203992954478.0,False,23.4370410195496,45.39588190114953,,False,221,False,False,1063,DRB동일,4840,B+,B+,A,B+,2025,,,,,4,4,5,4,1,26.041351293321668,제조업,5.0,4.0,0.8
120076,LX인터내셔널,1120,0,정상,0.0,계속사업자,1.0,,2814857897788.0,False,67.97761810742435,110.5491399657934,,False,4610,True,False,973,LX인터내셔널,1120,A,B+,A,A,2025,,,,,5,4,5,5,0,28.665932895886524,도소매,7.0,4.0,0.5714285714285714
260958,케이티알파,36030,0,정상,0.0,계속사업자,1.0,,303073655507.0,False,63.62226698801487,229.26993640823983,,False,461,True,False,248,케이티알파,36030,B+,A,A,B+,2025,,,,,4,5,5,4,0,26.437241700396655,도소매,7.0,3.0,0.4285714285714285
130879,서울식품공업,4410,1,유동비율<100%;,25.0,계속사업자,1.0,,26780173037.0,False,172.02645998720848,58.5692893566338,,False,108,False,False,587,서울식품공업,4410,D,C,D,D,2025,,,,,1,2,1,1,1,24.010927638615,제조업,6.0,2.0,0.3333333333333333
159795,한국카본,17960,0,정상,0.0,계속사업자,1.0,,584663803819.0,False,76.6866250124153,135.64234209760565,,False,2512,False,False,122,한국카본,17960,C,B+,B,D,2025,,,,,2,4,3,1,0,27.09430282465169,제조업,3.0,1.0,0.3333333333333333
382199,신한지주,55550,0,정상,0.0,계속사업자,1.0,,26335460000000.0,False,43.50927228914931,,,False,64992,False,False,526,신한지주,55550,A+,A+,B+,A+,2025,,,사회 등급조정(2026.04.),,6,6,4,6,0,30.90193743596026,금융보험,11.0,9.0,0.8181818181818182
492894,젬백스,82270,1,유동비율<100%;,25.0,계속사업자,1.0,,62356551112.0,False,163.01958261196657,61.59642799938724,,False,29271,False,False,309,젬백스,82270,D,D,C,D,2025,,,,,1,1,2,1,1,24.8561345735129,제조업,6.0,2.0,0.3333333333333333
115612,동부건설,5960,0,정상,0.0,계속사업자,1.0,,531730443573.0,False,195.14247697546887,120.02718755869498,,False,412,False,False,769,동부건설,5960,B,B+,B,B,2025,통합 등급조정(2026.04.),,사회 등급조정(2026.04.),,3,4,3,3,0,26.99940251286667,건설업,5.0,3.0,0.6
145260,율촌화학,8730,1,유동비율<100%;,25.0,계속사업자,1.0,,289339091796.0,False,134.61304134375683,98.94968567227704,,False,22231,False,False,370,율촌화학,8730,D,C,C,D,2025,,,,,1,2,2,1,1,26.390865165261335,제조업,4.0,2.0,0.5
108241,농심,4370,0,정상,0.0,계속사업자,1.0,,2378764991516.0,False,35.87392255210345,192.75643353615555,,False,108,False,False,834,농심,4370,B,A,A+,D,2025,,,,,3,5,6,1,0,28.497602557803226,제조업,7.0,4.0,0.5714285714285714
117276,네이처셀,7390,0,정상,0.0,계속사업자,1.0,,63035094463.0,False,17.160926860115268,331.1439765231541,,False,211,False,False,847,네이처셀,7390,D,D,D,D,2025,,,,,1,1,1,1,0,24.866957463208674,제조업,8.0,2.0,0.25
120526,롯데쇼핑,23530,1,유동비율<100%;,25.0,계속사업자,1.0,,14267031838874.0,False,112.71879096705102,37.882646124120576,,False,47111,False,False,723,롯데쇼핑,23530,A,A,A+,A,2025,,,,,5,5,6,5,1,30.288972525703368,도소매,8.0,6.0,0.75
144395,동서,26960,0,정상,0.0,계속사업자,1.0,,1722042616196.0,False,3.107391503539278,2031.691287919346,,False,4632,True,False,768,동서,26960,D,C,C,D,2025,,,,,1,2,2,1,0,28.17453226970916,도소매,4.0,1.0,0.25
149655,삼성물산,28260,0,정상,0.0,계속사업자,1.0,,44065034506504.0,False,45.23647848826221,127.83098674394886,,False,467,True,False,634,삼성물산,28260,A,A,A,A+,2025,통합 등급조정(2026.01.),,사회 등급조정(2026.01.),,5,5,5,6,0,31.416687715561768,도소매,9.0,5.0,0.5555555555555556
165413,롯데케미칼,11170,1,유동비율<100%;,25.0,계속사업자,1.0,,10813407538298.0,False,64.4145543135086,71.01271267373062,,False,20111,False,False,714,롯데케미칼,11170,B+,A,A+,B,2025,,,,,4,5,6,3,1,30.01180791884212,제조업,10.0,6.0,0.6
101044,에이프로젠바이오로직스,3060,1,유동비율<100%;,25.0,계속사업자,1.0,,245011427739.0,False,108.49993715402732,41.90910362692788,,False,212,False,False,456,에이프로젠바이오로직스,3060,D,C,D,D,2025,,,,,1,2,1,1,1,26.224570690236,제조업,4.0,1.0,0.25
163512,한진,2320,1,유동비율<100%;,25.0,계속사업자,1.0,,1443332977528.0,False,126.81686463825643,67.51812040150395,,False,49309,False,False,76,한진,2320,A,A,A,B+,2025,,,,,5,5,5,4,1,27.99797612275841,기타,8.0,5.0,0.625
1497869,티와이홀딩스,363280,1,유동비율<100%;,25.0,계속사업자,1.0,,699118993270.0,False,73.27490107812845,75.46570124278034,,False,64992,False,False,196,티와이홀딩스,363280,C,B+,B+,D,2025,,,,,2,4,4,1,1,27.273086798268668,금융보험,8.0,4.0,0.5
172185,남성,4270,1,유동비율<100%;,25.0,계속사업자,1.0,,114418833190.0,False,105.21484678845812,63.69805191804635,,False,46799,True,False,852,남성,4270,D,D,C,D,2025,,,,,1,1,2,1,1,25.463131528129484,도소매,4.0,1.0,0.25
260392,대원전선,6340,0,정상,0.0,계속사업자,1.0,,129096359096.0,False,105.10501875277455,168.36351975493395,,False,28302,False,False,802,대원전선,6340,D,C,D,D,2025,,,,,1,2,1,1,0,25.583824932201473,제조업,4.0,2.0,0.5
190321,케이티,30200,0,정상,0.0,계속사업자,1.0,,15226560000000.0,False,94.90670906626316,105.10357106582305,,False,612,False,False,250,케이티,30200,A,A,A,A,2025,,,사회 등급조정(2026.01.),,5,5,5,5,0,30.354062387329716,정보통신,9.0,7.0,0.7777777777777778
198697,일진디스플,20760,1,유동비율<100%;,25.0,계속사업자,1.0,,24674374945.0,False,152.95204069859366,49.24039814131929,,False,261,False,False,331,일진디스플,20760,D,C,D,D,2025,,,,,1,2,1,1,1,23.929031090435483,제조업,4.0,1.0,0.25
220613,넥스틸,92790,0,정상,0.0,계속사업자,1.0,,461788161420.0,False,48.12933332711767,186.30354552642544,,False,2419,False,False,842,넥스틸,92790,C,C,D,C,2025,,,,,2,2,1,2,0,26.858372097808452,제조업,6.0,3.0,0.5
356361,LG화학,51910,0,정상,0.0,계속사업자,1.0,,21992589000000.0,False,,143.31281967849517,,False,20111,False,False,982,LG화학,51910,B+,B,A+,B+,2025,,,,,4,3,6,4,0,30.7217266488992,제조업,7.0,4.0,0.5714285714285714
365590,HLB생명과학,67630,1,유동비율<100%;,25.0,계속사업자,1.0,,316045784991.0,False,39.78807644676575,51.753579383161686,,False,213,False,False,1033,HLB생명과학,67630,C,D,C,C,2025,,,,,2,1,2,2,1,26.47915292924992,제조업,4.0,2.0,0.5
102751,고려산업,2140,1,유동비율<100%;,25.0,계속사업자,1.0,,106755226380.0,False,126.00244495214754,84.3484611170633,,False,10520,False,False,890,고려산업,2140,D,D,D,C,2025,,,,,1,1,1,2,1,25.393804446919923,제조업,7.0,3.0,0.4285714285714285
123541,보해양조,890,0,정상,0.0,계속사업자,1.0,,90222397527.0,False,62.43300390808512,121.04971947177664,,False,11122,False,False,660,보해양조,890,D,D,D,C,2025,,,,,1,1,1,2,0,25.225543542803234,제조업,3.0,1.0,0.3333333333333333
162416,한양증권,1750,1,부채비율≥200%;,25.0,계속사업자,1.0,,581809787522.0,False,215.17195533800847,,,False,66121,False,False,87,한양증권,1750,B,D,B,B,2025,,,,,3,1,3,3,1,27.08940940569516,금융보험,5.0,3.0,0.6
103130,플레이그램,9810,1,유동비율<100%;,25.0,계속사업자,1.0,,58246865544.0,False,58.68454869245934,60.98748320877123,,False,467,True,False,165,플레이그램,9810,D,D,D,D,2025,,,,,1,1,1,1,1,24.787956117540954,도소매,6.0,2.0,0.3333333333333333
163691,유수홀딩스,700,0,정상,0.0,계속사업자,1.0,,244383168540.0,False,3.7702320978344734,204.4915026007916,,False,715,True,False,381,유수홀딩스,700,B+,B,A,B+,2025,,,,,4,3,5,4,0,26.222003193378036,전문과학기술,4.0,3.0,0.75
150244,하이트진로,80,1,유동비율<100%;,25.0,계속사업자,1.0,,1108611293089.0,False,173.62281357370907,57.26660666806647,,False,11122,False,False,145,하이트진로,80,B,B+,A,C,2025,,,,,3,4,5,2,1,27.734129260682504,제조업,5.0,3.0,0.6
415628,세진중공업,75580,1,유동비율<100%;,25.0,계속사업자,1.0,,197062190015.0,False,113.36680181641594,74.6780627965687,,False,31114,False,False,563,세진중공업,75580,D,D,D,C,2025,,,,,1,1,1,2,1,26.006785201221593,제조업,3.0,1.0,0.3333333333333333
480367,SK오션플랜트,100090,0,정상,0.0,계속사업자,1.0,,816949804589.0,False,32.411051805956355,120.23471750235268,,False,2413,False,False,933,SK오션플랜트,100090,A,A,A+,A,2025,,,,,5,5,6,5,0,27.428843491227425,제조업,4.0,1.0,0.25
653024,진에어,272450,1,부채비율≥200%;,25.0,계속사업자,1.0,,224435967985.0,False,423.1667656997273,112.56042150584496,,False,511,False,False,285,진에어,272450,A,A+,A,A,2025,,,,,5,6,5,5,1,26.136856282888807,기타,7.0,4.0,0.5714285714285714
795135,코오롱인더,120110,0,정상,0.0,계속사업자,1.0,,3180068070581.0,False,98.40353900698972,,,False,205,False,False,231,코오롱인더,120110,A,B+,A+,B+,2025,,,,,5,4,6,4,0,28.787923718334614,제조업,11.0,6.0,0.5454545454545454
816544,토니모리,214420,0,정상,0.0,계속사업자,1.0,,147980709219.0,False,36.356834573875794,141.23981739787965,,False,20423,False,False,203,토니모리,214420,C,D,D,B,2025,,,,,2,1,1,3,0,25.72034775910026,제조업,6.0,3.0,0.5
425351,멀티캠퍼스,67280,0,정상,0.0,계속사업자,1.0,,213706514275.0,False,38.65976798380869,353.2311747547462,,False,85650,False,False,706,멀티캠퍼스,67280,B+,B+,A,B+,2025,,,,,4,4,5,4,0,26.08786948207785,기타,3.0,1.0,0.3333333333333333
828497,한미약품,128940,1,유동비율<100%;,25.0,계속사업자,1.0,,856058975990.0,False,71.0932198662104,93.2540133428114,,False,21212,False,False,105,한미약품,128940,B,A,A+,C,2025,,,,,3,5,6,2,1,27.47560510789943,제조업,10.0,4.0,0.4
447487,제주반도체,80220,0,정상,0.0,계속사업자,1.0,,217979689390.0,False,49.8653118064249,284.4100482718661,,False,2611,False,False,312,제주반도체,80220,D,C,D,D,2025,,,,,1,2,1,1,0,26.10766772745932,제조업,3.0,1.0,0.3333333333333333
1205709,HD현대,267250,1,유동비율<100%;,25.0,계속사업자,1.0,,6034691685000.0,False,49.02255240898856,4.386518563509901,,False,64992,False,False,1046,HD현대,267250,A,A,A+,B+,2025,,,,,5,5,6,4,1,29.428545881351972,금융보험,5.0,3.0,0.6
1390344,HD현대중공업,329180,1,유동비율<100%;,25.0,계속사업자,1.0,,9382574674000.0,False,179.23105241677504,97.42379535697938,,False,31113,False,False,1039,HD현대중공업,329180,A,A,A,A,2025,,,,,5,5,5,5,1,29.869875326783493,제조업,5.0,3.0,0.6
140955,한솔케미칼,14680,0,정상,0.0,계속사업자,1.0,,941542104925.0,False,34.493186004132006,170.86424513547664,,False,20129,False,False,94,한솔케미칼,14680,B+,B+,A,B+,2025,,,,,4,4,5,4,0,27.57078490515359,제조업,6.0,3.0,0.5
563545,두산테스나,131970,0,정상,0.0,계속사업자,1.0,,437076674000.0,False,61.01876532537173,136.9878608377664,,False,739,True,False,744,두산테스나,131970,B+,B+,A,B,2025,,,,,4,4,5,3,0,26.80337447202908,전문과학기술,5.0,3.0,0.6
118044,동원수산,30720,0,정상,0.0,계속사업자,1.0,,57085091568.0,False,116.1876571818973,133.62818857787997,,False,3111,False,False,757,동원수산,30720,D,D,D,D,2025,,,,,1,1,1,1,0,24.76780882613753,제조업,4.0,1.0,0.25
106881,인디에프,14990,1,부채비율≥200%;유동비율<100%;,25.0,계속사업자,1.0,,37762154994.0,False,206.6636842770224,71.14281517666113,,False,14112,False,False,352,인디에프,14990,C,D,D,B,2025,,,,,2,1,1,3,1,24.35457324741091,제조업,3.0,1.0,0.3333333333333333
1226410,씨앤씨인터내셔널,352480,0,정상,0.0,계속사업자,1.0,,348927559666.0,False,22.526309832974466,323.5566915272489,,False,20423,False,False,513,씨앤씨인터내셔널,352480,C,D,D,B+,2025,,,,,2,1,1,4,0,26.578130172177218,제조업,7.0,2.0,0.2857142857142857
1261644,레인보우로보틱스,277810,0,정상,0.0,계속사업자,1.0,,135014282589.0,False,6.952636084121067,1263.757383165396,,False,29280,False,False,728,레인보우로보틱스,277810,D,D,D,D,2025,,,,,1,1,1,1,0,25.62864640674429,제조업,8.0,3.0,0.375
177199,디씨엠,24090,0,정상,0.0,계속사업자,1.0,,261196919125.0,False,12.668272935166074,452.744468866772,,False,2419,False,False,739,디씨엠,24090,D,D,D,C,2025,,,,,1,1,1,2,0,26.288540439198727,제조업,4.0,1.0,0.25
657783,모델솔루션,417970,0,정상,0.0,계속사업자,1.0,,71906459009.0,False,34.84471711486165,291.8904649057146,,False,292,False,False,689,모델솔루션,417970,C,C,D,C,2025,,,,지배구조 등급조정(2026.01.),2,2,1,2,0,24.998631930865354,제조업,4.0,1.0,0.25
126380,삼성전자,5930,0,정상,0.0,계속사업자,1.0,,254330083000000.0,False,41.1166334577888,139.0812354843255,,False,264,False,False,629,삼성전자,5930,A,B+,A+,B+,2025,,,,,5,4,6,4,0,33.16965407864672,제조업,9.0,6.0,0.6666666666666666
1261893,케이씨텍,281820,0,정상,0.0,계속사업자,1.0,,531028582207.0,False,13.19239568571692,711.4535578298922,,False,272,False,False,256,케이씨텍,281820,B,B,C,B+,2025,,,,,3,3,2,4,0,26.998081683871547,제조업,9.0,3.0,0.3333333333333333
172936,동일산업,4890,0,정상,0.0,계속사업자,1.0,,379230223354.0,False,8.581012943586835,832.9385304955405,,False,24113,False,False,753,동일산업,4890,C,C,C,C,2025,,,,,2,2,2,2,0,26.66140930708893,제조업,5.0,3.0,0.6
173874,넥센타이어,2350,0,정상,0.0,계속사업자,1.0,,1905282280651.0,False,83.64106259936962,193.08538130463,,False,221,False,False,844,넥센타이어,2350,B,A,A+,C,2025,,,,,3,5,6,2,0,28.275651292349238,제조업,8.0,5.0,0.625
233653,한국토지신탁,34830,0,정상,0.0,계속사업자,1.0,,892909995342.0,False,93.86987245181022,,,False,642,False,False,118,한국토지신탁,34830,D,D,C,D,2025,,,,,1,1,2,1,0,27.517751623652643,금융보험,8.0,4.0,0.5
299002,HL홀딩스,60980,1,유동비율<100%;,25.0,계속사업자,1.0,,1143706063922.0,False,85.75190098562653,44.26557040452629,,False,64992,False,False,1030,HL홀딩스,60980,A,A,A+,B+,2025,,,,,5,5,6,4,1,27.765295038741037,금융보험,7.0,4.0,0.5714285714285714
1061558,덕산네오룩스,213420,0,정상,0.0,계속사업자,1.0,,451903410381.0,False,25.077443136677136,542.9871272498511,,False,262,False,False,782,덕산네오룩스,213420,C,B,A,D,2025,,,,,2,3,5,1,0,26.836734300095515,제조업,6.0,2.0,0.3333333333333333
350312,HDC랩스,39570,0,정상,0.0,계속사업자,1.0,,261653748258.0,False,48.04917263636259,231.71818695057885,,False,423,False,False,1049,HDC랩스,39570,B+,B+,A,B+,2025,,,,,4,4,5,4,0,26.290287895127335,건설업,3.0,1.0,0.3333333333333333
186559,아이티센씨티에스,31820,0,정상,0.0,계속사업자,1.0,,175861704515.0,False,68.71239469232663,152.38167128229756,,False,6201,False,False,489,아이티센씨티에스,31820,C,B+,A,D,2025,,,,,2,4,5,1,0,25.89296375330452,정보통신,3.0,1.0,0.3333333333333333
147860,에스엠벡셀,10580,0,정상,0.0,계속사업자,1.0,,70162568788.0,False,42.77769782017064,185.27644414228047,,False,303,False,False,472,에스엠벡셀,10580,D,C,C,D,2025,,,,,1,2,2,1,0,24.974080797624012,제조업,6.0,3.0,0.5
1109539,와이씨,232140,0,정상,0.0,계속사업자,1.0,,310464445492.0,False,13.112057692625214,560.1900542202385,,False,292,False,False,421,와이씨,232140,D,C,C,D,2025,,,,,1,2,2,1,0,26.461335224491346,제조업,3.0,1.0,0.3333333333333333
357935,HDC현대EP,89470,0,정상,0.0,계속사업자,1.0,,262955144080.0,False,88.04266061156267,135.03340235276303,,False,204,False,False,1048,HDC현대EP,89470,B+,B+,B+,B,2025,,,,,4,4,4,3,0,26.29524929974915,제조업,3.0,1.0,0.3333333333333333
365387,AJ네트웍스,95570,1,부채비율≥200%;유동비율<100%;,25.0,계속사업자,1.0,,463049798000.0,False,267.80681833316163,38.51056390646768,,False,76320,False,False,1091,AJ네트웍스,95570,B+,C,A,A,2025,,,,,4,2,5,5,1,26.861100440324606,기타,6.0,2.0,0.3333333333333333
369833,유니온머티리얼,47400,0,정상,0.0,계속사업자,1.0,,57786933884.0,False,156.2655939996195,104.5499891292077,,False,23222,False,False,385,유니온머티리얼,47400,D,C,D,D,2025,,,,,1,2,1,1,0,24.78002852969968,제조업,4.0,1.0,0.25
458234,아시아나IDT,267850,0,정상,0.0,계속사업자,1.0,,168733144633.0,False,,409.476375085193,,False,62021,False,False,501,아시아나IDT,267850,C,C,A,C,2025,,,,,2,2,5,2,0,25.851584278054048,정보통신,7.0,5.0,0.7142857142857143
459871,농심홀딩스,72710,1,유동비율<100%;,25.0,계속사업자,1.0,,590691743213.0,False,11.582242268676817,65.0113669654436,,False,64992,False,False,833,농심홀딩스,72710,C,B+,A,C,2025,,,,,2,4,5,2,1,27.104560133191704,금융보험,4.0,1.0,0.25
896285,삼양사,145990,1,유동비율<100%;,25.0,계속사업자,1.0,,1420399247910.0,False,105.36917275190169,99.59324765512793,,False,108,False,False,621,삼양사,145990,B+,A,B+,B+,2025,통합 등급조정(2026.04.),,사회 등급조정(2026.04.),,4,5,4,4,1,27.98195910852351,제조업,8.0,5.0,0.625
1042775,HL만도,204320,1,유동비율<100%;,25.0,계속사업자,1.0,,2127816437558.0,False,90.07777570168126,93.6792894149836,,False,303,False,False,1031,HL만도,204320,A,A,A+,A,2025,,,,,5,5,6,5,1,28.38611742314124,제조업,7.0,4.0,0.5714285714285714
1205842,HD건설기계,267270,0,정상,0.0,계속사업자,1.0,,1431048828000.0,False,69.19702183635064,176.66149822836363,,False,29241,False,False,1045,HD현대건설기계,267270,A,A,A+,A,2025,,,,,5,5,6,5,0,27.989428737514025,제조업,5.0,3.0,0.6
1428203,케이씨씨글라스,344820,0,정상,0.0,계속사업자,1.0,,1497592103733.0,False,59.095008667979975,244.81399186110613,,False,2311,False,False,257,케이씨씨글라스,344820,A,A,A,A,2025,,,,,5,5,5,5,0,28.034879670041654,제조업,5.0,3.0,0.6
113058,한화생명,88350,1,부채비율≥200%;,25.0,계속사업자,1.0,,12468776000000.0,False,908.7323888086528,,,False,65110,False,False,68,한화생명,88350,A,A+,A,B+,2025,,,,,5,6,5,4,1,30.154248715229542,금융보험,7.0,4.0,0.5714285714285714
148540,CJ,1040,1,유동비율<100%;,25.0,계속사업자,1.0,,3005438656000.0,False,12.646384388555626,33.94856254412611,,False,64992,False,False,1082,CJ,1040,B+,A,A+,B,2025,통합 등급조정(2025.11.),,,지배구조 등급조정(2025.11.),4,5,6,3,1,28.731444648636728,금융보험,7.0,4.0,0.5714285714285714
127857,삼익악기,2450,0,정상,0.0,계속사업자,1.0,,197000975023.0,False,58.24382631944026,,,False,33201,False,False,611,삼익악기,2450,D,D,D,D,2025,,,,,1,1,1,1,0,26.00647451502748,제조업,4.0,1.0,0.25
107613,이수페타시스,7660,0,정상,0.0,계속사업자,1.0,,755595380135.0,False,57.2067264061052,220.47173596705684,,False,2622,False,False,362,이수페타시스,7660,B,B+,A+,D,2025,,,,,3,4,6,1,0,27.350771858387525,제조업,4.0,1.0,0.25
565154,이노션,214320,0,정상,0.0,계속사업자,1.0,,805656566091.0,False,57.64195035376225,138.7988688611955,,False,71310,True,False,367,이노션,214320,A,B+,A+,B+,2025,,,,,5,4,6,4,0,27.414923391986772,전문과학기술,7.0,3.0,0.4285714285714285
171265,파라다이스,34230,1,유동비율<100%;,25.0,계속사업자,1.0,,1255887914368.0,False,64.59691862018217,82.68002537826918,,False,91249,False,False,191,파라다이스,34230,B+,A,A+,B,2025,,,,,4,5,6,3,1,27.858863939839548,기타,5.0,3.0,0.6
155531,풍산홀딩스,5810,0,정상,0.0,계속사업자,1.0,,434861638142.0,False,20.83422025131944,117.9016298910581,,False,64992,False,False,167,풍산홀딩스,5810,B+,B,A,B+,2025,,,,,4,3,5,4,0,26.798293744202294,금융보험,6.0,2.0,0.3333333333333333
103510,인지컨트롤스,23800,1,유동비율<100%;,25.0,계속사업자,1.0,,220009746878.0,False,108.4741455906217,79.30014862797881,,False,30310,False,False,348,인지컨트롤스,23800,C,C,C,C,2025,,,,,2,2,2,2,1,26.11693768630829,제조업,3.0,1.0,0.3333333333333333
130383,서부T&D,6730,1,유동비율<100%;,25.0,계속사업자,1.0,,991718880043.0,False,120.83436024360464,52.41810517044942,,False,551,False,False,593,서부T&D,6730,D,C,D,D,2025,,,,,1,2,1,1,1,27.622705517016158,기타,7.0,4.0,0.5714285714285714
104786,미래아이앤지,7120,0,정상,0.0,계속사업자,1.0,,48642635098.0,False,45.00520841828346,270.3839726310313,,False,620,False,False,680,미래아이앤지,7120,D,D,D,D,2025,,,,,1,1,1,1,0,24.60776624867142,정보통신,4.0,1.0,0.25
159698,지역난방공사,71320,1,부채비율≥200%;유동비율<100%;,25.0,계속사업자,1.0,,2301416000000.0,False,257.31249804468206,50.808011963120826,,False,35300,False,False,291,지역난방공사,71320,A,A,A+,A,2025,,,,,5,5,6,5,1,28.464545701601512,기타,10.0,6.0,0.6
210980,원익,32940,1,유동비율<100%;,25.0,계속사업자,1.0,,129479017894.0,False,50.80338453822039,71.44557174188556,,False,4659,True,False,402,원익,32940,D,D,D,D,2025,,,,,1,1,1,1,1,25.586784680974144,도소매,4.0,1.0,0.25
453284,교촌에프앤비,339770,1,유동비율<100%;,25.0,계속사업자,1.0,,159016737992.0,False,107.18404489631446,62.7650437125439,,False,46313,True,False,878,교촌에프앤비,339770,D,C,D,D,2025,,,,,1,2,1,1,1,25.79227530401604,도소매,7.0,4.0,0.5714285714285714
136341,신성통상,5390,0,정상,0.0,계속사업자,1.0,,548513039181.0,False,115.89421410440372,183.12260153436367,,False,467,True,False,540,신성통상,5390,D,C,D,D,2025,,,,,1,2,1,1,0,27.03047688881487,도소매,3.0,1.0,0.3333333333333333
134723,페이퍼코리아,1020,0,정상,0.0,계속사업자,1.0,,264893827624.0,False,58.169925645349096,218.92100115354376,,False,171,False,False,180,페이퍼코리아,1020,D,C,D,D,2025,,,,,1,2,1,1,0,26.302594932175317,제조업,4.0,1.0,0.25
1021666,덕산테코피아,317330,1,유동비율<100%;,25.0,계속사업자,1.0,,255455369603.0,False,44.59262721548298,51.24102352086782,,False,2049,False,False,781,덕산테코피아,317330,D,C,C,D,2025,,,,,1,2,2,1,1,26.266313552674543,제조업,3.0,1.0,0.3333333333333333
583442,노루페인트,90350,0,정상,0.0,계속사업자,1.0,,363134250144.0,False,65.62969609572582,153.9168761656298,,False,20411,False,False,838,노루페인트,90350,A,A,A+,B+,2025,,,,,5,5,6,4,0,26.618038437946552,제조업,5.0,2.0,0.4
1258507,롯데웰푸드,280360,0,정상,0.0,계속사업자,1.0,,2124872932311.0,False,93.74635981642072,139.89938270211823,,False,108,False,False,721,롯데웰푸드,280360,A,A,A,B+,2025,,,,,5,5,5,4,0,28.384733119957513,제조업,7.0,5.0,0.7142857142857143
119140,핸즈코퍼레이션,143210,1,부채비율≥200%;유동비율<100%;,25.0,계속사업자,1.0,,51087576451.0,False,953.6141197366662,35.290982508172824,,False,303,False,False,58,핸즈코퍼레이션,143210,D,C,C,D,2025,,,,,1,2,2,1,1,24.65680718230743,제조업,8.0,3.0,0.375
121288,모나미,5360,1,유동비율<100%;,25.0,계속사업자,1.0,,88486967550.0,False,76.8313711503158,94.60287387061994,,False,46452,True,False,691,모나미,5360,D,D,C,D,2025,,,,,1,1,2,1,1,25.20612111879454,도소매,4.0,1.0,0.25
124090,한국특강,7280,0,정상,0.0,계속사업자,1.0,,214083709295.0,False,158.5095047682479,141.94974752957037,,False,24121,False,False,115,한국특강,7280,D,C,C,D,2025,,,,,1,2,2,1,0,26.089632940413114,제조업,6.0,3.0,0.5
125080,AK홀딩스,6840,1,유동비율<100%;,25.0,계속사업자,1.0,,445673020227.0,False,165.73735987019725,27.202687156153704,,False,64992,False,False,1090,AK홀딩스,6840,A,A,A+,B+,2025,,,,,5,5,6,4,1,26.822851381584535,금융보험,8.0,3.0,0.375
131197,서원,21050,1,유동비율<100%;,25.0,계속사업자,1.0,,84147773906.0,False,136.11685546661025,79.82720667863381,,False,243,False,False,586,서원,21050,C,C,D,C,2025,,,,,2,2,1,2,1,25.15584030335334,제조업,4.0,1.0,0.25
135050,팜젠사이언스,4720,0,정상,0.0,계속사업자,1.0,,120464702197.0,False,33.56682647958056,285.2416363083215,,False,212,False,False,185,팜젠사이언스,4720,B,B+,A,C,2025,,,,,3,4,5,2,0,25.514622619139658,제조업,8.0,2.0,0.25
135111,수산세보틱스,17550,0,정상,0.0,계속사업자,1.0,,175094462225.0,False,34.93076918983638,182.64010763199693,,False,29241,False,False,553,수산세보틱스,17550,D,C,D,D,2025,,,,,1,2,1,1,0,25.888591449381725,제조업,8.0,3.0,0.375
141477,영흥,12160,0,정상,0.0,계속사업자,1.0,,151264164407.0,False,55.00667377047933,175.09059691456653,,False,24123,False,False,430,영흥,12160,D,C,D,D,2025,,,,,1,2,1,1,0,25.74229357844447,제조업,5.0,3.0,0.6
152880,코오롱글로벌,3070,1,부채비율≥200%;유동비율<100%;,25.0,계속사업자,1.0,,608818789458.0,False,312.93985612246524,73.14439759292894,,False,41221,False,False,234,코오롱글로벌,3070,B+,B+,B+,B+,2025,,,,,4,4,4,4,1,27.1347865061221,건설업,9.0,5.0,0.5555555555555556
164830,HD한국조선해양,9540,0,정상,0.0,계속사업자,1.0,,11740987760000.0,False,9.88109307934412,254.07769943588937,,False,64992,False,False,1047,HD한국조선해양,9540,A,A,A,A,2025,,,,,5,5,5,5,0,30.09410706307544,금융보험,5.0,3.0,0.6
113508,노루홀딩스,320,0,정상,0.0,계속사업자,1.0,,346384265232.0,False,12.424531461951682,147.4474699315567,,False,64992,False,False,837,노루홀딩스,320,B+,A,A+,B,2025,,,,,4,5,6,3,0,26.570814588907854,금융보험,4.0,2.0,0.5
148610,한화투자증권,3530,1,부채비율≥200%;,25.0,계속사업자,1.0,,2065902000000.0,False,696.4001196571763,,,False,66121,False,False,61,한화투자증권,3530,A,A,A+,B+,2025,,,,,5,5,6,4,1,28.356588050844596,금융보험,5.0,3.0,0.6
102858,고려아연,10130,0,정상,0.0,계속사업자,1.0,,10258026385361.0,False,64.96001533024419,,,False,24213,False,False,889,고려아연,10130,B,A,A,C,2025,통합 등급조정(2026.07.),,,지배구조 등급조정(2026.07.),3,5,5,2,0,29.95908157706633,제조업,19.0,13.0,0.6842105263157895
1596425,SK스퀘어,402340,0,정상,0.0,계속사업자,1.0,,6284021000000.0,False,5.003054572860275,2236.7952277538006,,False,64992,False,False,935,SK스퀘어,402340,A,A,A+,A,2025,,,,,5,5,6,5,0,29.469031178136834,금융보험,6.0,4.0,0.6666666666666666
1187148,케어랩스,263700,0,정상,0.0,계속사업자,1.0,,76249131589.0,False,10.11828095510141,243.939988602188,,False,713,True,False,268,케어랩스,263700,D,D,C,D,2025,,,,,1,1,2,1,0,25.057271863372357,전문과학기술,4.0,1.0,0.25
1159233,솔루엠,248070,1,유동비율<100%;,25.0,계속사업자,1.0,,356198404819.0,False,142.01644803099268,96.08494777501436,,False,2629,False,False,557,솔루엠,248070,C,B,B+,D,2025,,,,,2,3,4,1,1,26.598753729462356,제조업,5.0,2.0,0.4
469799,이엔플러스,74610,1,유동비율<100%;,25.0,계속사업자,1.0,,14296152299.0,False,193.07564083470737,32.84799049385693,,False,29193,False,False,358,이엔플러스,74610,D,C,D,D,2025,,,,,1,2,1,1,1,23.383256268006445,제조업,6.0,2.0,0.3333333333333333
244747,파크시스템스,140860,0,정상,0.0,계속사업자,1.0,,214918364686.0,False,51.12512433990128,273.1986347414052,,False,27219,False,False,188,파크시스템스,140860,C,C,D,B,2025,,,,,2,2,1,3,0,26.09352409383522,제조업,7.0,5.0,0.7142857142857143
1067808,넵튠,217270,0,정상,0.0,계속사업자,1.0,,314474662582.0,False,7.483880741858882,100.721051435968,,False,582,False,False,840,넵튠,217270,C,D,C,C,2025,,,,,2,1,2,2,0,26.474169345714255,정보통신,4.0,3.0,0.75
166227,화승인더스트리,6060,1,유동비율<100%;,25.0,계속사업자,1.0,,213125927739.0,False,63.84084231676616,65.35361077431176,,False,46800,True,False,23,화승인더스트리,6060,B+,B+,B+,B,2025,,,,,4,4,4,3,1,26.085149038002285,도소매,7.0,3.0,0.4285714285714285
728638,한세실업,105630,0,정상,0.0,계속사업자,1.0,,744742292500.0,False,58.12173249030301,204.81394185226443,,False,14199,False,False,101,한세실업,105630,A,B+,A+,A,2025,,,,,5,4,6,5,0,27.33630407937581,제조업,6.0,3.0,0.5
104698,LS네트웍스,680,1,유동비율<100%;,25.0,계속사업자,1.0,,919837597582.0,False,97.08489011402804,62.65524271805969,,False,46800,True,False,979,LS네트웍스,680,C,B,B+,C,2025,,,,,2,3,4,2,1,27.547462967039845,도소매,6.0,3.0,0.5
128175,원익큐브,14190,0,정상,0.0,계속사업자,1.0,,110148847390.0,False,34.49702305868132,322.00354365225274,,False,46739,True,False,398,원익큐브,14190,D,D,C,D,2025,,,,,1,1,2,1,0,25.425098446136385,도소매,4.0,1.0,0.25
112059,상상인증권,1290,1,부채비율≥200%;,25.0,계속사업자,1.0,,195390281400.0,False,536.7931440539908,,,False,66121,False,False,598,상상인증권,1290,B,D,B,B,2025,,,,,3,1,3,3,1,25.998264838368325,금융보험,5.0,3.0,0.6
112651,대창,12800,1,유동비율<100%;,25.0,계속사업자,1.0,,241451256934.0,False,138.52110694806777,98.57943539746212,,False,24221,False,False,798,대창,12800,D,C,D,D,2025,,,,,1,2,1,1,1,26.209933455025865,제조업,3.0,1.0,0.3333333333333333
115977,아이에스동서,10780,0,정상,0.0,계속사업자,1.0,,1259863716879.0,False,133.01027893352233,115.75061592298744,,False,2332,False,False,494,아이에스동서,10780,C,B+,A,D,2025,,,,,2,4,5,1,0,27.86202466983495,제조업,7.0,4.0,0.5714285714285714
117300,TCC스틸,2710,0,정상,0.0,계속사업자,1.0,,196339147015.0,False,137.88308144647158,101.5021603750169,,False,24191,False,False,914,TCC스틸,2710,B+,B+,A,B,2025,,,,,4,4,5,3,0,26.003109342773318,제조업,4.0,1.0,0.25
118345,디아이동일,1530,1,유동비율<100%;,25.0,계속사업자,1.0,,537185544316.0,False,81.51060581842955,57.43736894174412,,False,46103,True,False,737,디아이동일,1530,D,D,C,D,2025,,,,,1,1,2,1,1,27.009609391918467,도소매,8.0,4.0,0.5
156859,다올투자증권,30210,1,부채비율≥200%;,25.0,계속사업자,1.0,,700678060256.0,False,688.0367018313127,,,False,661,False,False,828,다올투자증권,30210,B+,B+,A,B+,2025,,,,,4,4,5,4,1,27.275314360652445,금융보험,9.0,5.0,0.5555555555555556
252135,주성엔지니어링,36930,0,정상,0.0,계속사업자,1.0,,589368563181.0,False,50.45079361463738,356.3216964696716,,False,29229,False,False,298,주성엔지니어링,36930,B+,B+,A,B+,2025,,,,,4,4,5,4,0,27.10231756884247,제조업,6.0,4.0,0.6666666666666666
113526,대한항공,3490,1,부채비율≥200%;유동비율<100%;,25.0,계속사업자,1.0,,11187861262069.0,False,243.7354732332024,72.89144996387306,,False,511,False,False,790,대한항공,3490,A,A,A,B+,2025,,,,,5,5,5,4,1,30.045850490589746,기타,9.0,6.0,0.6666666666666666
227333,네패스,33640,1,부채비율≥200%;유동비율<100%;,25.0,계속사업자,1.0,,98782428971.0,False,343.4076033447084,38.89274701523354,,False,261,False,False,846,네패스,33640,C,B,B+,C,2025,,,,,2,3,4,2,1,25.31618558146096,제조업,7.0,2.0,0.2857142857142857
129420,까뮤이앤씨,13700,0,정상,0.0,계속사업자,1.0,,113806685839.0,False,137.4677055567043,124.26507064355177,,False,41121,False,False,858,까뮤이앤씨,13700,D,D,D,C,2025,,,,,1,1,1,2,0,25.457767107694956,건설업,5.0,3.0,0.6
132637,동원시스템즈,14820,0,정상,0.0,계속사업자,1.0,,839530397544.0,False,75.89974143891605,108.52910252260055,,False,222,False,False,756,동원시스템즈,14820,A,A,A+,B+,2025,,,,,5,5,6,4,0,27.456108521913894,제조업,3.0,1.0,0.3333333333333333
133706,한국제지,27970,0,정상,0.0,계속사업자,1.0,,406304333688.0,False,63.68603130817216,144.43793522729976,,False,171,False,False,127,한국제지,27970,D,C,D,D,2025,,,사회 등급조정(2026.07.),,1,2,1,1,0,26.730368306110133,제조업,4.0,1.0,0.25
138190,GS글로벌,1250,0,정상,0.0,계속사업자,1.0,,447079914000.0,False,96.68541427696525,168.27350288533867,,False,468,True,False,1052,GS글로벌,1250,A,B+,A,A,2025,,,,,5,4,5,5,0,26.826003194104494,도소매,7.0,3.0,0.4285714285714285
139454,애경산업,18250,0,정상,0.0,계속사업자,1.0,,399237742018.0,False,22.010083236829395,339.8430808878813,,False,20422,False,False,480,애경산업,18250,A,A,A+,A,2025,,,,,5,5,6,5,0,26.712822921047973,제조업,8.0,3.0,0.375
366137,KG에코솔루션,151860,1,유동비율<100%;,25.0,계속사업자,1.0,,561534977948.0,False,39.51732990007063,24.58629973060868,,False,302,False,False,1006,KG에코솔루션,151860,C,B,B+,D,2025,,,,,2,3,4,1,1,27.053939902947867,제조업,4.0,1.0,0.25
139889,SKC,11790,1,유동비율<100%;,25.0,계속사업자,1.0,,1801373603832.0,False,,71.6804206503565,,False,204,False,False,941,SKC,11790,A,B+,A+,A,2025,,,,,5,4,6,5,1,28.219570603047806,제조업,7.0,4.0,0.5714285714285714
141875,사조오양,6090,1,유동비율<100%;,25.0,계속사업자,1.0,,247164555860.0,False,76.49101550874771,74.12767088683073,,False,102,False,False,640,사조오양,6090,C,B,B+,C,2025,,,,,2,3,4,2,1,26.233320169806337,제조업,6.0,3.0,0.5
145446,이건산업,8250,1,유동비율<100%;,25.0,계속사업자,1.0,,114455543534.0,False,117.2741979833653,70.13479092157708,,False,16211,False,False,369,이건산업,8250,D,D,D,C,2025,,,,,1,1,1,2,1,25.46345231846731,제조업,4.0,1.0,0.25
146083,일동홀딩스,230,1,유동비율<100%;,25.0,계속사업자,1.0,,198872210129.0,False,49.21432557747185,8.093265385278883,,False,212,False,False,339,일동홀딩스,230,A,A,A+,B+,2025,,,,,5,5,6,4,1,26.01592829524198,제조업,6.0,2.0,0.3333333333333333
133858,세방전지,4490,0,정상,0.0,계속사업자,1.0,,1586173545445.0,False,18.42684477945952,363.4088724621932,,False,28202,False,False,573,세방전지,4490,B,A,A,D,2025,,,,,3,5,5,1,0,28.092345656512407,제조업,8.0,3.0,0.375
137359,신풍제약,19170,0,정상,0.0,계속사업자,1.0,,259255408993.0,False,31.32532372051407,280.8613796733721,,False,212,False,False,529,신풍제약,19170,C,C,B+,D,2025,,,,,2,2,4,1,0,26.281079547842253,제조업,5.0,3.0,0.6
149646,기업은행,24110,1,부채비율≥200%;,25.0,계속사업자,1.0,,33459862000000.0,False,1266.287227962865,,,False,64121,False,False,859,기업은행,24110,B,A+,A+,C,2025,통합 등급조정(2025.11.),,,지배구조 등급조정(2025.11.),3,6,6,2,1,31.141367687151167,금융보험,6.0,4.0,0.6666666666666666
154462,아모레퍼시픽홀딩스,2790,0,정상,0.0,계속사업자,1.0,,2148523263664.0,False,0.4551092615271383,6624.026646055542,,False,20423,False,False,506,아모레퍼시픽홀딩스,2790,A,A,A+,A,2025,,,,,5,5,6,5,0,28.395801867966,제조업,6.0,4.0,0.6666666666666666
525642,코오롱생명과학,102940,1,유동비율<100%;,25.0,계속사업자,1.0,,582689933747.0,False,55.55710249159023,60.680642670592064,,False,2110,False,False,232,코오롱생명과학,102940,C,D,C,B,2025,,,,,2,1,2,3,1,27.090921035756587,제조업,3.0,1.0,0.3333333333333333
148896,OCI홀딩스,10060,0,정상,0.0,계속사업자,1.0,,2278865596000.0,False,5.319010046610928,4585.555656789385,,False,64992,False,False,959,OCI홀딩스,10060,B+,B+,A,B+,2025,,,,,4,4,5,4,0,28.454698889463973,금융보험,7.0,4.0,0.5714285714285714
153621,참엔지니어링,9310,1,유동비율<100%;,25.0,계속사업자,1.0,,33318007500.0,False,,88.06014665168789,,False,29271,False,False,281,참엔지니어링,9310,D,D,D,C,2025,,,,,1,1,1,2,1,24.229363853537457,제조업,3.0,1.0,0.3333333333333333
153861,태영건설,9410,1,부채비율≥200%;,25.0,계속사업자,1.0,,451685846852.0,False,364.12902493642025,106.09121493635024,,False,41221,False,False,209,태영건설,9410,B+,B+,B,B+,2025,,,사회 등급조정(2025.11.),,4,4,3,4,1,26.836252746045457,건설업,5.0,3.0,0.6
541163,이엠텍,91120,0,정상,0.0,계속사업자,1.0,,175033709322.0,False,46.65343332967705,101.13625162533022,,False,262,False,False,357,이엠텍,91120,D,D,D,C,2025,,,,,1,1,1,2,0,25.88824441701731,제조업,3.0,2.0,0.6666666666666666
159023,SK텔레콤,17670,1,유동비율<100%;,25.0,계속사업자,1.0,,11991050000000.0,False,109.72922304552146,97.28444914463648,,False,61220,False,False,929,SK텔레콤,17670,A,A,B+,A,2025,,,사회 등급조정(2025.11.),,5,5,4,5,1,30.11518165411116,정보통신,8.0,5.0,0.625
162586,한올바이오파마,9420,0,정상,0.0,계속사업자,1.0,,162414432122.0,False,38.95155784892263,190.8685053484056,,False,212,False,False,85,한올바이오파마,9420,C,B,B+,C,2025,,,,,2,3,4,2,0,25.81341712847179,제조업,7.0,2.0,0.2857142857142857
572905,ISC,95340,0,정상,0.0,계속사업자,1.0,,480160086912.0,False,,575.5377342435697,,False,465,True,False,1022,ISC,95340,C,C,A,C,2025,,,,,2,2,5,2,0,26.897385399644783,도소매,7.0,2.0,0.2857142857142857
163114,서연,7860,0,정상,0.0,계속사업자,1.0,,341221491817.0,False,2.4819180365526066,217.679689918946,,False,64992,False,False,592,서연,7860,B+,B+,A,B+,2025,,,,,4,4,5,4,0,26.555797639492877,금융보험,6.0,3.0,0.5
164636,HDC,12630,0,정상,0.0,계속사업자,1.0,,2211562095405.0,False,6.866939714988599,359.4126914729971,57.10905674615563,False,649,False,False,1050,HDC,12630,C,A,A+,D,2025,,,,,2,5,6,1,0,28.424720212271183,금융보험,5.0,3.0,0.6
1096341,넥슨게임즈,225570,0,정상,0.0,계속사업자,1.0,,249951670432.0,False,56.00559530810729,504.06152509375886,,False,582,False,False,841,넥슨게임즈,225570,C,C,B+,D,2025,,,,,2,2,4,1,0,26.24453341784827,정보통신,3.0,1.0,0.3333333333333333
234412,신세계인터내셔날,31430,0,정상,0.0,계속사업자,1.0,,735235592673.0,False,74.51549222776347,152.62349870016592,,False,4741,False,False,537,신세계인터내셔날,31430,A,A,A+,B+,2025,,,,,5,5,6,4,0,27.3234568190481,도소매,8.0,3.0,0.375
989619,알테오젠,196170,0,정상,0.0,계속사업자,1.0,,447182467530.0,False,40.98374316379139,256.2857610349917,,False,70113,False,False,481,알테오젠,196170,C,D,C,C,2025,,,,,2,1,2,2,0,26.82623255303218,전문과학기술,6.0,2.0,0.3333333333333333
1456011,디어유,376300,0,정상,0.0,계속사업자,1.0,,211935327725.0,False,15.637482676320522,671.9183107919098,,False,58222,False,False,735,디어유,376300,C,D,C,C,2025,,,,,2,1,2,2,0,26.079547007177855,정보통신,7.0,2.0,0.2857142857142857
301246,SFA반도체,36540,0,정상,0.0,계속사업자,1.0,,368727023381.0,False,15.043631170391263,263.8856707842855,,False,2611,False,False,951,SFA반도체,36540,C,C,C,C,2025,,,,,2,2,2,2,0,26.63332243318387,제조업,4.0,1.0,0.25
109189,대덕,8060,0,정상,0.0,계속사업자,1.0,,487396139372.0,False,5.644565434894062,410.8966284164524,,False,64992,False,False,821,대덕,8060,B,B+,A+,C,2025,,,,,3,4,6,2,0,26.91234305724443,금융보험,4.0,1.0,0.25
126937,삼양홀딩스,70,0,정상,0.0,계속사업자,1.0,,1854508149622.0,False,20.149533110337924,160.26049506020115,,False,64992,False,False,617,삼양홀딩스,70,B+,A,A,B,2025,,,,,4,5,5,3,0,28.24864062837813,금융보험,6.0,4.0,0.6666666666666666
1351080,지아이이노베이션,358570,0,정상,0.0,계속사업자,1.0,,116493928388.0,False,9.410323160781346,569.1727266509484,,False,70113,False,False,293,지아이이노베이션,358570,C,D,C,C,2025,,,,,2,1,2,2,0,25.481104991752836,전문과학기술,8.0,4.0,0.5
151395,천일고속,650,1,부채비율≥200%;,25.0,계속사업자,1.0,,9583544196.0,False,458.607526361117,,,False,49220,False,False,279,천일고속,650,C,C,D,C,2025,,,,,2,2,1,2,1,22.983313318340468,기타,4.0,1.0,0.25
579999,고영,98460,0,정상,0.0,계속사업자,1.0,,321875479213.0,False,,559.1539792520451,,False,29271,False,False,887,고영,98460,B+,B,A,B,2025,,,,,4,3,5,3,0,26.49743059718039,제조업,6.0,2.0,0.3333333333333333
1319808,한일시멘트,300720,0,정상,0.0,계속사업자,1.0,,1888647857753.0,False,58.88232339336598,115.24922372078716,,False,23311,False,False,83,한일시멘트,300720,B+,A,A+,B,2025,,,,,4,5,6,3,0,28.26688226978737,제조업,7.0,4.0,0.5714285714285714
176835,NH농우바이오,54050,0,정상,0.0,계속사업자,1.0,,256134807881.0,False,17.33595707914474,412.7028430442724,,False,1123,False,False,966,NH농우바이오,54050,C,D,D,B,2025,,,,,2,1,1,3,0,26.26896973610954,제조업,11.0,6.0,0.5454545454545454
1168383,일동제약,249420,0,정상,0.0,계속사업자,1.0,,273934847023.0,False,111.4185326021606,105.1989405246309,,False,212,False,False,340,일동제약,249420,B,A,A+,C,2025,,,,,3,5,6,2,0,26.336156130471654,제조업,6.0,2.0,0.3333333333333333
136721,신영증권,1720,1,부채비율≥200%;,25.0,계속사업자,1.0,,1662751459213.0,False,490.5191260330865,,,False,66121,False,False,533,신영증권,1720,B+,B+,A,B+,2025,,,,,4,4,5,4,1,28.139494851700693,금융보험,5.0,3.0,0.6
442835,메타랩스,90370,1,유동비율<100%;,25.0,계속사업자,1.0,,73465558834.0,False,27.22375357028377,39.4247866214362,,False,141,False,False,697,메타랩스,90370,D,D,D,D,2025,,,,,1,1,1,1,1,25.020082546051352,제조업,4.0,1.0,0.25
112022,대원화성,24890,1,유동비율<100%;,25.0,계속사업자,1.0,,44456591578.0,False,186.12014547454967,51.90409442853374,,False,22214,False,False,800,대원화성,24890,D,C,D,D,2025,,,,,1,2,1,1,1,24.51777907988066,제조업,5.0,3.0,0.6
105280,현대지에프홀딩스,5440,1,유동비율<100%;,25.0,계속사업자,1.0,,1348254703000.0,False,,11.482552099501742,,False,64992,False,False,39,현대지에프홀딩스,5440,A,A,A+,A,2025,,,,,5,5,6,5,1,27.92983205938314,금융보험,6.0,3.0,0.5
606664,케이엔더블유,105330,1,유동비율<100%;,25.0,계속사업자,1.0,,95857805493.0,False,58.31208580722396,22.98133093278968,,False,303,False,False,254,케이엔더블유,105330,C,C,B,C,2025,,,,,2,2,3,2,1,25.286131737582554,제조업,4.0,1.0,0.25
128546,삼천당제약,250,0,정상,0.0,계속사업자,1.0,,234534929009.0,False,76.2250900479475,209.26298836743533,,False,212,False,False,606,삼천당제약,250,D,D,D,C,2025,,,,,1,1,1,2,0,26.180870364738514,제조업,4.0,1.0,0.25
238782,다우데이타,32190,1,유동비율<100%;,25.0,계속사업자,1.0,,199547401136.0,False,149.82514894004447,97.09388429892776,,False,46510,True,False,826,다우데이타,32190,D,D,C,D,2025,,,,,1,1,2,1,1,26.019317644733192,도소매,4.0,1.0,0.25
1722437,한화갤러리아,452260,1,유동비율<100%;,25.0,계속사업자,1.0,,853829263911.0,False,120.76739449826157,52.89433861142231,,False,47111,False,False,69,한화갤러리아,452260,B,C,B,B+,2025,,,,,3,2,3,4,1,27.472997085584517,도소매,5.0,3.0,0.6
148993,하이트진로홀딩스,140,1,유동비율<100%;,25.0,계속사업자,1.0,,996976573863.0,False,63.76037596058418,0.2460753455171636,,False,64992,False,False,144,하이트진로홀딩스,140,C,B+,A,C,2025,,,,,2,4,5,2,1,27.62799311000532,금융보험,5.0,3.0,0.6
117212,두산,150,1,유동비율<100%;,25.0,계속사업자,1.0,,3232177000000.0,False,108.95996722951745,86.66958280933895,,False,26221,False,False,748,두산,150,A,A,A+,B+,2025,,,,,5,5,6,4,1,28.804177019939342,제조업,7.0,4.0,0.5714285714285714
122056,미창석유공업,3650,0,정상,0.0,계속사업자,1.0,,479410729146.0,False,11.37853383573052,1052.6126048524536,,False,19221,False,False,670,미창석유공업,3650,D,C,D,D,2025,,,,,1,2,1,1,0,26.89582353905921,제조업,6.0,2.0,0.3333333333333333
104722,국제약품,2720,0,정상,0.0,계속사업자,1.0,,96228170914.0,False,87.53210813731212,107.0127404182314,,False,212,False,False,873,국제약품,2720,D,D,D,C,2025,,,,,1,1,1,2,0,25.28998798869357,제조업,6.0,3.0,0.5
112378,KR모터스,40,1,유동비율<100%;,25.0,계속사업자,1.0,,43713527804.0,False,116.3052662758273,63.81152182106137,,False,319,False,False,998,KR모터스,40,D,C,D,D,2025,,,,,1,2,1,1,1,24.500923451876183,제조업,4.0,2.0,0.5
117337,동양,1520,0,정상,0.0,계속사업자,1.0,,698144462690.0,False,62.55574133342697,122.91253805798748,,False,23322,False,False,762,동양,1520,B+,A,A+,B,2025,,,,,4,5,6,3,0,27.271691884898736,제조업,7.0,3.0,0.4285714285714285
118451,동일제강,2690,0,정상,0.0,계속사업자,1.0,,157613797772.0,False,11.9355752148128,678.3763622989743,,False,24122,False,False,752,동일제강,2690,C,C,D,C,2025,,,,,2,2,1,2,0,25.783413559852693,제조업,7.0,3.0,0.4285714285714285
159740,KISCO홀딩스,1940,0,정상,0.0,계속사업자,1.0,,548383378389.0,False,0.2456339220122175,4100.989588737029,,False,241,False,False,1001,KISCO홀딩스,1940,C,C,B,D,2025,,,,,2,2,3,1,0,27.030240474891865,제조업,6.0,3.0,0.5
160047,한국앤컴퍼니,240,0,정상,0.0,계속사업자,1.0,,2690080177109.0,False,9.851315786870025,335.22221874714336,,False,64992,False,False,132,한국앤컴퍼니,240,B,B+,A+,C,2025,통합 등급조정(2025.11.),,,지배구조 등급조정(2025.11.),3,4,6,2,0,28.620592114714846,금융보험,6.0,4.0,0.6666666666666666
203582,한솔홈데코,25750,0,정상,0.0,계속사업자,1.0,,104999730885.0,False,105.47685715813728,167.57679597937488,,False,161,False,False,90,한솔홈데코,25750,B+,B+,B+,B+,2025,,,,,4,4,4,4,0,25.37722362410065,제조업,7.0,2.0,0.2857142857142857
305668,새론오토모티브,75180,0,정상,0.0,계속사업자,1.0,,211472897184.0,False,9.20963068617454,736.7519529408282,,False,303,False,False,596,새론오토모티브,75180,D,C,D,D,2025,,,,,1,2,1,1,0,26.077362681519254,제조업,3.0,1.0,0.3333333333333333
1160363,에코프로비엠,247540,1,유동비율<100%;,25.0,계속사업자,1.0,,1509808631634.0,False,86.33981152546515,45.84721372582643,,False,28202,False,False,451,에코프로비엠,247540,B+,B,A,B,2025,,,,,4,3,5,3,1,28.04300402470673,제조업,8.0,5.0,0.625
149594,한국캐피탈,23760,1,부채비율≥200%;,25.0,계속사업자,1.0,,754145264471.0,False,583.5638382112036,,,False,64911,False,False,121,한국캐피탈,23760,C,D,C,B,2025,,,,,2,1,2,3,1,27.348850844847714,금융보험,7.0,4.0,0.5714285714285714
136101,메이슨캐피탈,21880,0,정상,0.0,계속사업자,1.0,,51104954930.0,False,20.36718631932468,,,False,64911,False,False,699,메이슨캐피탈,21880,D,D,D,D,2025,,,,,1,1,1,1,0,24.657147294817268,금융보험,5.0,2.0,0.4
122737,팬오션,28670,0,정상,0.0,계속사업자,1.0,,5640898000000.0,False,89.97647183125808,121.50922736671976,,False,50112,False,False,184,팬오션,28670,A,A,A,B+,2025,,,,,5,5,5,4,0,29.361064388622534,기타,7.0,4.0,0.5714285714285714
353610,이니텍,53350,0,정상,0.0,계속사업자,1.0,,138842296903.0,False,6.067428882198201,1741.9799590792202,,False,58221,False,False,365,이니텍,53350,C,C,C,C,2025,,,,,2,2,2,2,0,25.656604571328074,정보통신,3.0,1.0,0.3333333333333333
1365825,피에스케이,319660,0,정상,0.0,계속사업자,1.0,,449415274277.0,False,20.57345143191808,431.5979187510046,,False,29271,False,False,162,피에스케이,319660,C,B,B+,C,2025,,,,,2,3,4,2,0,26.831213184275374,제조업,5.0,2.0,0.4
523307,다원시스,68240,2,완전자본잠식(자본총계<0),60.0,계속사업자,1.0,,-490718140985.0,True,-224.17733420041355,30.30584608503241,,False,2811,False,False,825,다원시스,68240,D,C,C,D,2025,,,,,1,2,2,1,1,0.0,제조업,6.0,2.0,0.3333333333333333
415868,펩트론,87010,0,정상,0.0,계속사업자,1.0,,142008658725.0,False,26.034287225115115,1644.778495706533,,False,211,False,False,179,펩트론,87010,D,D,D,D,2025,,,,,1,1,1,1,0,25.679153869625274,제조업,4.0,2.0,0.5
168331,온타이드,5320,0,정상,0.0,계속사업자,1.0,,97350640623.0,False,33.46693760975889,234.949956263042,,False,46413,True,False,422,온타이드,5320,D,D,D,D,2025,,,,,1,1,1,1,0,25.3015851493593,도소매,4.0,1.0,0.25
164645,HMM,11200,0,정상,0.0,계속사업자,1.0,,26398028000000.0,False,24.87017212043263,592.7931041315763,,False,50112,False,False,1029,HMM,11200,A,A,A+,A,2025,,,,,5,5,6,5,0,30.904310426321164,기타,6.0,4.0,0.6666666666666666
136457,SH에너지화학,2360,0,정상,0.0,계속사업자,1.0,,67923768770.0,False,46.87848812662401,394.88940109403774,,False,201,False,False,945,SH에너지화학,2360,C,C,D,B,2025,,,,,2,2,1,3,0,24.94165186577875,제조업,7.0,3.0,0.4285714285714285
126955,삼양식품,3230,0,정상,0.0,계속사업자,1.0,,1170210736276.0,False,61.74104283688564,164.69533650559214,,False,108,False,False,620,삼양식품,3230,A+,A+,A+,A,2025,,,,,6,6,6,5,0,27.788204964994403,제조업,8.0,4.0,0.5
1035289,제이케이리버스톤자기관리부동산투자회사,204210,1,유동비율<100%;,25.0,계속사업자,1.0,,38260775642.0,False,86.63207437074153,7.103892103676153,,False,681,False,False,1020,JK리버스톤리츠,204210,D,D,D,D,2025,,,,,1,1,1,1,1,24.367691073675136,기타,4.0,1.0,0.25
145437,아센디오,12170,0,정상,0.0,계속사업자,1.0,,7251984608.0,False,55.78894067889891,100.66145185865687,,False,591,False,False,502,아센디오,12170,D,D,D,D,2025,,,,,1,1,1,1,0,22.704541007387785,정보통신,6.0,2.0,0.3333333333333333
134477,SNT다이내믹스,3570,0,정상,0.0,계속사업자,1.0,,858162269281.0,False,39.6450687195847,394.9745225725779,,False,30331,False,False,925,SNT다이내믹스,3570,D,C,C,D,2025,,,,,1,2,2,1,0,27.47805904358862,제조업,4.0,1.0,0.25
526836,미래나노텍,95500,0,정상,0.0,계속사업자,1.0,,263390579251.0,False,63.2941263894377,110.45998097593396,,False,2229,False,False,682,미래나노텍,95500,C,B,B,C,2025,,,,,2,3,3,2,0,26.29690385967444,제조업,4.0,1.0,0.25
1032404,콜마비앤에이치,200130,0,정상,0.0,계속사업자,1.0,,322371920672.0,False,61.50203804311067,150.52838320463778,,False,211,False,False,228,콜마비앤에이치,200130,B+,A,A,B,2025,,,,,4,5,5,3,0,26.498971749096096,제조업,8.0,2.0,0.25
241005,코오롱이앤피,138490,3,국세청 폐업,100.0,폐업자,3.0,2026-04-02,345782741478.0,False,22.93146132165909,334.95246382552574,,False,20202,False,True,235,코오롱ENP,138490,B+,B,A,B+,2025,,,,,4,3,5,4,1,26.569076499979605,제조업,6.0,2.0,0.3333333333333333
1262032,롯데이노베이트,286940,0,정상,0.0,계속사업자,1.0,,456243381723.0,False,77.26229767931551,121.13538494522383,,False,62021,False,False,720,롯데이노베이트,286940,A,A,A+,A,2025,,,,,5,5,6,5,0,26.8462922359253,정보통신,7.0,3.0,0.4285714285714285
628189,웅진씽크빅,95720,0,정상,0.0,계속사업자,1.0,,267594828119.0,False,89.0089780035208,114.2640506692685,,False,85120,False,False,404,웅진씽크빅,95720,C,B,A,C,2025,,,,,2,3,5,2,0,26.31273983810415,기타,5.0,3.0,0.6
132868,우성머티리얼스,11300,1,부채비율≥200%;유동비율<100%;,25.0,계속사업자,1.0,,32136186480.0,False,218.17106889653576,32.07307356195926,,False,13213,False,False,410,우성머티리얼스,11300,D,D,D,D,2025,,,,,1,1,1,1,1,24.193248536824495,제조업,4.0,1.0,0.25
124027,부산산업,11390,0,정상,0.0,계속사업자,1.0,,74202486440.0,False,29.28774602529344,212.147398143392,,False,23322,False,False,656,부산산업,11390,D,C,D,D,2025,,,,,1,2,1,1,0,25.030063496531344,제조업,5.0,2.0,0.4
982023,실리콘투,257720,0,정상,0.0,계속사업자,1.0,,419666484359.0,False,53.75902469900482,504.3688508466798,,False,46800,True,False,520,실리콘투,257720,D,D,D,D,2025,,,,,1,1,1,1,0,26.76272614791191,도소매,7.0,2.0,0.2857142857142857
159810,카프로,6380,1,부채비율≥200%;유동비율<100%;,25.0,계속사업자,1.0,,76798528456.0,False,214.71322558800568,82.4964978129361,,False,20119,False,False,270,카프로,6380,C,C,C,C,2025,,,,,2,2,2,2,1,25.064451316187302,제조업,7.0,4.0,0.5714285714285714
681142,쌍방울,102280,0,정상,0.0,계속사업자,1.0,,78703783171.0,False,19.808289311998923,649.5663136828128,,False,14120,False,False,518,쌍방울,102280,D,D,D,D,2025,,,,,1,1,1,1,0,25.08895706200221,제조업,7.0,4.0,0.5714285714285714
143651,웅진,16880,1,유동비율<100%;,25.0,계속사업자,1.0,,415971399713.0,False,53.87366478239068,20.531687372563827,,False,64992,False,False,405,웅진,16880,B,C,B+,B,2025,,,,,3,2,4,3,1,26.753882344154334,금융보험,6.0,2.0,0.3333333333333333
226866,인탑스,49070,0,정상,0.0,계속사업자,1.0,,566661699667.0,False,8.26982911947967,1044.3905443234553,,False,2642,False,False,345,인탑스,49070,B+,B+,A,B,2025,,,,,4,4,5,3,0,27.063028312990664,제조업,7.0,3.0,0.4285714285714285
450010,씨티알모빌리티,308170,1,부채비율≥200%;유동비율<100%;,25.0,계속사업자,1.0,,87031596853.0,False,220.4483655161,46.472246740499926,,False,303,False,False,510,씨티알모빌리티,308170,C,C,C,C,2025,,,,,2,2,2,2,1,25.189537071884686,제조업,3.0,2.0,0.6666666666666666
1319899,SK바이오사이언스,302440,0,정상,0.0,계속사업자,1.0,,1725410068291.0,False,26.636278640544504,413.59197326509,,False,211,False,False,936,SK바이오사이언스,302440,A,B+,A+,A,2025,,,,,5,4,6,5,0,28.176485858909178,제조업,7.0,4.0,0.5714285714285714
115384,동방아그로,7590,0,정상,0.0,계속사업자,1.0,,172936652872.0,False,44.12360016270132,339.0482190292792,,False,2032,False,False,770,동방아그로,7590,C,D,D,B,2025,,,,,2,1,1,3,0,25.87619119601824,제조업,4.0,1.0,0.25
476498,컴투스,78340,1,유동비율<100%;,25.0,계속사업자,1.0,,971516536058.0,False,39.29003952910708,85.76938768750736,,False,5821,False,False,269,컴투스,78340,A,A,A+,B+,2025,,,,,5,5,6,4,1,27.60212412678014,정보통신,5.0,3.0,0.6
1010110,더블유게임즈,192080,0,정상,0.0,계속사업자,1.0,,730479327273.0,False,6.63810790170082,897.388397531366,,False,5821,False,False,785,더블유게임즈,192080,B,D,C,B+,2025,,,,,3,1,2,4,0,27.316966768315783,정보통신,6.0,3.0,0.5
1137383,카카오게임즈,293490,0,정상,0.0,계속사업자,1.0,,831650602689.0,False,78.28171546752984,,,False,5821,False,False,274,카카오게임즈,293490,A,A,A+,A,2025,,,,,5,5,6,5,0,27.446678240873368,정보통신,9.0,6.0,0.6666666666666666
1515323,LG에너지솔루션,373220,0,정상,0.0,계속사업자,1.0,,15159973000000.0,False,105.59254294186408,112.49248081299864,,False,28202,False,False,987,LG에너지솔루션,373220,A,B+,A+,A,2025,,,,,5,4,6,5,0,30.34967971513855,제조업,7.0,4.0,0.5714285714285714
983271,NHN,181710,0,정상,0.0,계속사업자,1.0,,1606271459961.0,False,13.975695571933432,268.6976971211729,,False,5821,False,False,446,엔에이치엔,181710,A,A,A+,A,2025,,,,,5,5,6,5,0,28.104936745787697,정보통신,6.0,3.0,0.5
133991,세아특수강,19440,0,정상,0.0,계속사업자,1.0,,318934252284.0,False,65.57501449037433,189.5547110221075,,False,24122,False,False,569,세아특수강,19440,B+,B+,A,B+,2025,,,,,4,4,5,4,0,26.48825081279577,제조업,4.0,1.0,0.25
585219,세원이앤씨,91090,1,부채비율≥200%;,25.0,계속사업자,1.0,,46890349581.0,False,234.9196096303678,146.32041075966802,,False,251,False,False,566,세원이앤씨,91090,D,D,D,D,2025,,,,,1,1,1,1,1,24.571077725362407,제조업,3.0,1.0,0.3333333333333333
136776,차AI헬스케어,25620,0,정상,0.0,계속사업자,1.0,,77053359709.0,False,40.79211484963803,160.65468951459775,,False,204,False,False,317,제이준코스메틱,25620,D,D,D,D,2025,,,,,1,1,1,1,0,25.06776400203185,제조업,8.0,2.0,0.25
146214,일성아이에스,3120,0,정상,0.0,계속사업자,1.0,,386344748050.0,False,4.313566748639538,1746.8751957351942,,False,212,False,False,337,일성아이에스,3120,D,D,D,D,2025,,,,,1,1,1,1,0,26.679995937471475,제조업,8.0,3.0,0.375
358271,SFA,56190,0,정상,0.0,계속사업자,1.0,,836426980397.0,False,59.36291503704594,125.85199620570928,,False,292,False,False,475,에스에프에이,56190,C,C,C,C,2025,,,,,2,2,2,2,0,27.452405061748433,제조업,6.0,3.0,0.5
159218,한전KPS,51600,0,정상,0.0,계속사업자,1.0,,1337028907231.0,False,26.232138579364594,286.9459414520848,,False,42311,False,False,79,한전KPS,51600,A,A,A,A,2025,,,사회 등급조정(2025.11.),,5,5,5,5,0,27.921471034780218,건설업,9.0,5.0,0.5555555555555556
1524093,DL이앤씨,375500,0,정상,0.0,계속사업자,1.0,,4206660962828.0,False,63.51279264166937,124.54317320375378,,False,412,False,False,1065,DL이앤씨,375500,A,A+,A,B+,2025,,,사회 등급조정(2026.01.),,5,6,5,4,0,29.06769032846799,건설업,7.0,4.0,0.5714285714285714
480950,이아이디,93230,1,유동비율<100%;,25.0,계속사업자,1.0,,185932625022.0,False,29.76934357778832,28.081065630296475,,False,467,True,False,359,이아이디,93230,D,D,D,D,2025,,,,,1,1,1,1,1,25.948650213973576,도소매,5.0,3.0,0.6
347734,진양화학,51630,1,유동비율<100%;,25.0,계속사업자,1.0,,39717885666.0,False,107.08565030038626,67.50428138284622,,False,22214,False,False,286,진양화학,51630,D,D,D,D,2025,,,,,1,1,1,1,1,24.405067443739796,제조업,3.0,1.0,0.3333333333333333
109286,대동,490,1,부채비율≥200%;,25.0,계속사업자,1.0,,355605746863.0,False,242.24018710751287,114.81056393980708,,False,29210,False,False,819,대동,490,A,A,A+,B+,2025,,,,,5,5,6,4,1,26.59708850148763,제조업,7.0,4.0,0.5714285714285714
118804,동진쎄미켐,5290,0,정상,0.0,계속사업자,1.0,,891302466556.0,False,66.34449861671588,130.30151675492382,,False,20129,False,False,751,동진쎄미켐,5290,B,A,A+,D,2025,,,,,3,5,6,1,0,27.515949675448265,제조업,4.0,1.0,0.25
112970,대한방직,1070,0,정상,0.0,계속사업자,1.0,,152719644695.0,False,51.71923704821582,162.17695243691415,,False,132,False,False,796,대한방직,1070,D,C,D,D,2025,,,,,1,2,1,1,0,25.751869689848625,제조업,6.0,2.0,0.3333333333333333
1090471,SFA넥셀,222080,0,정상,0.0,계속사업자,1.0,,507689682230.0,False,29.98542203759688,396.2477073333303,,False,292,False,False,515,씨아이에스,222080,D,C,C,D,2025,,,,,1,2,2,1,0,26.95313623612087,제조업,7.0,3.0,0.4285714285714285
1288827,HPSP,403870,0,정상,0.0,계속사업자,1.0,,308230752232.0,False,19.94493956226916,475.84046210841393,,False,29271,False,False,1028,HPSP,403870,C,D,C,B,2025,,,,,2,1,2,3,0,26.45411453497153,제조업,7.0,3.0,0.4285714285714285
129387,SP삼화,390,0,정상,0.0,계속사업자,1.0,,300297947273.0,False,81.91524904776367,143.51218515746572,,False,20411,False,False,920,SP삼화,390,B+,B+,B+,B+,2025,,,,,4,4,4,4,0,26.42804097632459,제조업,5.0,2.0,0.4
111111,대양금속,9190,0,정상,0.0,계속사업자,1.0,,100084126789.0,False,44.32044933610316,361.8171330563987,,False,24122,False,False,808,대양금속,9190,D,C,D,D,2025,,,,,1,2,1,1,0,25.32927693715701,제조업,6.0,2.0,0.3333333333333333
470829,인티큐브,70590,0,정상,0.0,계속사업자,1.0,,13425012782.0,False,137.3362541205214,129.75312103730084,,False,62010,False,False,96,한솔인티큐브,70590,B+,C,B+,A,2025,,,,,4,2,4,5,0,23.32038542944517,정보통신,7.0,3.0,0.4285714285714285
453488,다이나믹디자인,145210,0,정상,0.0,계속사업자,1.0,,49258358875.0,False,76.68513326409517,108.39610310739477,,False,292,False,False,824,다이나믹디자인,145210,D,C,D,D,2025,,,,,1,2,1,1,0,24.620344913513385,제조업,6.0,3.0,0.5
160588,한화,880,1,부채비율≥200%;유동비율<100%;,25.0,계속사업자,1.0,,3617389000000.0,False,209.64626696216527,72.54897908618796,,False,20494,False,False,70,한화,880,A,A,A,B+,2025,,,,,5,5,5,4,1,28.916773610807127,제조업,7.0,4.0,0.5714285714285714
106395,금호전기,1210,0,정상,0.0,계속사업자,1.0,,12038340201.0,False,147.069651408666,117.5615328361656,,False,28410,False,False,864,금호전기,1210,D,C,C,D,2025,,,,,1,2,2,1,0,23.211362410264126,제조업,6.0,2.0,0.3333333333333333
876908,모트렉스,118990,1,유동비율<100%;,25.0,계속사업자,1.0,,238270725990.0,False,138.0334746416995,68.20919765301959,,False,303,False,False,687,모트렉스,118990,C,C,B,D,2025,,,,,2,2,3,1,1,26.196673368309888,제조업,3.0,1.0,0.3333333333333333
444329,위메이드,112040,0,정상,0.0,계속사업자,1.0,,511840775452.0,False,33.96174568282351,163.90289683053442,,False,5821,False,False,392,위메이드,112040,B+,A,A+,B,2025,,,,,4,5,6,3,0,26.961279428174606,정보통신,5.0,3.0,0.6
367844,자이에스앤디,317400,0,정상,0.0,계속사업자,1.0,,492145439816.0,False,57.17049693301918,237.7751799349016,,False,681,False,False,326,자이에스앤디,317400,B+,B+,A,B+,2025,,,,,4,4,5,4,0,26.922040119136987,기타,5.0,3.0,0.6
547583,하나금융지주,86790,0,정상,0.0,계속사업자,1.0,,19540805000000.0,False,36.480293416775815,,,False,64992,False,False,159,하나금융지주,86790,A,A,B+,A+,2025,통합 등급조정(2026.04.),,사회 등급조정(2026.04.),,5,5,4,6,0,30.60352595923809,금융보험,12.0,9.0,0.75
140131,키다리스튜디오,20120,1,유동비율<100%;,25.0,계속사업자,1.0,,234237670654.0,False,30.857134039198023,99.75098735400262,,False,631,False,False,218,키다리스튜디오,20120,C,D,C,C,2025,,,,,2,1,2,2,1,26.17960212339908,정보통신,4.0,1.0,0.25
158325,NICE평가정보,30190,0,정상,0.0,계속사업자,1.0,,433179958769.0,False,28.54277310551521,165.39233709101268,,False,63991,False,False,962,NICE평가정보,30190,B+,C,B+,B+,2025,,,,,4,2,4,4,0,26.794419087773615,정보통신,8.0,3.0,0.375
159500,한국종합기술,23350,1,유동비율<100%;,25.0,계속사업자,1.0,,170644691767.0,False,147.88432937929912,89.00173846578208,,False,72121,True,False,126,한국종합기술,23350,B,C,B,B,2025,,,,,3,2,3,3,1,25.8628494058499,전문과학기술,8.0,3.0,0.375
145880,현대제철,4020,0,정상,0.0,계속사업자,1.0,,18967347582093.0,False,65.84002785296124,151.6568691014313,,False,2411,False,False,40,현대제철,4020,B+,B+,A+,B,2025,,,,,4,4,6,3,0,30.573740068385902,제조업,9.0,5.0,0.5555555555555556
340096,미래에셋벤처투자,100790,0,정상,0.0,계속사업자,1.0,,345432638366.0,False,10.662610101415734,,,False,649,False,False,679,미래에셋벤처투자,100790,D,D,D,D,2025,,,,,1,1,1,1,0,26.56806349259537,금융보험,4.0,1.0,0.25
904672,넷마블,251270,1,유동비율<100%;,25.0,계속사업자,1.0,,5147770864047.0,False,34.23317432684996,22.278320654377765,,False,5821,False,False,839,넷마블,251270,A,B+,A+,A,2025,,,,,5,4,6,5,1,29.269584894968464,정보통신,9.0,5.0,0.5555555555555556
193009,케이에이치필룩스,33180,0,정상,0.0,계속사업자,1.0,,441666793006.0,False,9.074797801576064,225.29853601689305,,False,2629,False,False,1002,KH 필룩스,33180,D,C,D,D,2025,,,,,1,2,1,1,0,26.813821572749905,제조업,7.0,2.0,0.2857142857142857
651017,나우IB,293580,0,정상,0.0,계속사업자,1.0,,104483777400.0,False,48.51640105997929,,,False,64919,False,False,855,나우IB,293580,D,D,D,D,2025,,,,,1,1,1,1,0,25.372297656108884,금융보험,3.0,1.0,0.3333333333333333
111847,대원강업,430,1,유동비율<100%;,25.0,계속사업자,1.0,,467633995000.0,False,57.50857911859038,81.44988809023714,,False,303,False,False,803,대원강업,430,A,B+,A,A,2025,,,,,5,4,5,5,1,26.87095176492825,제조업,7.0,4.0,0.5714285714285714
1071041,CJ 바이오사이언스,311690,0,정상,0.0,계속사업자,1.0,,60488169332.0,False,18.59768302005586,733.5770088228151,,False,701,False,False,1079,CJ 바이오사이언스,311690,B+,B,B+,B+,2025,,,,,4,3,4,4,0,24.825713634629754,전문과학기술,5.0,3.0,0.6
103592,광동제약,9290,0,정상,0.0,계속사업자,1.0,,613819426051.0,False,66.61700490707919,124.31276825088192,,False,21220,False,False,885,광동제약,9290,B,A,A,D,2025,,,,,3,5,5,1,0,27.142966627459842,제조업,6.0,3.0,0.5
108746,DKME,15590,0,정상,0.0,계속사업자,1.0,,125988370587.0,False,48.93534317314331,292.79972536502623,,False,29176,False,False,1067,DKME,15590,D,C,D,D,2025,,,,,1,2,1,1,0,25.559455442709694,제조업,7.0,4.0,0.5714285714285714
117179,디와이,13570,0,정상,0.0,계속사업자,1.0,,212833099200.0,False,7.949129307703094,161.76164566472434,,False,64992,False,False,734,디와이,13570,C,C,D,C,2025,,,,,2,2,1,2,0,26.083774123671983,금융보험,7.0,2.0,0.2857142857142857
118521,진원생명과학,11000,1,유동비율<100%;,25.0,계속사업자,1.0,,33776961316.0,False,101.89179827345012,47.30412594623732,,False,212,False,False,284,진원생명과학,11000,D,D,D,D,2025,,,,,1,1,1,1,1,24.243044789158485,제조업,5.0,2.0,0.4
684714,풍산,103140,0,정상,0.0,계속사업자,1.0,,2298131546597.0,False,67.41406333062616,190.1203638878766,,False,242,False,False,168,풍산,103140,B+,B,A,B+,2025,,,,,4,3,5,4,0,28.463117537666697,제조업,7.0,4.0,0.5714285714285714
172291,더존비즈온,12510,1,유동비율<100%;,25.0,계속사업자,1.0,,523739840185.0,False,91.10691872790358,39.004966069888205,,False,62022,False,False,783,더존비즈온,12510,C,B+,A,C,2025,,,,,2,4,5,2,1,26.984260909779813,정보통신,5.0,2.0,0.4
110750,GMI벤처,19570,0,정상,0.0,계속사업자,1.0,,40849125445.0,False,39.71476908078026,101.37763941820212,,False,64209,False,False,163,플루토스,19570,D,D,D,D,2025,,,,,1,1,1,1,0,24.43315124908812,금융보험,3.0,1.0,0.3333333333333333
104999,윌비스,8600,1,부채비율≥200%;유동비율<100%;,25.0,계속사업자,1.0,,54587933164.0,False,232.15477915470103,98.6474225479171,,False,46413,True,False,391,윌비스,8600,C,D,C,C,2025,,,,,2,1,2,2,1,24.723078690949873,도소매,6.0,3.0,0.5
274933,신세계푸드,31440,0,정상,0.0,계속사업자,1.0,,357699635574.0,False,126.33366809693412,125.5314015830524,,False,561,False,False,536,신세계푸드,31440,A,A,A+,A,2025,,,,,5,5,6,5,0,26.602959464407398,기타,6.0,3.0,0.5
1061327,클래시스,214150,0,정상,0.0,계속사업자,1.0,,554320276182.0,False,26.769937555428463,390.160087284057,,False,271,False,False,219,클래시스,214150,A,A,A+,A,2025,,,,,5,5,6,5,0,27.04100847250109,제조업,7.0,3.0,0.4285714285714285
204262,한컴,30520,0,정상,0.0,계속사업자,1.0,,378150097463.0,False,17.860043429873297,268.8328658815573,,False,582,False,False,111,한글과컴퓨터,30520,C,D,C,C,2025,,,,,2,1,2,2,0,26.658557036984764,정보통신,6.0,2.0,0.3333333333333333
121932,미원상사,2840,0,정상,0.0,계속사업자,1.0,,410128970758.0,False,18.581444724363813,487.0601764226477,,False,204,False,False,674,미원상사,2840,C,C,D,B,2025,,,,,2,2,1,3,0,26.73973751000464,제조업,7.0,3.0,0.4285714285714285
118008,동원모빌리티,18500,1,부채비율≥200%;유동비율<100%;,25.0,계속사업자,1.0,,112055963878.0,False,202.5689514992117,77.22463070026733,,False,303,False,False,759,동원금속,18500,B+,B+,B+,B,2025,,,,,4,4,4,3,1,25.442264260926425,제조업,6.0,3.0,0.5
415646,드림텍,192650,1,유동비율<100%;,25.0,계속사업자,1.0,,257602195870.0,False,67.06948780832222,56.10767383864646,,False,2629,False,False,740,드림텍,192650,B,B,B,B+,2025,,,,,3,3,3,4,1,26.27468235548034,제조업,7.0,3.0,0.4285714285714285
135917,한화손해보험,370,1,부채비율≥200%;,25.0,계속사업자,1.0,,2720126457000.0,False,645.5187038387018,,,False,65121,False,False,67,한화손해보험,370,A,A+,A,B+,2025,,,,,5,6,5,4,1,28.631699486699873,금융보험,7.0,4.0,0.5714285714285714
760971,크래프톤,259960,0,정상,0.0,계속사업자,1.0,,7263459492069.0,False,12.33756553028887,593.7187721599357,,False,5821,False,False,220,크래프톤,259960,A,B+,A,A,2025,,,,,5,4,5,5,0,29.613877345327573,정보통신,7.0,5.0,0.7142857142857143
109806,삼일씨엔에스,4440,0,정상,0.0,계속사업자,1.0,,268108489293.0,False,64.3965560550819,123.49555665214228,,False,23325,False,False,610,삼일씨엔에스,4440,D,C,D,D,2025,,,,,1,2,1,1,0,26.31465754633826,제조업,7.0,3.0,0.4285714285714285
111421,휴니드테크놀러지스,5870,0,정상,0.0,계속사업자,1.0,,162813324976.0,False,91.48327236604004,464.5333152209075,,False,2642,False,False,8,휴니드테크놀러지스,5870,D,C,C,D,2025,,,,,1,2,2,1,0,25.815870135912355,제조업,3.0,1.0,0.3333333333333333
145862,인천도시가스,34590,0,정상,0.0,계속사업자,1.0,,238106011940.0,False,88.36017356336895,195.87783678465925,,False,35200,False,False,347,인천도시가스,34590,C,D,B,B,2025,,,,,2,1,3,3,0,26.19598183976347,기타,6.0,2.0,0.3333333333333333
1234507,매일유업,267980,0,정상,0.0,계속사업자,1.0,,686328108917.0,False,61.131726380995325,231.0060734545933,,False,104,False,False,707,매일유업,267980,A,A,A+,A,2025,,,,,5,5,6,5,0,27.25462164320864,제조업,7.0,4.0,0.5714285714285714
120182,NH투자증권,5940,0,정상,0.0,계속사업자,1.0,,7392139000000.0,False,,,,False,66121,False,False,964,NH투자증권,5940,B+,A,A,B+,2025,통합 등급조정(2025.11.),,,지배구조 등급조정(2025.11.),4,5,5,4,0,29.63143825420369,금융보험,7.0,5.0,0.7142857142857143
304915,코리아에셋투자증권,190650,1,부채비율≥200%;,25.0,계속사업자,1.0,,97520053886.0,False,313.9255338854459,,,False,66121,False,False,245,코리아에셋투자증권,190650,C,D,B,C,2025,,,,,2,1,3,2,1,25.303323874682853,금융보험,4.0,2.0,0.5
120872,만호제강,1080,0,정상,0.0,계속사업자,1.0,,188570901745.0,False,11.98128140658322,686.7568542241478,,False,24123,False,False,708,만호제강,1080,D,D,D,D,2025,,,,,1,1,1,1,0,25.962739909691095,제조업,4.0,2.0,0.5
113535,대한해운,5880,0,정상,0.0,계속사업자,1.0,,1668189465275.0,False,20.08941326462304,306.48192407917304,,False,50112,False,False,789,대한해운,5880,B,A,A,C,2025,,,,,3,5,5,2,0,28.142760001708805,기타,5.0,3.0,0.6
481454,금호타이어,73240,0,정상,0.0,계속사업자,1.0,,1512891144694.0,False,164.31558329471255,108.90565706761454,,False,221,False,False,863,금호타이어,73240,A,A,A,B+,2025,,,,,5,5,5,4,0,28.045043601480256,제조업,7.0,4.0,0.5714285714285714
112332,미래에셋생명,85620,1,부채비율≥200%;,25.0,계속사업자,1.0,,2436501555669.0,False,1248.4572525169117,,,False,65110,False,False,678,미래에셋생명,85620,B+,B+,B+,B+,2025,,,,,4,4,4,4,1,28.52158433771489,금융보험,6.0,3.0,0.5
412597,현대홈쇼핑,57050,0,정상,0.0,계속사업자,1.0,,1682224261000.0,False,12.835288076968236,344.880221015385,,False,47919,False,False,30,현대홈쇼핑,57050,A,A,A+,A,2025,,,,,5,5,6,5,0,28.15113799855598,도소매,7.0,4.0,0.5714285714285714
126089,DH오토넥스,300,0,정상,0.0,계속사업자,1.0,,33522803164.0,False,49.48725563265369,224.30578363664924,,False,303,False,False,1068,DH오토넥스,300,D,D,D,D,2025,,,,,1,1,1,1,0,24.235491735674763,제조업,5.0,2.0,0.4
261285,한국가스공사,36460,1,부채비율≥200%;유동비율<100%;,25.0,계속사업자,1.0,,8323436000000.0,False,501.74214110614895,70.52547998592024,,False,35200,False,False,143,한국가스공사,36460,A,A,A+,B+,2025,,,,,5,5,6,4,1,29.750096266277808,기타,14.0,8.0,0.5714285714285714
119672,두올,16740,0,정상,0.0,계속사업자,1.0,,236043460403.0,False,32.41055872947526,236.6954674998445,,False,303,False,False,742,두올,16740,D,D,C,C,2025,,,,,1,1,2,2,0,26.18728177926771,제조업,7.0,2.0,0.2857142857142857
158307,롯데하이마트,71840,1,유동비율<100%;,25.0,계속사업자,1.0,,942935229746.0,False,89.92466968249863,96.3143171559624,,False,47320,False,False,713,롯데하이마트,71840,A,A,A+,A,2025,,,,,5,5,6,5,1,27.572263431903853,도소매,9.0,5.0,0.5555555555555556
199252,HLB,28300,1,유동비율<100%;,25.0,계속사업자,1.0,,977507736110.0,False,32.70383954434769,23.4498087935053,,False,213,False,False,1035,HLB,28300,C,B,C,C,2025,,,,,2,3,2,2,1,27.608272042953644,제조업,8.0,2.0,0.25
103662,광명전기,17040,1,부채비율≥200%;유동비율<100%;,25.0,계속사업자,1.0,,6234636080.0,False,2050.670344306608,47.18668034190806,,False,28123,False,False,884,광명전기,17040,D,C,D,D,2025,,,,,1,2,1,1,1,22.5533860470935,제조업,6.0,1.0,0.1666666666666666
428729,대호에이엘,69460,0,정상,0.0,계속사업자,1.0,,79495006089.0,False,100.20623323535122,121.12829791353543,,False,24222,False,False,786,대호에이엘,69460,D,C,D,D,2025,,,,,1,2,1,1,0,25.098960040143094,제조업,8.0,2.0,0.25
146542,일정실업,8500,0,정상,0.0,계속사업자,1.0,,19341277649.0,False,105.76258191535564,119.44707784705273,,False,133,False,False,333,일정실업,8500,D,D,D,D,2025,,,,,1,1,1,1,0,23.685507387302454,제조업,4.0,2.0,0.5
269241,주연테크,44380,0,정상,0.0,계속사업자,1.0,,37627341986.0,False,21.07369987747292,451.7308735900078,,False,26310,False,False,296,주연테크,44380,D,D,D,D,2025,,,,,1,1,1,1,0,24.350996803553365,제조업,5.0,2.0,0.4
106641,기아,270,0,정상,0.0,계속사업자,1.0,,38915017000000.0,False,54.72980263634473,124.15498198368093,,False,30121,False,False,860,기아,270,B+,A+,A,B,2025,통합 등급조정(2026.01.),,사회 등급조정(2026.01.),,4,6,5,3,0,31.29240133318935,제조업,9.0,5.0,0.5555555555555556
396925,엠로,58970,0,정상,0.0,계속사업자,1.0,,95223857416.0,False,17.518009895487722,349.64890296931486,,False,582,False,False,439,엠로,58970,C,B,B+,D,2025,,,,,2,3,4,1,0,25.27949635045726,정보통신,7.0,2.0,0.2857142857142857
122825,프리티,6490,2,완전자본잠식(자본총계<0),60.0,계속사업자,1.0,,-1736067379.0,True,-2884.2903677991403,32.183325069557426,,False,612,False,False,349,인스코비,6490,D,D,D,D,2025,,,,,1,1,1,1,1,0.0,정보통신,7.0,2.0,0.2857142857142857
249247,YG PLUS,37270,0,정상,0.0,계속사업자,1.0,,156275265168.0,False,38.74272132183697,240.02217014138824,,False,631,False,False,910,YG PLUS,37270,C,D,D,B,2025,,,,,2,1,1,3,0,25.774884809566558,정보통신,6.0,2.0,0.3333333333333333
113492,깨끗한나라,4540,1,부채비율≥200%;유동비율<100%;,25.0,계속사업자,1.0,,156043789099.0,False,299.22459524087026,56.391862064181,,False,171,False,False,857,깨끗한나라,4540,B,B,B+,B,2025,,,,,3,3,4,3,1,25.77340250415982,제조업,6.0,2.0,0.3333333333333333
165680,호텔신라,8770,1,유동비율<100%;,25.0,계속사업자,1.0,,1020917894618.0,False,187.0535981183428,96.69477925972248,,False,47859,False,False,26,호텔신라,8770,A,A,A,A,2025,,,,,5,5,5,5,1,27.651723235244773,도소매,7.0,4.0,0.5714285714285714
