corp_code,corp_name,stock_code,stage,stage_reason,risk_score,status,status_code,end_date,capital_total,capital_impaired,부채비율,유동비율,이자보상배율,fs_missing,induty_code,is_b2b_industry,final_distress_label,NO,기업명,기업코드,ESG등급,환경,사회,지배구조,평가년도,ESG 등급조정,환경 등급조정,사회 등급조정,지배구조 등급조정
00173944,우진,105840,0,정상,0.0,계속사업자,01,,174269978144.0,False,23.389452014689063,364.148438522053,,False,27216,False,False,408,우진,105840,B,C,B,B,2025,,,,
00129350,삼화콘덴서공업,001820,0,정상,0.0,계속사업자,01,,239899483023.0,False,22.50481464264927,352.9328739018992,,False,26291,False,False,599,삼화콘덴서공업,001820,C,C,C,C,2025,,,,
00303217,우진플라임,049800,1,유동비율<100%;,25.0,계속사업자,01,,104942839248.0,False,194.5934691125576,86.33734936182327,,False,292,False,False,406,우진플라임,049800,D,C,D,D,2025,,,,
01036446,서연이화,200880,1,유동비율<100%;,25.0,계속사업자,01,,1123514770801.0,False,61.57267194198105,90.98701224297535,,False,303,False,False,591,서연이화,200880,B+,B+,A,B,2025,,,,
00129554,갤럭시아에스엠,011420,0,정상,0.0,계속사업자,01,,72286895907.0,False,14.614788801543993,527.5608198189476,,False,911,False,False,902,갤럭시아에스엠,011420,D,D,D,D,2025,,,,
00105156,극동유화,014530,1,유동비율<100%;,25.0,계속사업자,01,,204960954927.0,False,102.59842088699128,85.12754791906848,,False,19221,False,False,871,극동유화,014530,D,C,C,D,2025,,,,
00146649,일진홀딩스,015860,1,유동비율<100%;,25.0,계속사업자,01,,255510544831.0,False,48.08054769843496,80.09649450881562,,False,64992,False,False,328,일진홀딩스,015860,C,C,C,B,2025,,,,
00148443,제일파마홀딩스,002620,1,유동비율<100%;,25.0,계속사업자,01,,297322190779.0,False,31.678512812388604,42.58947825444717,,False,715,True,False,313,제일파마홀딩스,002620,B+,B,A,B+,2025,,,,
00148939,조광피혁,004700,0,정상,0.0,계속사업자,01,,434710151011.0,False,,987.6353054094538,,False,15110,False,False,307,조광피혁,004700,D,D,D,D,2025,,,,
01255652,레이크머티리얼즈,281740,0,정상,0.0,계속사업자,01,,134523823798.0,False,135.37403120762872,112.25634271401783,,False,204,False,False,729,레이크머티리얼즈,281740,D,D,C,C,2025,,,,
00664181,인텔리안테크,189300,0,정상,0.0,계속사업자,01,,260456548698.0,False,,196.3429916994645,,False,26429,False,False,342,인텔리안테크,189300,C,C,B,D,2025,,,,
00763473,코스메카코리아,241710,1,유동비율<100%;,25.0,계속사업자,01,,226561525262.0,False,91.27348716639486,80.41592446769785,,False,20423,False,False,240,코스메카코리아,241710,C,C,C,C,2025,,,,
00166272,화승코퍼레이션,013520,1,유동비율<100%;,25.0,계속사업자,01,,306954124987.0,False,82.86089602078874,80.99358191951573,,False,303,False,False,22,화승코퍼레이션,013520,C,B+,A,C,2025,,,,
00143794,원림,005820,0,정상,0.0,계속사업자,01,,96963667457.0,False,13.366961183422433,364.48507918319126,,False,13225,False,False,403,원림,005820,D,D,D,D,2025,,,,
00118965,티에이치엔,019180,0,정상,0.0,계속사업자,01,,221041128667.0,False,143.14132664770304,120.7229601750662,,False,289,False,False,197,티에이치엔,019180,D,C,C,D,2025,,,,
00260879,카페24,042000,0,정상,0.0,계속사업자,01,,265990112212.0,False,50.39715701768569,194.5615739288184,,False,63112,False,False,271,카페24,042000,C,D,C,B,2025,,,,
00132354,쿠쿠홀딩스,192400,0,정상,0.0,계속사업자,01,,612246017074.0,False,22.504654665372296,4864.512401311307,,False,649,False,False,226,쿠쿠홀딩스,192400,C,D,C,C,2025,,,,
00159254,한국전자홀딩스,006200,0,정상,0.0,계속사업자,01,,149174836223.0,False,2.3101906556466902,,,False,64992,False,False,129,한국전자홀딩스,006200,D,C,D,D,2025,,,,
00168401,금비,008870,1,유동비율<100%;,25.0,계속사업자,01,,80216973463.0,False,86.69861610034252,68.75160555786952,,False,23192,False,False,869,금비,008870,D,C,D,D,2025,,,,
01407909,원텍,336570,0,정상,0.0,계속사업자,01,,161947557578.0,False,33.65298092238944,332.1613625546328,,False,271,False,False,395,원텍,336570,D,D,D,D,2025,,,,
01532603,화승알앤에이,378850,1,유동비율<100%;,25.0,계속사업자,01,,166895100708.0,False,178.50843084797594,80.86841899308585,,False,30399,False,False,25,화승알앤에이,378850,B+,B+,A,B,2025,,,,
00111458,대영포장,014160,0,정상,0.0,계속사업자,01,,192296367683.0,False,35.88399291855177,141.75847795836137,,False,1721,False,False,807,대영포장,014160,D,D,D,D,2025,,,,
00218575,황금에스티,032560,0,정상,0.0,계속사업자,01,,263100055113.0,False,20.52672866822654,319.0854695133955,,False,24290,False,False,15,황금에스티,032560,C,D,D,B,2025,,,,
00134316,세원정공,021820,0,정상,0.0,계속사업자,01,,389324625534.0,False,9.042615671102858,1553.069389257346,,False,303,False,False,565,세원정공,021820,D,C,C,D,2025,,,,
00103042,케이씨티시,009070,1,유동비율<100%;,25.0,계속사업자,01,,248904486515.0,False,158.46247122557617,67.17603899446834,,False,49301,False,False,255,케이씨티시,009070,D,C,D,D,2025,,,,
01267684,쿠쿠홈시스,284740,0,정상,0.0,계속사업자,01,,900766336452.0,False,16.508266169527747,356.1998628698586,,False,762,False,False,225,쿠쿠홈시스,284740,C,D,C,C,2025,,,,
00122348,방림,003610,0,정상,0.0,계속사업자,01,,180203817685.0,False,15.543425003881875,477.2769806126599,,False,132,False,False,667,방림,003610,D,C,D,D,2025,,,,
00147222,전방,000950,0,정상,0.0,계속사업자,01,,227574213316.0,False,4.616125560505857,3864.583420969945,,False,13101,False,False,324,전방,000950,D,C,D,D,2025,,,,
00145464,이구산업,025820,0,정상,0.0,계속사업자,01,,145642344047.0,False,158.8310247432913,125.23479901972888,,False,24221,False,False,368,이구산업,025820,C,C,D,C,2025,,,,
00109161,태경케미컬,006890,0,정상,0.0,계속사업자,01,,165040053608.0,False,30.768408487440364,460.5211462463836,,False,20121,False,False,213,태경케미컬,006890,D,D,D,D,2025,,,,
00101628,경방,000050,1,유동비율<100%;,25.0,계속사업자,01,,829121410431.0,False,42.3422734627616,58.19932706569652,,False,47119,False,False,896,경방,000050,C,C,D,C,2025,,,,
00823429,한국화장품,123690,0,정상,0.0,계속사업자,01,,44882196537.0,False,22.46070473999538,143.82656701514316,,False,46443,True,False,113,한국화장품,123690,D,D,C,D,2025,,,,
00174004,유성기업,002920,0,정상,0.0,계속사업자,01,,126455532022.0,False,99.31196474437462,155.14381195098812,,False,303,False,False,382,유성기업,002920,C,C,C,C,2025,,,,
00123107,보락,002760,0,정상,0.0,계속사업자,01,,48730562769.0,False,21.569183715002048,350.73749965284435,,False,2049,False,False,663,보락,002760,D,D,D,D,2025,,,,
00220561,광주신세계,037710,1,유동비율<100%;,25.0,계속사업자,01,,865233394114.0,False,45.95185377017648,40.18195602384665,,False,47111,False,False,882,광주신세계,037710,A,A,A+,A,2025,,,,
00165343,혜인,003010,0,정상,0.0,계속사업자,01,,127629006006.0,False,96.39919149195288,148.8830479320592,,False,465,True,False,28,혜인,003010,D,D,D,D,2025,,,,
00258689,JYP Ent.,035900,0,정상,0.0,계속사업자,01,,583926750069.0,False,28.096132608176227,238.4779913210759,,False,59201,False,False,1016,JYP Ent.,035900,B+,A,A+,B,2025,,,,
00101220,KG케미칼,001390,1,유동비율<100%;,25.0,계속사업자,01,,240100406057.0,False,54.71908884519342,89.08047789674724,,False,201,False,False,1004,KG케미칼,001390,C,B+,B+,D,2025,,,,
00152686,코리아써키트,007810,0,정상,0.0,계속사업자,01,,384880870574.0,False,120.23744943203778,153.8388308998026,,False,2622,False,False,246,코리아써키트,007810,C,B,B+,D,2025,,,,
00162993,한일홀딩스,003300,0,정상,0.0,계속사업자,01,,833672139735.0,False,8.631528395788008,234.9780535316465,,False,23311,False,False,80,한일홀딩스,003300,B+,A,A+,B,2025,,,,
00332927,제이에스코퍼레이션,194370,1,유동비율<100%;,25.0,계속사업자,01,,353931486637.0,False,85.73478231288793,62.11488922217306,,False,15121,False,False,319,제이에스코퍼레이션,194370,D,D,D,C,2025,,,,
00398792,SNT모티브,064960,0,정상,0.0,계속사업자,01,,1014510835725.0,False,25.004107021264115,369.5006706608911,,False,303,False,False,924,SNT모티브,064960,D,C,C,D,2025,,,,
00148920,조광페인트,004910,1,유동비율<100%;,25.0,계속사업자,01,,219083100642.0,False,87.95066431064593,80.41438851828939,,False,20411,False,False,308,조광페인트,004910,B+,A,A,B,2025,,,,
01170865,네오셈,253590,0,정상,0.0,계속사업자,01,,109617625886.0,False,32.014255198790984,580.878813818388,,False,292,False,False,849,네오셈,253590,D,D,D,D,2025,,,,
00136864,신원,009270,0,정상,0.0,계속사업자,01,,232547507369.0,False,181.3203589926801,110.29695934648724,,False,14112,False,False,532,신원,009270,B,B+,A+,C,2025,,,,
00137809,SHD,001770,0,정상,0.0,계속사업자,01,,55403591030.0,False,45.46632442716593,216.77503180993375,,False,24199,False,False,946,SHD,001770,D,D,D,C,2025,,,,
00220686,에스피지,058610,0,정상,0.0,계속사업자,01,,154019924758.0,False,82.00309303971385,121.65651560294062,,False,28111,False,False,466,에스피지,058610,D,D,D,D,2025,,,,
00857727,하림,136480,1,유동비율<100%;,25.0,계속사업자,01,,309592421000.0,False,168.48400303701231,68.62988171402978,,False,1012,False,False,149,하림,136480,A,A,A+,A,2025,,,,
00146269,일신방직,003200,0,정상,0.0,계속사업자,01,,604582416252.0,False,9.377182458672351,507.0070218197112,,False,13101,False,False,336,일신방직,003200,D,C,C,D,2025,,,,
00130091,샘표,007540,0,정상,0.0,계속사업자,01,,215368155466.0,False,2.944117547592128,9040.638029388048,,False,64992,False,False,595,샘표,007540,C,B,B+,D,2025,,,,
00138729,아세아제지,002310,0,정상,0.0,계속사업자,01,,739012193195.0,False,9.211073705794515,358.28254571773743,,False,172,False,False,503,아세아제지,002310,B+,B+,A,B,2025,,,,
00369170,인터플렉스,051370,0,정상,0.0,계속사업자,01,,310262477615.0,False,21.43955960235137,272.1418471260883,,False,2622,False,False,343,인터플렉스,051370,C,B,B,C,2025,,,,
00153126,크라운해태홀딩스,005740,1,유동비율<100%;,25.0,계속사업자,01,,303399726023.0,False,17.362588490935753,5.325818528169105,,False,64992,False,False,221,크라운해태홀딩스,005740,B,B,B+,B,2025,,,,
00223434,에프에스티,036810,0,정상,0.0,계속사업자,01,,218456789690.0,False,97.83349410209856,107.13378832169948,,False,2629,False,False,449,에프에스티,036810,C,C,B,D,2025,,,,
00325112,프로텍,053610,0,정상,0.0,계속사업자,01,,322705176406.0,False,10.063575641607274,685.6508744478493,,False,29271,False,False,166,프로텍,053610,D,C,C,D,2025,,,,
00860332,메리츠금융지주,138040,0,정상,0.0,계속사업자,01,,3449719254654.0,False,53.95688042367062,,,False,64992,False,False,703,메리츠금융지주,138040,A,B+,A,A,2025,,,,
00138297,STX,011810,2,완전자본잠식(자본총계<0),60.0,계속사업자,01,,-142092000000.0,True,-284.257382540889,33.11172040780111,,False,46800,True,False,919,STX,011810,D,D,C,D,2025,,,,
00105952,LS,006260,1,유동비율<100%;,25.0,계속사업자,01,,4936605000000.0,False,20.55266726829471,13.667029224031827,,False,64992,False,False,980,LS,006260,B+,A,A+,B,2025,,,,
00897752,천보,278280,1,유동비율<100%;,25.0,계속사업자,01,,426472893385.0,False,42.67377519975366,27.162686827864817,,False,201,False,False,280,천보,278280,D,C,D,D,2025,,,,
00160621,한국화장품제조,003350,0,정상,0.0,계속사업자,01,,104685922324.0,False,89.84156432028495,454.6867713813646,,False,20423,False,False,112,한국화장품제조,003350,D,C,C,D,2025,,,,
00539274,대상홀딩스,084690,1,유동비율<100%;,25.0,계속사업자,01,,399873089952.0,False,34.43133460331803,62.802320413552046,,False,64992,False,False,814,대상홀딩스,084690,B,A,A+,C,2025,,,,
00405320,웹젠,069080,0,정상,0.0,계속사업자,01,,709804199101.0,False,12.509515286111371,426.0598634641643,,False,5821,False,False,393,웹젠,069080,C,D,D,B,2025,,,,
00203023,시노펙스,025320,0,정상,0.0,계속사업자,01,,167218032204.0,False,,156.58560842724853,,False,2629,False,False,548,시노펙스,025320,C,C,C,C,2025,,,,
00161444,한국씨티은행,016830,1,부채비율≥200%;,25.0,계속사업자,01,,5565649000000.0,False,730.918011538277,,,False,64121,False,False,133,한국씨티은행,016830,등급없음,등급없음,등급없음,B+,2025,,,,
00108977,대구백화점,006370,1,유동비율<100%;,25.0,계속사업자,01,,194204662746.0,False,92.6599627905723,16.049625627572205,,False,47111,False,False,822,대구백화점,006370,D,D,C,D,2025,,,,
00148522,퍼스텍,010820,1,부채비율≥200%;유동비율<100%;,25.0,계속사업자,01,,82465023596.0,False,388.7652489698076,84.37110477731534,,False,252,False,False,183,퍼스텍,010820,D,C,C,D,2025,,,,
00134963,송원산업,004430,0,정상,0.0,계속사업자,01,,659652000000.0,False,48.48541352106868,168.38412808237268,,False,20499,False,False,554,송원산업,004430,C,B+,A,D,2025,,,,
00148948,조비,001550,0,정상,0.0,계속사업자,01,,54695146900.0,False,125.35452725879782,127.16696571952524,,False,20312,False,False,306,조비,001550,D,D,C,D,2025,,,,
00124151,부산주공,005030,1,부채비율≥200%;유동비율<100%;,25.0,계속사업자,01,,19306006163.0,False,1034.5318379353716,68.04645913175578,,False,30310,False,False,654,부산주공,005030,D,C,C,D,2025,,,,
00157070,한국단자공업,025540,0,정상,0.0,계속사업자,01,,950753122000.0,False,33.08740888888714,281.6889357080969,,False,2812,False,False,139,한국단자공업,025540,B,B+,A,C,2025,,,,
01032486,두산밥캣,241560,1,재무제표미제출;,25.0,계속사업자,01,,,,,,,True,29241,False,False,746,두산밥캣,241560,A,B+,A,A,2025,,,,
00153755,태양금속공업,004100,1,유동비율<100%;,25.0,계속사업자,01,,169297085445.0,False,195.85578431987872,85.49441736378617,,False,303,False,False,210,태양금속공업,004100,D,C,C,D,2025,,,,
00132804,성신양회,004980,1,유동비율<100%;,25.0,계속사업자,01,,586999785205.0,False,102.6044243085474,73.87327653155167,,False,23311,False,False,579,성신양회,004980,B+,B+,A,B,2025,,,,
00143262,우진아이엔에스,010400,0,정상,0.0,계속사업자,01,,80754726231.0,False,31.587751935449937,265.99639394673306,,False,422,False,False,407,우진아이엔에스,010400,C,C,C,C,2025,,,,
00114093,덕성,004830,0,정상,0.0,계속사업자,01,,96486847943.0,False,53.44837089555,182.15574583469743,,False,22214,False,False,780,덕성,004830,D,C,C,D,2025,,,,
01364747,가온칩스,399720,0,정상,0.0,계속사업자,01,,55047253193.0,False,185.9583518220253,116.38476198510124,,False,26112,False,False,906,가온칩스,399720,D,D,D,C,2025,,,,
00990165,아세아시멘트,183190,1,유동비율<100%;,25.0,계속사업자,01,,894005975000.0,False,35.02196369548872,98.52252219213383,,False,23311,False,False,504,아세아시멘트,183190,B+,A,B+,B,2025,,,,
00327819,선익시스템,171090,0,정상,0.0,계속사업자,01,,142338701437.0,False,155.75604052220913,137.32839038200672,,False,292,False,False,582,선익시스템,171090,D,D,D,D,2025,,,,
00126371,삼성전기,009150,0,정상,0.0,계속사업자,01,,6300553511178.0,False,,,,False,2622,False,False,630,삼성전기,009150,A,A,A+,B+,2025,,,,
00593032,LF,093050,0,정상,0.0,계속사업자,01,,1680364191592.0,False,15.176688377677646,280.38502835099894,,False,14111,False,False,991,LF,093050,B+,B+,B+,B+,2025,,,,
00133511,SG세계물산,004060,0,정상,0.0,계속사업자,01,,263171828130.0,False,10.958542652123803,250.30216539786863,,False,46800,True,False,947,SG세계물산,004060,D,D,C,D,2025,,,,
00414601,유니퀘스트,077500,0,정상,0.0,계속사업자,01,,249886858374.0,False,107.93877712140788,172.8865564074413,,False,4659,True,False,383,유니퀘스트,077500,D,D,D,D,2025,,,,
00416654,유엔젤,072130,0,정상,0.0,계속사업자,01,,62210888825.0,False,23.4785322262272,243.38865046908137,,False,631,False,False,379,유엔젤,072130,D,D,D,D,2025,,,,
00102140,경인전자,009140,0,정상,0.0,계속사업자,01,,63973200394.0,False,7.050212734742302,1679.1930116660776,,False,2629,False,False,893,경인전자,009140,D,D,D,D,2025,,,,
00587457,갤럭시아머니트리,094480,1,부채비율≥200%;,25.0,계속사업자,01,,129186199804.0,False,214.0603026682093,128.85435669577993,,False,58221,False,False,903,갤럭시아머니트리,094480,C,D,C,C,2025,,,,
00143527,경동인베스트,012320,0,정상,0.0,계속사업자,01,,293015651030.0,False,0.5714339258378283,6111.151209568854,,False,649,False,False,897,경동인베스트,012320,B,C,B+,B,2025,,,,
00154055,태원물산,001420,0,정상,0.0,계속사업자,01,,41677196315.0,False,8.983046886607731,3631.4832315436033,,False,303,False,False,208,태원물산,001420,D,D,D,D,2025,,,,
00144164,SK가스,018670,0,정상,0.0,계속사업자,01,,2590712566663.0,False,117.62619274731765,121.45023169030377,,False,46713,True,False,940,SK가스,018670,A+,A+,A+,A,2025,,,,
00159564,한국주강,025890,0,정상,0.0,계속사업자,01,,33280936944.0,False,15.101367072257506,222.81742536567117,,False,292,False,False,125,한국주강,025890,D,D,D,D,2025,,,,
00112165,디아이씨,092200,1,부채비율≥200%;유동비율<100%;,25.0,계속사업자,01,,79670251024.0,False,464.67723229022766,52.73140229578067,,False,303,False,False,736,디아이씨,092200,D,C,C,D,2025,,,,
01478712,대덕전자,353200,0,정상,0.0,계속사업자,01,,897249586601.0,False,30.95720961914684,232.7182442292756,,False,2622,False,False,820,대덕전자,353200,B+,B+,A+,B,2025,,,,
00143314,에이엔피,015260,1,부채비율≥200%;,25.0,계속사업자,01,,30206354504.0,False,244.3771245392254,100.5227998139684,,False,2622,False,False,458,에이엔피,015260,D,C,D,D,2025,,,,
00138701,아세아,002030,0,정상,0.0,계속사업자,01,,406913156000.0,False,6.470021578756721,559.5748521202447,,False,715,True,False,505,아세아,002030,B+,B+,A,B+,2025,,,,
00105299,금강공업,014280,1,유동비율<100%;,25.0,계속사업자,01,,278528501685.0,False,124.18689323622208,98.06432008332642,,False,2413,False,False,870,금강공업,014280,C,C,D,B,2025,,,,
00623661,원익머트리얼즈,104830,0,정상,0.0,계속사업자,01,,513898983965.0,False,16.051828871998342,261.7976741975437,,False,20121,False,False,399,원익머트리얼즈,104830,B+,B+,A,B+,2025,,,,
00159102,DB손해보험,005830,1,부채비율≥200%;,25.0,계속사업자,01,,9854901000000.0,False,502.8353608016966,,,False,65121,False,False,1071,DB손해보험,005830,B+,A,A,B+,2025,,,,
00122898,벽산,007210,0,정상,0.0,계속사업자,01,,259539734572.0,False,87.73957491192067,108.79957319649192,,False,23999,False,False,664,벽산,007210,C,B+,B+,D,2025,,,,
00808022,메지온,140410,1,부채비율≥200%;유동비율<100%;,25.0,계속사업자,01,,15989141688.0,False,408.49516337089824,69.32818492383484,,False,70113,False,False,698,메지온,140410,D,D,D,D,2025,,,,
00939331,한국콜마,161890,1,유동비율<100%;,25.0,계속사업자,01,,852945910220.0,False,79.2613713246629,69.8440792642917,,False,20423,False,False,120,한국콜마,161890,A,A,A+,B+,2025,,,,
00231372,롯데관광개발,032350,1,부채비율≥200%;유동비율<100%;,25.0,계속사업자,01,,16234293361.0,False,11641.6326277141,56.47680959783072,,False,75210,True,False,726,롯데관광개발,032350,D,D,C,D,2025,,,,
00129271,삼화전기,009470,0,정상,0.0,계속사업자,01,,84117929218.0,False,59.56180265821246,139.394495678656,,False,26291,False,False,601,삼화전기,009470,D,C,C,D,2025,,,,
00164812,현대코퍼레이션,011760,0,정상,0.0,계속사업자,01,,692221527229.0,False,142.73500709204856,110.16277715439831,,False,46800,True,False,34,현대코퍼레이션,011760,B,B,B+,B,2025,,,,
00188089,한섬,020000,0,정상,0.0,계속사업자,01,,1405017971188.0,False,20.79935437674917,326.34719406968634,,False,14112,False,False,103,한섬,020000,A,A,A+,A,2025,,,,
00106368,금호석유화학,011780,0,정상,0.0,계속사업자,01,,3386702097462.0,False,36.42028120428268,187.98264744981824,,False,201,False,False,866,금호석유화학,011780,B,A,A+,C,2025,,,,
00149026,CS홀딩스,000590,0,정상,0.0,계속사업자,01,,167329946086.0,False,4.736758964785889,5851.605477084637,,False,64992,False,False,1074,CS홀딩스,000590,C,D,D,B,2025,,,,
00123781,부국철강,026940,0,정상,0.0,계속사업자,01,,131409395234.0,False,15.716889074196317,513.7396777918332,,False,2413,False,False,657,부국철강,026940,D,D,D,D,2025,,,,
01291317,더블유씨피,393890,1,유동비율<100%;,25.0,계속사업자,01,,779838887180.0,False,101.76594292121024,31.726315293643363,,False,28202,False,False,784,더블유씨피,393890,D,C,D,D,2025,,,,
00961774,유티아이,179900,1,유동비율<100%;,25.0,계속사업자,01,,99081972141.0,False,110.1452262029012,28.1145370781012,,False,2629,False,False,374,유티아이,179900,C,D,D,B,2025,,,,
00131692,서흥,008490,0,정상,0.0,계속사업자,01,,371757136111.0,False,60.54304472417639,123.5055678438256,,False,2049,False,False,584,서흥,008490,B,B+,A,C,2025,,,,
00107677,비비안,002070,1,유동비율<100%;,25.0,계속사업자,01,,73366503623.0,False,158.17478627756196,77.85815228970073,,False,14120,False,False,651,비비안,002070,D,D,D,D,2025,,,,
00110608,DSR,155660,0,정상,0.0,계속사업자,01,,217903999192.0,False,38.1106508448372,174.6345959532007,,False,242,False,False,1062,DSR,155660,D,C,C,D,2025,,,,
01059605,디와이파워,210540,0,정상,0.0,계속사업자,01,,282797492543.0,False,10.556670960037112,522.7547870073907,,False,29241,False,False,731,디와이파워,210540,C,C,D,B,2025,,,,
00622787,바이오노트,377740,0,정상,0.0,계속사업자,01,,1052065607327.0,False,1.2971821623057975,3475.042697097876,,False,213,False,False,669,바이오노트,377740,C,D,D,B,2025,,,,
00136402,신송홀딩스,006880,0,정상,0.0,계속사업자,01,,134972432573.0,False,7.252583046323637,202.84673558186705,,False,46201,True,False,535,신송홀딩스,006880,D,D,D,D,2025,,,,
00133335,성창기업지주,000180,0,정상,0.0,계속사업자,01,,348861537376.0,False,17.31597122152562,2650.8694656563675,,False,71531,True,False,576,성창기업지주,000180,D,C,D,D,2025,,,,
00131054,유진증권,001200,1,부채비율≥200%;,25.0,계속사업자,01,,1051275121320.0,False,886.3240962809547,,,False,66121,False,False,376,유진증권,001200,B+,B,A,B,2025,,,,지배구조 등급조정(2025.11.)
00185356,제룡전기,033100,0,정상,0.0,계속사업자,01,,239344479226.0,False,11.517931844991285,914.3393888626427,,False,2811,False,False,322,제룡전기,033100,C,C,D,B,2025,,,,
00112679,대창단조,015230,0,정상,0.0,계속사업자,01,,261757664401.0,False,8.351499212458775,823.3178600114842,,False,303,False,False,797,대창단조,015230,D,C,C,D,2025,,,,
00439965,나노신소재,121600,0,정상,0.0,계속사업자,01,,251025182453.0,False,82.43331377191356,141.385266555536,,False,2049,False,False,856,나노신소재,121600,C,C,C,C,2025,,,,
00160205,한국내화,010040,0,정상,0.0,계속사업자,01,,174083143454.0,False,40.58957467221472,194.56818855716563,,False,2321,False,False,140,한국내화,010040,C,B+,A,D,2025,,,,
00628860,네오위즈,095660,0,정상,0.0,계속사업자,01,,536242104490.0,False,17.767352637408713,313.30457690346964,,False,5821,False,False,848,네오위즈,095660,C,C,B,C,2025,,,,
00129280,삼화전자공업,011230,1,유동비율<100%;,25.0,계속사업자,01,,21441253181.0,False,197.92100726931852,41.895123503654055,,False,265,False,False,600,삼화전자공업,011230,D,D,D,D,2025,,,,
00260383,대한유화,006650,0,정상,0.0,계속사업자,01,,1632154975049.0,False,22.72808125955461,233.4973051019004,,False,20111,False,False,795,대한유화,006650,B+,B+,B+,B,2025,,,,
01301252,티이엠씨,425040,0,정상,0.0,계속사업자,01,,194156156335.0,False,35.9587348466758,133.15076684564045,,False,20121,False,False,194,티이엠씨,425040,D,C,C,D,2025,,,,
00579971,칩스앤미디어,094360,0,정상,0.0,계속사업자,01,,88276827435.0,False,24.66630605187199,1024.5308137214042,,False,261,False,False,276,칩스앤미디어,094360,C,D,C,B,2025,,,,
00145109,유한양행,000100,0,정상,0.0,계속사업자,01,,2238767814892.0,False,21.22013865810009,280.4314149165946,,False,212,False,False,373,유한양행,000100,A,B+,A+,A,2025,,,,
00132628,성문전자,014910,1,유동비율<100%;,25.0,계속사업자,01,,34839160265.0,False,91.87327141221496,47.13718711277309,,False,26291,False,False,580,성문전자,014910,D,C,D,D,2025,,,,
00413523,한미글로벌,053690,0,정상,0.0,계속사업자,01,,166825687374.0,False,33.69875328729602,146.44908000571414,,False,72111,True,False,108,한미글로벌,053690,B+,A,A+,B,2025,,,,
00142883,우신시스템,017370,0,정상,0.0,계속사업자,01,,168567136123.0,False,53.702148262723256,152.01486385806083,,False,292,False,False,409,우신시스템,017370,C,D,C,C,2025,,,,
00161781,아난티,025980,0,정상,0.0,계속사업자,01,,499437154064.0,False,65.07104155938598,114.72332569584424,,False,551,False,False,509,아난티,025980,D,B,C,D,2025,,,,
00980122,JB금융지주,175330,0,정상,0.0,계속사업자,01,,2737047000000.0,False,39.2728732827752,,,False,64992,False,False,1021,JB금융지주,175330,A,A+,A,A,2025,,,,
00118275,디아이,003160,0,정상,0.0,계속사업자,01,,167246752988.0,False,71.18155504970657,139.4328061923152,,False,27212,False,False,738,디아이,003160,D,C,C,D,2025,,,,
00500254,GS,078930,1,유동비율<100%;,25.0,계속사업자,01,,6529104000000.0,False,5.197022439832479,56.51959876612906,,False,64992,False,False,1054,GS,078930,A,B+,A+,B+,2025,,,,
00113359,교보증권,030610,1,부채비율≥200%;,25.0,계속사업자,01,,2120740186000.0,False,775.736112919586,,,False,66121,False,False,879,교보증권,030610,B+,A,A,B+,2025,통합 등급조정(2025.11.),,,지배구조 등급조정(2025.11.)
00347062,현대바이오랜드,052260,0,정상,0.0,계속사업자,01,,136519149757.0,False,21.380536061757415,318.764704548059,,False,204,False,False,50,현대바이오랜드,052260,A+,A+,A+,A,2025,,,,
00177816,대주전자재료,078600,1,유동비율<100%;,25.0,계속사업자,01,,245019733722.0,False,154.298090187278,54.584191110964696,,False,2629,False,False,799,대주전자재료,078600,B+,B+,A,B,2025,,,,
00161976,한세예스24홀딩스,016450,1,유동비율<100%;,25.0,계속사업자,01,,414199022806.0,False,83.53271592315018,31.29117426950264,,False,1419,False,False,99,한세예스24홀딩스,016450,A,B+,A,A,2025,,,,
00435312,하이스틸,071090,0,정상,0.0,계속사업자,01,,144084951158.0,False,81.84122779462989,105.02302098106186,,False,2413,False,False,146,하이스틸,071090,D,C,C,D,2025,,,,
00246417,이오테크닉스,039030,0,정상,0.0,계속사업자,01,,664505614029.0,False,12.691062627248112,589.9356735078504,,False,29271,False,False,355,이오테크닉스,039030,D,C,C,D,2025,,,,
00555874,제주항공,089590,1,부채비율≥200%;유동비율<100%;,25.0,계속사업자,01,,254194851530.0,False,807.9196007581704,30.27861076720015,,False,511,False,False,310,제주항공,089590,A,A,A+,A,2025,,,,
00120021,LG,003550,0,정상,0.0,계속사업자,01,,9866118000000.0,False,5.287844722716676,466.5929567614268,,False,64992,False,False,990,LG,003550,A,B+,A+,B+,2025,,,,
00432102,한국금융지주,071050,0,정상,0.0,계속사업자,01,,8640712000000.0,False,61.93687510936599,,,False,64992,False,False,141,한국금융지주,071050,B,B,B+,B,2025,,,,
00231664,우리기술투자,041190,0,정상,0.0,계속사업자,01,,774380883825.0,False,-239.96895360228007,2916.363518287385,,False,6491,False,False,415,우리기술투자,041190,D,D,D,D,2025,,,,
00115065,동남합성,023450,0,정상,0.0,계속사업자,01,,54536610423.0,False,74.46797755306106,163.81896789791685,,False,201,False,False,772,동남합성,023450,D,D,C,D,2025,,,,
00369657,리노공업,058470,0,정상,0.0,계속사업자,01,,731218952370.0,False,8.302467100754368,972.0672655008862,,False,2629,False,False,710,리노공업,058470,D,D,D,C,2025,,,,
00170558,코웨이,021240,0,정상,0.0,계속사업자,01,,2183920297656.0,False,91.36802561415293,104.41968603514016,,False,969,False,False,230,코웨이,021240,A,A,A+,B+,2025,,,,
00269940,하나투어,039130,1,부채비율≥200%;,25.0,계속사업자,01,,124312563243.0,False,274.02314328530395,111.52192120938112,,False,75210,True,False,150,하나투어,039130,B+,A,A,B+,2025,,,,
00138260,SIMPAC,009160,1,유동비율<100%;,25.0,계속사업자,01,,572647906046.0,False,87.45680546132476,80.82434028949686,,False,24113,False,False,944,SIMPAC,009160,D,C,C,D,2025,,,,
00164724,현대엘리베이터,017800,0,정상,0.0,계속사업자,01,,1287486290395.0,False,114.58905866161676,125.56038562048144,,False,29162,False,False,45,현대엘리베이터,017800,A+,A+,A+,A,2025,,,,
00148364,하림지주,003380,1,유동비율<100%;,25.0,계속사업자,01,,1463939000000.0,False,89.11600824897758,10.696207387806988,,False,64992,False,False,148,하림지주,003380,B+,A,A,B,2025,,,,
00997812,코미코,183300,1,유동비율<100%;,25.0,계속사업자,01,,329366507408.0,False,76.96722975720591,87.51218787309666,,False,29271,False,False,243,코미코,183300,B,A,B+,C,2025,,,,
00139764,에넥스,011090,1,부채비율≥200%;유동비율<100%;,25.0,계속사업자,01,,40717160732.0,False,212.4873646776752,66.10799106230273,,False,32021,False,False,478,에넥스,011090,D,C,D,D,2025,,,,
00105606,금호에이치티,214330,0,정상,0.0,계속사업자,01,,252801889909.0,False,26.65140407939702,232.59151449457505,,False,303,False,False,865,금호에이치티,214330,D,C,C,D,2025,,,,
00133618,세기상사,002420,1,유동비율<100%;,25.0,계속사업자,01,,24547378493.0,False,100.82381423766968,27.4058072148468,,False,477,False,False,575,세기상사,002420,C,D,D,B,2025,,,,
00133812,세방,004360,0,정상,0.0,계속사업자,01,,648556276941.0,False,30.152572666841987,100.5248741517965,,False,49301,False,False,574,세방,004360,B,B+,B+,C,2025,,,,
00666064,셀바스AI,108860,1,유동비율<100%;,25.0,계속사업자,01,,113840701330.0,False,18.346854649511847,84.58266004065631,,False,5822,False,False,562,셀바스AI,108860,D,D,D,D,2025,,,,
00158112,한국수출포장공업,002200,0,정상,0.0,계속사업자,01,,275452188131.0,False,20.866870657663608,325.8837758053681,,False,1721,False,False,136,한국수출포장공업,002200,C,C,C,B,2025,,,,
01397620,루닛,328130,1,유동비율<100%;,25.0,계속사업자,01,,156731774386.0,False,130.3640800357397,16.16996877031305,,False,58222,False,False,712,루닛,328130,C,C,B+,D,2025,,,,
00163196,한일철강,002220,1,유동비율<100%;,25.0,계속사업자,01,,156433918199.0,False,107.36618012171844,66.63564618335778,,False,2419,False,False,82,한일철강,002220,D,D,D,D,2025,,,,
00109718,사조대림,003960,1,유동비율<100%;,25.0,계속사업자,01,,618661690063.0,False,81.16796177210588,86.87214331264283,,False,10211,False,False,644,사조대림,003960,A,A,A,B+,2025,,,,
00423690,삼성출판사,068290,0,정상,0.0,계속사업자,01,,164043724555.0,False,18.73671283761593,463.1533200473119,,False,5811,False,False,625,삼성출판사,068290,C,D,C,B,2025,,,,
00152039,SG글로벌,001380,0,정상,0.0,계속사업자,01,,144379071167.0,False,27.27907703772657,222.0540350507827,,False,303,False,False,948,SG글로벌,001380,D,C,D,D,2025,,,,
00587466,KPX홀딩스,092230,0,정상,0.0,계속사업자,01,,604219003749.0,False,3.5040559397557742,1901.7426160377704,,False,201,False,False,999,KPX홀딩스,092230,C,C,B,D,2025,,,,
00141413,영화금속,012280,0,정상,0.0,계속사업자,01,,81542810935.0,False,189.5314307599666,115.4081916435702,,False,303,False,False,431,영화금속,012280,C,C,C,C,2025,,,,
01128613,화승엔터프라이즈,241590,0,정상,0.0,계속사업자,01,,329007141382.0,False,10.151496358925924,309.9007835354907,,False,15219,False,False,24,화승엔터프라이즈,241590,B+,B,A,B+,2025,,,,
00796994,조선선재,120030,0,정상,0.0,계속사업자,01,,163891234834.0,False,5.9636539189540345,1813.1759540303392,,False,2599,False,False,304,조선선재,120030,D,D,D,C,2025,,,,
00353878,다스코,058730,0,정상,0.0,계속사업자,01,,136631611092.0,False,130.9496303417855,106.1102703210424,,False,25112,False,False,829,다스코,058730,C,C,C,C,2025,,,,
00819073,인크로스,216050,0,정상,0.0,계속사업자,01,,128526862047.0,False,126.37978356586774,169.7668321904397,,False,71310,True,False,346,인크로스,216050,B,D,B,B,2025,,,,
00122579,BYC,001460,0,정상,0.0,계속사업자,01,,558362461661.0,False,37.5390166084011,203.4803684433708,,False,14120,False,False,1083,BYC,001460,D,D,D,C,2025,,,,
00156354,지엠비코리아,013870,0,정상,0.0,계속사업자,01,,265067087368.0,False,113.3530104029328,103.24706949037714,,False,303,False,False,292,지엠비코리아,013870,D,C,C,D,2025,,,,
00108612,DS단석,017860,1,유동비율<100%;,25.0,계속사업자,01,,278518736519.0,False,157.51788239426816,82.93449295678845,,False,204,False,False,1060,DS단석,017860,B+,B,B+,B+,2025,,,,
00149293,신한은행,000010,1,부채비율≥200%;,25.0,계속사업자,01,,34549588000000.0,False,1490.2698405549727,,,False,64121,False,False,527,신한은행,000010,등급없음,등급없음,등급없음,A,2025,,,,
00138279,S-Oil,010950,1,유동비율<100%;,25.0,계속사업자,01,,8880216000000.0,False,198.6420150140492,70.43132434716321,,False,19210,False,False,954,S-Oil,010950,A,B+,A+,A,2025,,,,
00160418,한국무브넥스,010100,0,정상,0.0,계속사업자,01,,294086907643.0,False,,137.24641299342443,,False,303,False,False,138,한국무브넥스,010100,C,B,B,D,2025,,,,
00145552,이수화학,005950,1,유동비율<100%;,25.0,계속사업자,01,,288764373000.0,False,127.78960547186338,70.21981920838553,,False,20111,False,False,361,이수화학,005950,C,B,B+,D,2025,,,,
00116949,DN오토모티브,007340,1,유동비율<100%;,25.0,계속사업자,01,,1295607521000.0,False,48.50326945578144,61.13225727811986,,False,28202,False,False,1064,DN오토모티브,007340,C,B,B+,D,2025,,,,
00176914,다우기술,023590,0,정상,0.0,계속사업자,01,,787879637889.0,False,68.64215771244399,113.57123662187604,,False,631,False,False,827,다우기술,023590,A,A+,A+,B+,2025,,,,
00160232,KSS해운,044450,1,부채비율≥200%;유동비율<100%;,25.0,계속사업자,01,,543616809979.0,False,255.6249254465993,21.67878528896394,,False,50112,False,False,997,KSS해운,044450,B+,B+,A,B,2025,,,,
00508344,SK디앤디,210980,0,정상,0.0,계속사업자,01,,578417644764.0,False,155.40117753059673,116.42217100190328,,False,68122,False,False,937,SK디앤디,210980,A,A+,A+,A,2025,,,,
00111722,미래에셋증권,006800,1,부채비율≥200%;,25.0,계속사업자,01,,10413911000000.0,False,944.6368035985712,,,False,66121,False,False,677,미래에셋증권,006800,B,A,A,C,2025,통합 등급조정(2025.11.),,,지배구조 등급조정(2025.11.)
00128227,삼정펄프,009770,0,정상,0.0,계속사업자,01,,287044989719.0,False,12.26660665858309,1148.654562249119,,False,171,False,False,608,삼정펄프,009770,D,C,C,D,2025,,,,
01080252,넥스틴,348210,0,정상,0.0,계속사업자,01,,167730725575.0,False,28.050347780175933,304.2811711194874,,False,29271,False,False,843,넥스틴,348210,B+,B+,A,B+,2025,,,,
00158316,NICE,034310,1,유동비율<100%;,25.0,계속사업자,01,,243416141211.0,False,84.92681230280634,18.457109792255867,,False,715,True,False,963,NICE,034310,B+,B,A,B+,2025,,,,
00583424,아모레퍼시픽,090430,0,정상,0.0,계속사업자,01,,5057271330084.0,False,11.23081716783359,278.63123100614393,,False,20423,False,False,507,아모레퍼시픽,090430,A,A,A+,A,2025,,,,
00113997,롯데에너지머티리얼즈,020150,0,정상,0.0,계속사업자,01,,848011290503.0,False,23.262663823495654,154.4402173547989,,False,2629,False,False,722,롯데에너지머티리얼즈,020150,B+,B+,B+,B,2025,,,,
00173032,동화기업,025900,1,유동비율<100%;,25.0,계속사업자,01,,871205775662.0,False,102.29323483947508,26.100518264590256,,False,16212,False,False,750,동화기업,025900,C,B,B+,D,2025,,,,
00480455,STX엔진,077970,1,부채비율≥200%;유동비율<100%;,25.0,계속사업자,01,,318022258463.0,False,253.9797581639942,94.52937223437551,,False,29111,False,False,917,STX엔진,077970,C,C,B,D,2025,,,,
00228350,신화인터텍,056700,1,유동비율<100%;,25.0,계속사업자,01,,91736017402.0,False,73.62577534516718,86.85052250760542,,False,2229,False,False,522,신화인터텍,056700,C,C,C,B,2025,,,,
00106313,금호건설,002990,1,부채비율≥200%;유동비율<100%;,25.0,계속사업자,01,,248576864500.0,False,499.4316100447072,89.03808847193088,,False,41112,False,False,867,금호건설,002990,C,B,C,C,2025,,,사회 등급조정(2026.01.),
00828789,대성산업,128820,1,유동비율<100%;,25.0,계속사업자,01,,561706839372.0,False,75.41250756526136,61.13528668872996,,False,477,False,False,813,대성산업,128820,C,C,B,D,2025,,,,
00125576,체시스,033250,1,유동비율<100%;,25.0,계속사업자,01,,43132749633.0,False,69.06316746430919,71.81808537564093,,False,303,False,False,277,체시스,033250,D,C,D,D,2025,,,,
00855163,미원화학,134380,0,정상,0.0,계속사업자,01,,173551942637.0,False,12.781159954167505,1252.8059420125612,,False,20421,False,False,671,미원화학,134380,C,C,C,B,2025,,,,
00127255,삼영,003720,0,정상,0.0,계속사업자,01,,85662377205.0,False,75.72598251010677,155.27153043518325,,False,2221,False,False,616,삼영,003720,D,C,D,D,2025,,,,
00114552,도화엔지니어링,002150,0,정상,0.0,계속사업자,01,,272135534236.0,False,128.7371445414329,104.01654494472152,,False,72121,True,False,777,도화엔지니어링,002150,C,C,C,C,2025,,,,
00116301,NI스틸,008260,0,정상,0.0,계속사업자,01,,254522399415.0,False,,,,False,2419,False,False,961,NI스틸,008260,D,D,C,C,2025,,,,
00121570,문배철강,008420,0,정상,0.0,계속사업자,01,,185995113545.0,False,,137.04757709018983,,False,2419,False,False,683,문배철강,008420,D,D,C,D,2025,,,,
00142865,WISCOM,024070,0,정상,0.0,계속사업자,01,,87650301421.0,False,14.042478949252168,477.36426987688674,,False,22299,False,False,911,WISCOM,024070,C,C,D,B,2025,,,,
00490151,파트론,091700,0,정상,0.0,계속사업자,01,,511162910622.0,False,38.81508497135877,196.0995345988721,,False,2629,False,False,187,파트론,091700,D,C,D,D,2025,,,,
01350869,우리금융지주,316140,0,정상,0.0,계속사업자,01,,23949944000000.0,False,14.381778930255535,,,False,64992,False,False,417,우리금융지주,316140,A,A+,A,B+,2025,,,사회 등급조정(2026.04.),
00180795,인팩,023810,1,유동비율<100%;,25.0,계속사업자,01,,116049899400.0,False,118.19228795988082,81.99062969261418,,False,303,False,False,341,인팩,023810,C,C,C,C,2025,,,,
00646732,진양홀딩스,100250,0,정상,0.0,계속사업자,01,,252597265693.0,False,11.086960348587846,319.981559668631,,False,222,False,False,287,진양홀딩스,100250,D,D,D,D,2025,,,,
00564562,엠씨넥스,097520,0,정상,0.0,계속사업자,01,,330418548290.0,False,42.431128390210624,183.2204160273115,,False,26519,False,False,438,엠씨넥스,097520,B+,B,A,B+,2025,,,,
00353762,키이스트,054780,0,정상,0.0,계속사업자,01,,39190602937.0,False,48.899268816574576,163.19369896682875,,False,59130,False,False,216,키이스트,054780,D,D,D,D,2025,,,,
00102113,경인양행,012610,0,정상,0.0,계속사업자,01,,206015376173.0,False,71.63407751228871,113.11293924988048,,False,20132,False,False,894,경인양행,012610,B,B+,B+,C,2025,,,,
00145598,이연제약,102460,1,유동비율<100%;,25.0,계속사업자,01,,223313084815.0,False,109.254259835746,53.15940966382728,,False,212,False,False,356,이연제약,102460,C,D,D,B,2025,,,,
00409672,티비에이치글로벌,084870,0,정상,0.0,계속사업자,01,,60490083749.0,False,66.2695007835275,210.5983676470216,,False,141,False,False,200,티비에이치글로벌,084870,D,D,C,C,2025,,,,
00138057,써니전자,004770,0,정상,0.0,계속사업자,01,,84787361947.0,False,1.4506413771534017,8197.263900988206,,False,262,False,False,517,써니전자,004770,D,C,D,D,2025,,,,
00468374,원익QnC,074600,1,유동비율<100%;,25.0,계속사업자,01,,436148813169.0,False,59.94567115070695,51.943051117602735,,False,2312,False,False,400,원익QnC,074600,C,B+,A,D,2025,,,,
00159971,KC그린홀딩스,009440,1,유동비율<100%;,25.0,계속사업자,01,,78867709066.0,False,44.1585662667789,38.60308279662004,,False,64992,False,False,1011,KC그린홀딩스,009440,D,C,C,D,2025,,,,
00367710,동인기연,111380,0,정상,0.0,계속사업자,01,,160210431488.0,False,75.49726250194868,161.72935046022815,,False,151,False,False,755,동인기연,111380,C,D,D,B,2025,,,,
00117744,메리츠화재해상보험,000060,1,부채비율≥200%;,25.0,계속사업자,01,,5854318798795.0,False,655.7291252001776,,,False,65121,False,False,700,메리츠화재해상보험,000060,등급없음,등급없음,등급없음,B+,2025,,,,
00692254,아이패밀리에스씨,114840,0,정상,0.0,계속사업자,01,,108900512601.0,False,34.78304932758615,306.7259090686288,,False,204,False,False,487,아이패밀리에스씨,114840,C,D,D,B,2025,,,,
00126201,삼성공조,006660,0,정상,0.0,계속사업자,01,,254439119683.0,False,9.234051337809982,902.4809136572665,,False,30399,False,False,635,삼성공조,006660,D,D,C,C,2025,,,,
00266961,NAVER,035420,0,정상,0.0,계속사업자,01,,15729782986276.0,False,29.31646031178809,126.59852849602972,,False,63120,False,False,969,NAVER,035420,A,A,A+,A,2025,,,,
00122694,범양건영,002410,2,완전자본잠식(자본총계<0),60.0,계속사업자,01,,-85523162262.0,True,-140.8770002691227,14.196186488512003,,False,411,False,False,665,범양건영,002410,D,D,D,D,2025,,,,
00858364,BNK금융지주,138930,0,정상,0.0,계속사업자,01,,5257339255199.0,False,38.23725487045648,,,False,64992,False,False,1086,BNK금융지주,138930,A,A+,A+,A,2025,,,,
00161693,한샘,009240,0,정상,0.0,계속사업자,01,,388338654493.0,False,121.47910262497535,132.2702951333533,,False,46431,True,False,104,한샘,009240,B+,A,A+,B,2025,,,,
00124780,사조씨푸드,014710,1,유동비율<100%;,25.0,계속사업자,01,,207799931562.0,False,67.1545549120473,70.84906530569664,,False,102,False,False,641,사조씨푸드,014710,B,B,B+,B,2025,,,,
00139214,삼성화재해상보험,000810,1,부채비율≥200%;,25.0,계속사업자,01,,20627777238043.0,False,354.77049415758023,,,False,65121,False,False,623,삼성화재해상보험,000810,A,A,A+,A,2025,,,,
00166500,화천기계,010660,0,정상,0.0,계속사업자,01,,141822810498.0,False,23.37705343913456,194.12487614933943,,False,29223,False,False,18,화천기계,010660,D,D,D,D,2025,,,,
01135941,원익IPS,240810,0,정상,0.0,계속사업자,01,,966016425991.0,False,20.3055345982106,365.9794692310892,,False,292,False,False,401,원익IPS,240810,B,B+,A,C,2025,,,,
00165103,푸드웰,005670,1,유동비율<100%;,25.0,계속사업자,01,,77413576985.0,False,64.02605118169893,82.08330945301898,,False,1030,False,False,171,푸드웰,005670,D,C,C,D,2025,,,,
00535676,테크윙,089030,0,정상,0.0,계속사업자,01,,214182639453.0,False,194.04233699351715,171.0035674859859,,False,29271,False,False,205,테크윙,089030,D,C,C,D,2025,,,,
00878696,에스케이바이오팜,326030,0,정상,0.0,계속사업자,01,,799168921654.0,False,19.55781832738361,512.8001870763657,,False,7011,False,False,468,에스케이바이오팜,326030,A,A,A,A,2025,,,,
00181943,에스제이엠홀딩스,025530,1,유동비율<100%;,25.0,계속사업자,01,,173256919555.0,False,8.54514889507785,70.32375332632694,20.67450985074321,False,452,False,False,469,에스제이엠홀딩스,025530,C,C,C,C,2025,,,,
00595191,후성,093370,1,유동비율<100%;,25.0,계속사업자,01,,287311270855.0,False,104.85408527221978,68.31831103679787,,False,20129,False,False,9,후성,093370,B+,B+,A,B,2025,,,,
00120216,KB손해보험,002550,1,부채비율≥200%;,25.0,계속사업자,01,,5717234000000.0,False,685.2048210725676,,,False,65121,False,False,1013,KB손해보험,002550,등급없음,등급없음,등급없음,A,2025,,,,
00136271,신성이엔지,011930,1,유동비율<100%;,25.0,계속사업자,01,,190711675037.0,False,158.13590951287577,76.86210593973688,,False,2612,False,False,541,신성이엔지,011930,C,C,B,B,2025,,,,
00149239,조일알미늄,018470,0,정상,0.0,계속사업자,01,,209575969367.0,False,96.16275073602677,141.70904752398113,,False,24222,False,False,303,조일알미늄,018470,C,C,C,C,2025,,,,
00612294,피엔티,137400,0,정상,0.0,계속사업자,01,,671526430625.0,False,118.76194715087205,134.7739193498881,,False,292,False,False,160,피엔티,137400,D,D,C,D,2025,,,,
00264547,KG이니시스,035600,1,유동비율<100%;,25.0,계속사업자,01,,398504123379.0,False,141.66830448679627,65.4082506561014,,False,58221,False,False,1005,KG이니시스,035600,C,C,B+,D,2025,,,,
00104768,가온전선,000500,0,정상,0.0,계속사업자,01,,726763054000.0,False,73.0231429733631,,,False,28302,False,False,907,가온전선,000500,B+,A,A+,B,2025,,,,
00167208,흥아해운,003280,0,정상,0.0,계속사업자,01,,229966617701.0,False,77.66236382630564,239.12314025872328,,False,50112,False,False,1,흥아해운,003280,C,B,B+,C,2025,,,,
01528141,LS머트리얼즈,417200,0,정상,0.0,계속사업자,01,,225041354699.0,False,3.236159412895838,954.178393139529,,False,26291,False,False,977,LS머트리얼즈,417200,B,C,B,B+,2025,,,,
00150165,브이티,018290,0,정상,0.0,계속사업자,01,,246247536105.0,False,23.69653891648225,287.5203500887507,,False,204,False,False,653,브이티,018290,D,D,D,D,2025,,,,
00545716,롯데렌탈,089860,1,부채비율≥200%;유동비율<100%;,25.0,계속사업자,01,,1309435551916.0,False,410.39392921277056,19.08971632659146,,False,76110,False,False,725,롯데렌탈,089860,A,A+,A,A,2025,,,,
00767460,PI첨단소재,178920,0,정상,0.0,계속사업자,01,,355154473586.0,False,30.86111971850453,249.15744218816448,,False,2221,False,False,958,PI첨단소재,178920,B+,B+,B+,B,2025,,,,
00599595,BGF에코머티리얼즈,126600,0,정상,0.0,계속사업자,01,,387048289681.0,False,27.90718926520097,172.93601960121146,,False,20202,False,False,1087,BGF에코머티리얼즈,126600,B,B,B,B,2025,,,,
00152729,광전자,017900,0,정상,0.0,계속사업자,01,,240500387031.0,False,7.188740210955041,899.6249986562967,,False,2612,False,False,883,광전자,017900,D,C,D,D,2025,,,,
00765569,기가비스,420770,0,정상,0.0,계속사업자,01,,210901030460.0,False,13.397441847662748,2260.4228455737,,False,292,False,False,862,기가비스,420770,C,C,D,B,2025,,,,
00360595,현대글로비스,086280,0,정상,0.0,계속사업자,01,,8653413512153.0,False,75.90254490366794,186.29707352428017,,False,5299,False,False,55,현대글로비스,086280,A,A,A+,A,2025,,,,
00403632,현대퓨처넷,126560,1,재무제표미제출;,25.0,계속사업자,01,,,,,1299.9778038663776,,True,61299,False,False,32,현대퓨처넷,126560,A,A,A+,A,2025,,,,
00208444,피에스케이홀딩스,031980,0,정상,0.0,계속사업자,01,,321708982831.0,False,14.447542235529168,573.9614766900619,,False,29271,False,False,161,피에스케이홀딩스,031980,B,B+,B+,C,2025,,,,
00161860,한성기업,003680,0,정상,0.0,계속사업자,01,,67328358710.0,False,,102.24200065208676,,False,10211,False,False,102,한성기업,003680,B,B+,A,C,2025,,,,
00428251,현대백화점,069960,1,유동비율<100%;,25.0,계속사업자,01,,4537009761000.0,False,71.84162117124437,62.58145836377999,,False,47111,False,False,49,현대백화점,069960,A+,A+,A+,A,2025,,,,
00135962,신라교역,004970,0,정상,0.0,계속사업자,01,,602417899049.0,False,14.445446709564274,297.7330056638753,,False,03111,False,False,543,신라교역,004970,D,D,D,C,2025,,,,
00447609,비에이치,090460,0,정상,0.0,계속사업자,01,,450070502722.0,False,45.43812633957885,256.59908668385407,,False,2622,False,False,648,비에이치,090460,B,B+,A+,D,2025,,,,
00106119,금양,001570,1,유동비율<100%;,25.0,계속사업자,01,,434864935349.0,False,171.65989609139373,4.54211919201402,,False,201,False,False,868,금양,001570,D,C,D,D,2025,,,,
00108940,대성홀딩스,016710,0,정상,0.0,계속사업자,01,,329258338908.0,False,36.14443303385944,184.4471910901065,,False,715,True,False,811,대성홀딩스,016710,C,B+,B+,D,2025,,,,
00140964,영원무역홀딩스,009970,0,정상,0.0,계속사업자,01,,729752298408.0,False,4.264827157776145,4065.154388026917,,False,64992,False,False,434,영원무역홀딩스,009970,C,B+,B+,C,2025,통합 등급조정(2026.04.),,,지배구조 등급조정(2026.04.)
01199550,HD현대에너지솔루션,322000,0,정상,0.0,계속사업자,01,,410236293325.0,False,26.47966951157612,409.6284352260725,,False,2612,False,False,1042,HD현대에너지솔루션,322000,A,A,A,A,2025,,,,
01721809,현대그린푸드,453340,0,정상,0.0,계속사업자,01,,722726701000.0,False,39.91145554756528,182.25243334192484,,False,471,False,False,56,현대그린푸드,453340,A,A,A+,A,2025,,,,
00106669,세아베스틸지주,001430,1,유동비율<100%;,25.0,계속사업자,01,,1630843533047.0,False,12.320058671883,31.624487562973435,,False,2411,False,False,572,세아베스틸지주,001430,A,A,A,A,2025,,,,
00156895,아주IB투자,027360,0,정상,0.0,계속사업자,01,,229368080199.0,False,19.905492012396877,,,False,649,False,False,486,아주IB투자,027360,B,C,A,B,2025,,,,
01323032,케이카,381970,0,정상,0.0,계속사업자,01,,223938501452.0,False,138.7129034980089,141.85819847061262,,False,45120,False,False,252,케이카,381970,B,C,B,B,2025,,,,
00173078,명신산업,009900,0,정상,0.0,계속사업자,01,,203184505328.0,False,31.554092465123052,214.6949956188845,,False,303,False,False,693,명신산업,009900,D,C,C,D,2025,,,,
00573579,평화산업,090080,1,유동비율<100%;,25.0,계속사업자,01,,61709948104.0,False,,94.2924536355111,,False,303,False,False,178,평화산업,090080,B,B+,A+,C,2025,,,,
00861076,케이탑리츠,145270,1,유동비율<100%;,25.0,계속사업자,01,,104657649374.0,False,104.74199250669672,35.330510539652224,,False,68112,False,False,251,케이탑리츠,145270,D,D,D,D,2025,,,,
00776820,영원무역,111770,0,정상,0.0,계속사업자,01,,2133141741447.0,False,21.005863790375464,248.20716478135955,,False,46800,True,False,435,영원무역,111770,B,B+,B+,C,2025,,,,
00550994,아이센스,099190,0,정상,0.0,계속사업자,01,,324238816366.0,False,65.08534539516319,138.37750708797364,,False,27112,False,False,495,아이센스,099190,B+,B,B+,A,2025,,,,
01566248,에코프로에이치엔,383310,0,정상,0.0,계속사업자,01,,304679175283.0,False,49.71527024231498,291.68213671358376,,False,204,False,False,450,에코프로에이치엔,383310,B+,B+,A,B+,2025,,,,
00140779,영보화학,014440,0,정상,0.0,계속사업자,01,,179428562212.0,False,8.803152149955544,505.84093725901374,,False,2225,False,False,436,영보화학,014440,D,C,C,D,2025,,,,
00134565,이스타코,015020,1,유동비율<100%;,25.0,계속사업자,01,,37535588189.0,False,136.8045175699378,47.96699174571243,,False,68121,False,False,360,이스타코,015020,D,D,D,C,2025,,,,
00136624,신영와코루,005800,0,정상,0.0,계속사업자,01,,345565756248.0,False,10.267549279546229,630.8126782938102,,False,14120,False,False,534,신영와코루,005800,D,D,D,D,2025,,,,
00248974,하나제약,293480,0,정상,0.0,계속사업자,01,,313408799150.0,False,33.417040187462774,183.6323792535869,,False,212,False,False,154,하나제약,293480,C,D,C,C,2025,,,,
00127954,CJ프레시웨이,051500,1,부채비율≥200%;유동비율<100%;,25.0,계속사업자,01,,435691508680.0,False,251.5295034347099,77.2067616620843,,False,4632,True,False,1075,CJ프레시웨이,051500,A,A,A+,B+,2025,,,,
00161116,HL D&I,014790,1,부채비율≥200%;,25.0,계속사업자,01,,543484442792.0,False,209.2273711211257,115.98899649058738,,False,41221,False,False,1036,HL D&I,014790,A+,A+,A+,A,2025,,,,
00114765,케이비아이동국실업,001620,1,유동비율<100%;,25.0,계속사업자,01,,232694142705.0,False,124.82137912995216,71.28333933467025,,False,303,False,False,262,케이비아이동국실업,001620,D,C,C,D,2025,,,,
00625942,한솔아이원스,114810,0,정상,0.0,계속사업자,01,,210233699513.0,False,21.058814584700944,283.7092008551379,,False,2927,False,False,97,한솔아이원스,114810,A,B+,A,A,2025,,,,
00132992,성우하이텍,015750,0,정상,0.0,계속사업자,01,,1483683854654.0,False,65.72866390619457,162.23469595560124,,False,303,False,False,578,성우하이텍,015750,C,B+,A,D,2025,,,,
00153339,태경산업,015890,1,유동비율<100%;,25.0,계속사업자,01,,162406831052.0,False,36.81802591533519,96.53110862185792,,False,20129,False,False,214,태경산업,015890,C,C,B+,D,2025,,,,
00117027,알루코,001780,0,정상,0.0,계속사업자,01,,255888079619.0,False,68.29733318340301,139.2297139027353,,False,24222,False,False,482,알루코,001780,C,C,B,C,2025,,,,
00110875,대신정보통신,020180,1,부채비율≥200%;,25.0,,,,38942736867.0,False,248.21622700049969,234.5713209411476,,False,62021,False,False,810,대신정보통신,020180,D,D,C,D,2025,,,,
01765265,동국제강,460860,1,유동비율<100%;,25.0,,,,1884321017339.0,False,119.403933402353,83.2040925273225,,False,241,False,False,775,동국제강,460860,A,B+,A+,B+,2025,,,,
00163682,메리츠증권,008560,1,부채비율≥200%;,25.0,,,,7535276527786.0,False,861.4514634897085,,,False,66121,False,False,702,메리츠증권,008560,등급없음,등급없음,등급없음,B,2025,,,,
00150828,진흥기업,002780,0,정상,0.0,,,,240935698511.0,False,133.72489353680822,204.34095528387064,,False,41221,False,False,283,진흥기업,002780,D,D,C,C,2025,,,,
00164779,SK하이닉스,000660,0,정상,0.0,,,,117318562000000.0,False,43.97033693611076,134.05186604142054,,False,2612,False,False,928,SK하이닉스,000660,A,A,A+,B+,2025,,,,
00260930,에스엠,041510,0,정상,0.0,,,,644851804590.0,False,55.20132824057543,143.9488829595351,,False,59201,False,False,473,에스엠,041510,B+,B+,A,B+,2025,,,,
00171636,한솔홀딩스,004150,0,정상,0.0,,,,461368726607.0,False,3.3696822722106288,486.5332291411824,,False,64992,False,False,91,한솔홀딩스,004150,A,A,A,A,2025,,,,
00181712,SK,034730,1,유동비율<100%;,25.0,,,,15570867000000.0,False,69.54093179268695,65.60000525094846,,False,64992,False,False,942,SK,034730,A,A,A+,A,2025,,,,
00632304,JW홀딩스,096760,1,유동비율<100%;,25.0,,,,195108901436.0,False,75.78022842873693,29.42506950523837,,False,64992,False,False,1017,JW홀딩스,096760,B+,B+,A,B+,2025,,,,
00414850,효성 ITX,094280,0,정상,0.0,,,,75020126030.0,False,160.24969683058796,102.8934235946814,,False,759,True,False,13,효성 ITX,094280,A,A,A+,A,2025,,,,
00825223,화신정공,126640,0,정상,0.0,,,,118510671446.0,False,66.99622190494293,132.7495643796288,,False,303,False,False,20,화신정공,126640,B,C,B+,B,2025,,,,
00148984,시알홀딩스,000480,1,유동비율<100%;,25.0,,,,510797940000.0,False,27.0278024222259,22.54885846570857,,False,2321,False,False,546,시알홀딩스,000480,C,B+,A,D,2025,,,,
00652423,인바이오젠,101140,0,정상,0.0,,,,157643520598.0,False,1.4906278323942814,285.84972566375177,,False,46510,True,False,351,인바이오젠,101140,D,D,D,D,2025,,,,
00127167,삼영무역,002810,0,정상,0.0,,,,430933675406.0,False,7.376990619507612,1294.5433334480824,,False,46739,True,False,615,삼영무역,002810,C,D,D,B,2025,,,,
00857480,사람인,143240,0,정상,0.0,,,,254145124840.0,False,20.82946704695876,594.4636101726526,,False,63120,False,False,645,사람인,143240,C,D,C,C,2025,,,,
00101664,경보제약,214390,0,정상,0.0,,,,145737670605.0,False,119.25548485748696,108.07384183168791,,False,211,False,False,895,경보제약,214390,B+,A,A,B,2025,통합 등급조정(2025.11.),,,지배구조 등급조정(2025.11.)
00983040,한진칼,180640,0,정상,0.0,,,,2752627491000.0,False,15.786121275790164,241.36714664032655,,False,64992,False,False,74,한진칼,180640,A,A,A,A,2025,,,,
00209780,케이씨,029460,0,정상,0.0,,,,636233907934.0,False,8.070804225248354,1121.9775456902437,,False,27216,False,False,259,케이씨,029460,C,C,B+,C,2025,,,,
01181515,엘앤씨바이오,290650,1,유동비율<100%;,25.0,,,,113322622788.0,False,194.17261033010675,60.80051859662324,,False,212,False,False,442,엘앤씨바이오,290650,C,D,C,B+,2025,,,,
00265324,CJ ENM,035760,1,유동비율<100%;,25.0,,,,2417312357211.0,False,118.71336638471976,45.63649431456792,,False,602,False,False,1080,CJ ENM,035760,B+,B+,A+,B,2025,,,,
00136226,신성델타테크,065350,1,유동비율<100%;,25.0,,,,258232157941.0,False,43.31039421726597,51.2845385065683,,False,28519,False,False,542,신성델타테크,065350,D,D,D,C,2025,,,,
00111689,아진전자부품,009320,1,부채비율≥200%;유동비율<100%;,25.0,,,,34102776223.0,False,223.42025187267112,70.31850499160642,,False,303,False,False,484,아진전자부품,009320,C,B,B+,D,2025,,,,
00797364,KC코트렐,119650,1,부채비율≥200%;,25.0,,,,50808215705.0,False,279.69046737064514,170.8122860769088,,False,291,False,False,1010,KC코트렐,119650,D,C,C,D,2025,,,,
00129235,삼화왕관,004450,0,정상,0.0,,,,117666567063.0,False,62.44593022728289,223.24511305491865,,False,25991,False,False,602,삼화왕관,004450,D,C,D,D,2025,,,,
01204056,하이브,352820,0,정상,0.0,,,,2323789218000.0,False,40.4658148275019,331.6637189434192,,False,592,False,False,147,하이브,352820,B+,B+,A,B+,2025,,,,
00113562,롯데손해보험,000400,1,재무제표미제출;,25.0,,,,,,,,,True,65121,False,False,724,롯데손해보험,000400,B+,B+,A,B+,2025,,,,
00226316,호전실업,111110,0,정상,0.0,,,,172012994512.0,False,67.95358752495038,200.40710561504392,,False,14199,False,False,27,호전실업,111110,C,D,D,B+,2025,,,,
00160375,진양폴리우레탄,010640,1,유동비율<100%;,25.0,,,,31685915701.0,False,139.28726259789656,74.6512508058642,,False,22259,False,False,288,진양폴리우레탄,010640,D,D,D,D,2025,,,,
00164788,현대모비스,012330,0,정상,0.0,,,,30607126000000.0,False,25.90858743156741,248.97769198640435,,False,303,False,False,52,현대모비스,012330,B+,B+,A+,B,2025,,,,
01074862,메가스터디교육,215200,1,유동비율<100%;,25.0,,,,467041651471.0,False,65.9850685294041,76.17128133699232,,False,85503,False,False,705,메가스터디교육,215200,C,D,B,C,2025,,,,
00124504,포스코인터내셔널,047050,0,정상,0.0,,,,5793961712000.0,False,,106.85402590048096,,False,461,True,False,173,포스코인터내셔널,047050,A,B+,A+,A,2025,,,,
00128032,삼일제약,000520,1,유동비율<100%;,25.0,,,,155456171844.0,False,133.51878363587218,41.18188221288327,,False,212,False,False,609,삼일제약,000520,C,B,C,C,2025,,,,
00441243,형지엘리트,093240,0,정상,0.0,,,,87721902574.0,False,110.03399522208817,171.49900556272868,,False,14112,False,False,29,형지엘리트,093240,D,D,D,D,2025,,,,
00225706,JW생명과학,234080,1,유동비율<100%;,25.0,,,,207990199564.0,False,43.00035670549937,89.24137334524895,,False,212,False,False,1019,JW생명과학,234080,B+,B+,A,B,2025,,,,
00557508,GKL,114090,0,정상,0.0,,,,438507033360.0,False,46.969726967619465,243.63818012117025,,False,91249,False,False,1055,GKL,114090,A,A+,A,B+,2025,,,,
00129013,CJ씨푸드,011150,0,정상,0.0,,,,91338567098.0,False,69.12587720174835,103.07547203124,,False,108,False,False,1077,CJ씨푸드,011150,B+,A,A,B,2025,,,,
00135795,신도리코,029530,0,정상,0.0,,,,1055804801864.0,False,6.743322402427462,724.1850766991926,,False,263,False,False,544,신도리코,029530,D,C,C,D,2025,,,,
00161125,한온시스템,018880,1,유동비율<100%;,25.0,,,,3817872035306.0,False,87.327585176248,96.77924149188564,,False,29172,False,False,86,한온시스템,018880,A,A,A,B+,2025,,,,
00138792,아시아나항공,020560,1,부채비율≥200%;유동비율<100%;,25.0,,,,902742612375.0,False,1114.5346057157758,32.39744780187866,,False,511,False,False,500,아시아나항공,020560,B+,A,B+,B+,2025,,,,
00651901,에어부산,298690,1,부채비율≥200%;유동비율<100%;,25.0,,,,161199313412.0,False,801.0029316687397,50.74945969357722,,False,511,False,False,464,에어부산,298690,B,B+,B+,C,2025,,,,
00121039,명문제약,017180,0,정상,0.0,,,,98282349867.0,False,122.88504015160107,119.19413541287965,,False,212,False,False,694,명문제약,017180,D,D,D,C,2025,,,,
00159193,한국전력공사,015760,1,부채비율≥200%;유동비율<100%;,25.0,,,,26570762000000.0,False,444.2692272054524,24.62461203598403,,False,35120,False,False,130,한국전력공사,015760,C,C,D,B+,2025,,,,
00105271,케이씨씨,002380,1,유동비율<100%;,25.0,,,,8854128857041.0,False,70.84175132224367,63.07268889301508,,False,20411,False,False,258,케이씨씨,002380,B,B+,A,C,2025,,,,
00124197,세아제강지주,003030,1,유동비율<100%;,25.0,,,,749526714648.0,False,30.10637966066019,5.170405170809383,,False,64992,False,False,570,세아제강지주,003030,C,B+,A,C,2025,,,,
00307897,신한카드,032710,1,부채비율≥200%;,25.0,,,,8329455000000.0,False,400.8316270392241,,,False,64913,False,False,525,신한카드,032710,등급없음,등급없음,등급없음,A,2025,,,,
01205851,HD현대일렉트릭,267260,0,정상,0.0,,,,1840963756995.0,False,90.32551275215116,158.68329181184754,,False,281,False,False,1040,HD현대일렉트릭,267260,A+,A+,A+,A,2025,,,,
01236897,제일약품,271980,0,정상,0.0,,,,181723082289.0,False,148.07317640973562,103.66245112645134,,False,212,False,False,315,제일약품,271980,C,B,A,D,2025,,,,
01010642,지씨셀,144510,1,유동비율<100%;,25.0,,,,557870501486.0,False,,42.32182753996844,,False,73909,True,False,294,지씨셀,144510,B,B+,A,C,2025,,,,
00260408,팜스코,036580,1,유동비율<100%;,25.0,,,,322819350208.0,False,169.35914542103282,94.35352736739809,,False,105,False,False,186,팜스코,036580,A,B,A,A,2025,,,,
00362238,휴비스,079980,1,부채비율≥200%;유동비율<100%;,25.0,,,,210176853265.0,False,211.2411752669124,56.82140964328772,,False,20501,False,False,7,휴비스,079980,B+,B+,A,B+,2025,,,,
00102432,계룡건설산업,013580,0,정상,0.0,,,,903228470194.0,False,153.23363493133988,133.03898994012465,,False,412,False,False,892,계룡건설산업,013580,C,B+,C,C,2025,,,사회 등급조정(2025.11.),
00125150,SGC에너지,005090,1,유동비율<100%;,25.0,,,,677202916786.0,False,134.0264675105965,42.29918762616515,,False,351,False,False,949,SGC에너지,005090,B+,B+,A,B,2025,,,,
01159853,휴온스,243070,0,정상,0.0,,,,373257532863.0,False,,178.63204141569463,,False,212,False,False,5,휴온스,243070,A,A,A,A,2025,,,,
00386937,국민은행,060000,1,부채비율≥200%;,25.0,,,,38711915000000.0,False,1355.8632736200211,,,False,64121,False,False,876,국민은행,060000,등급없음,등급없음,등급없음,A,2025,,,,
00670340,씨에스윈드,112610,1,유동비율<100%;,25.0,,,,966492073566.0,False,55.53523514265497,91.5686215252741,,False,2511,False,False,512,씨에스윈드,112610,A,A+,A,B+,2025,,,,
00239639,삼표시멘트,038500,0,정상,0.0,,,,730363551888.0,False,66.59999148350053,105.46825238817644,,False,239,False,False,604,삼표시멘트,038500,A,A,A+,A,2025,,,,
00580199,메디톡스,086900,0,정상,0.0,,,,440937549992.0,False,27.785441451339956,145.3998387034731,,False,211,False,False,704,메디톡스,086900,C,B+,B,D,2025,,,,지배구조 등급조정(2025.11.)
00877059,삼성바이오로직스,207940,0,정상,0.0,,,,7415448837573.0,False,48.662191285834986,173.48263924054112,,False,211,False,False,633,삼성바이오로직스,207940,A,A,A+,A,2025,,,,
00102618,계양전기,012200,1,부채비율≥200%;유동비율<100%;,25.0,,,,18490357605.0,False,1019.339121678388,84.07574498898317,,False,291,False,False,891,계양전기,012200,C,C,C,C,2025,,,,
00141246,SGC E&C,016250,1,부채비율≥200%;유동비율<100%;,25.0,,,,355581345613.0,False,217.52966202137043,91.86116036899372,,False,4112,False,False,950,SGC E&C,016250,C,B,B+,D,2025,,,,
00753643,주성코퍼레이션,109070,0,정상,0.0,,,,29077901411.0,False,42.58904134434958,344.127512164246,,False,264,False,False,297,주성코퍼레이션,109070,D,C,C,D,2025,,,,
00105855,엘에스일렉트릭,010120,0,정상,0.0,,,,1986911322242.0,False,101.31492522698596,188.98159831335784,,False,28121,False,False,440,엘에스일렉트릭,010120,A,A+,A,A,2025,,,,
00185046,SM C&C,048550,0,정상,0.0,,,,81032607465.0,False,153.09647896568524,146.21454839219282,,False,713,True,False,927,SM C&C,048550,D,D,C,D,2025,,,,
00120571,롯데칠성음료,005300,1,유동비율<100%;,25.0,,,,1487744650499.0,False,129.2309644468987,84.80466459351443,,False,11209,False,False,717,롯데칠성음료,005300,A,A,A+,B+,2025,,,,
00313649,현대바이오,048410,0,정상,0.0,,,,112999457581.0,False,17.722428652938298,224.34327703005823,,False,204,False,False,51,현대바이오,048410,D,D,D,D,2025,,,,
00231363,LG유플러스,032640,0,정상,0.0,,,,8934857000000.0,False,109.45522687156604,114.26468252441688,,False,61220,False,False,986,LG유플러스,032640,A,A+,A+,A,2025,,,,
00303873,CJ CGV,079160,1,유동비율<100%;,25.0,,,,817961867066.0,False,190.31752064480904,34.15496780612939,,False,59141,False,False,1081,CJ CGV,079160,B+,A+,A+,B,2025,통합 등급조정(2025.11.),,,지배구조 등급조정(2025.11.)
00161383,한미반도체,042700,0,정상,0.0,,,,673827332014.0,False,18.52042737758924,396.69281721796585,,False,29271,False,False,107,한미반도체,042700,D,D,D,D,2025,,,,
00104388,국도화학,007690,0,정상,0.0,,,,862805927392.0,False,70.73724014423814,160.72591926376148,,False,20111,False,False,877,국도화학,007690,C,C,B+,C,2025,,,,
00111999,대원제약,003220,0,정상,0.0,,,,281699665129.0,False,104.2929251752792,129.53782606991635,,False,212,False,False,801,대원제약,003220,A,B+,A+,B+,2025,,,,
01078178,RFHIC,218410,0,정상,0.0,,,,342532655744.0,False,31.60170370380696,456.1652729051761,,False,264,False,False,955,RFHIC,218410,D,C,D,D,2025,,,,
01095722,심텍,222800,0,정상,0.0,,,,569372097367.0,False,159.72217524787126,100.27622892321446,,False,2622,False,False,519,심텍,222800,A,A,A+,B+,2025,,,,
01770203,조선내화,462520,1,유동비율<100%;,25.0,,,,199616454000.0,False,126.49545162243987,75.10249539878043,,False,2321,False,False,305,조선내화,462520,B,B+,A,C,2025,,,,
00113410,CJ대한통운,000120,1,유동비율<100%;,25.0,,,,3918563115805.0,False,106.167566529354,74.44440022420946,,False,493,False,False,1078,CJ대한통운,000120,B,A,A+,C,2025,통합 등급조정(2025.11.),,,지배구조 등급조정(2025.11.)
00131850,SK증권,001510,1,부채비율≥200%;,25.0,,,,595913150100.0,False,951.9320781654288,,,False,66121,False,False,931,SK증권,001510,A,A+,A+,B+,2025,,,,
00536523,로보스타,090360,0,정상,0.0,,,,86390178344.0,False,25.72745826903788,342.1650992155803,,False,29280,False,False,727,로보스타,090360,D,D,D,C,2025,,,,
00660750,하나머티리얼즈,166090,0,정상,0.0,,,,463680286012.0,False,47.77819564432952,115.35574362846644,,False,2612,False,False,157,하나머티리얼즈,166090,B,B+,A+,D,2025,,,,
00124540,대우건설,047040,1,부채비율≥200%;,25.0,,,,2393649001527.0,False,359.45532335618617,173.5323422022933,,False,41112,False,False,806,대우건설,047040,A,A,B+,A,2025,,,사회 등급조정(2025.11.),
01316245,효성중공업,298040,1,유동비율<100%;,25.0,,,,2082635617377.0,False,144.9519168107328,91.53539734813192,,False,281,False,False,12,효성중공업,298040,B,A,A+,D,2025,,,,
00111810,대웅,003090,0,정상,0.0,,,,510041881747.0,False,10.419216181027387,128.7448462803402,,False,212,False,False,805,대웅,003090,B,A,A+,C,2025,,,,
00159209,한전기술,052690,0,정상,0.0,,,,624966182864.0,False,41.37055912675901,212.69661191342405,,False,72129,True,False,78,한전기술,052690,A,A,A+,B+,2025,,,,
00155124,평화홀딩스,010770,0,정상,0.0,,,,142814697209.0,False,24.726145049568924,122.19062914858912,,False,303,False,False,177,평화홀딩스,010770,B,B,B+,B,2025,,,,
00258801,카카오,035720,1,유동비율<100%;,25.0,,,,7477584262907.0,False,55.00152176572205,99.25104899566686,,False,63120,False,False,275,카카오,035720,A,A,A+,A,2025,,,,
00357360,한세엠케이,069640,1,부채비율≥200%;유동비율<100%;,25.0,,,,16597465022.0,False,1491.9368889211328,63.190510160303845,,False,4741,False,False,100,한세엠케이,069640,B+,B+,B+,B+,2025,,,,
00390055,종근당바이오,063160,1,유동비율<100%;,25.0,,,,127035604266.0,False,136.04952550869774,89.60538726785177,,False,212,False,False,300,종근당바이오,063160,A,A,A,B+,2025,,,,
00427483,대웅제약,069620,0,정상,0.0,,,,1022662458894.0,False,105.44381919105632,105.98606651082162,,False,212,False,False,804,대웅제약,069620,A,A,A+,B+,2025,,,,
00445054,하나마이크론,067310,1,유동비율<100%;,25.0,,,,464903284502.0,False,144.97306930364363,78.66662980481077,,False,2611,False,False,158,하나마이크론,067310,C,B+,A,D,2025,,,,
00155319,POSCO홀딩스,005490,0,정상,0.0,,,,47938268418245.0,False,8.08814428745682,1606.13700735044,,False,2411,False,False,956,POSCO홀딩스,005490,A+,A,A+,A+,2025,,,,
00157681,롯데정밀화학,004000,0,정상,0.0,,,,2237224176816.0,False,13.48824444613618,435.5696972996594,,False,20119,False,False,719,롯데정밀화학,004000,A,A,A+,A,2025,,,,
00939687,동일고무벨트,163560,0,정상,0.0,,,,239557948789.0,False,44.85770593387814,221.7013787473168,,False,2219,False,False,754,동일고무벨트,163560,B+,B+,A,B+,2025,,,,
00540641,동양고속,084670,1,유동비율<100%;,25.0,,,,54550079616.0,False,187.49505515478805,17.805691541620707,,False,49220,False,False,761,동양고속,084670,C,C,D,C,2025,,,,
00684802,에이플러스에셋,244920,0,정상,0.0,,,,166988346680.0,False,91.85446352968228,141.0835710608246,,False,66202,False,False,455,에이플러스에셋,244920,D,D,D,C,2025,,,,
00872984,이마트,139480,1,유동비율<100%;,25.0,,,,9758842443077.0,False,112.59379370910808,39.30701404008133,,False,471,False,False,364,이마트,139480,A+,A+,A+,A,2025,,,,
00113191,코리안리,003690,1,부채비율≥200%;,25.0,,,,3659456675717.0,False,282.5651375695822,,,False,65200,False,False,244,코리안리,003690,A,A,A+,A,2025,,,,
00126487,F&F 홀딩스,007700,0,정상,0.0,,,,1966803892349.0,False,0.4372903961323794,2661.98868128122,,False,64992,False,False,1056,F&F 홀딩스,007700,A,A,A+,A,2025,,,,
00141389,KZ정밀,036560,0,정상,0.0,,,,581167526018.0,False,26.298800573256088,184.55738160491447,,False,29120,False,False,992,KZ정밀,036560,B+,B,B+,B+,2025,,,,
00219486,신세계I&C,035510,0,정상,0.0,,,,431859847266.0,False,32.354605576456095,220.09729606190965,,False,62021,False,False,538,신세계I&C,035510,A,A,A+,A,2025,,,,
01568413,F&F,383220,0,정상,0.0,,,,1823237678029.0,False,21.51445898474685,255.24413623430905,,False,14111,False,False,1057,F&F,383220,A,A,A+,A,2025,,,,
01765256,동국씨엠,460850,1,유동비율<100%;,25.0,,,,1002138455890.0,False,93.59162681637984,95.0791534874369,,False,24122,False,False,776,동국씨엠,460850,B+,B+,A,B,2025,,,,
00132725,SB성보,003080,0,정상,0.0,,,,150794629252.0,False,49.62729990001116,174.26147818527477,,False,2032,False,False,952,SB성보,003080,D,D,C,C,2025,,,,
01011526,엔켐,348370,1,유동비율<100%;,25.0,,,,516547208778.0,False,62.5572448577255,45.79771741979189,,False,20119,False,False,444,엔켐,348370,D,C,C,D,2025,,,,
00138321,신한투자증권,008670,1,부채비율≥200%;,25.0,,,,5682362000000.0,False,821.7082614588792,,,False,66121,False,False,523,신한투자증권,008670,등급없음,등급없음,등급없음,A,2025,,,,
00119007,무림P&P,009580,1,유동비율<100%;,25.0,,,,541801319913.0,False,176.43020185157434,76.91134807569892,,False,171,False,False,686,무림P&P,009580,A,A,A,B+,2025,,,사회 등급조정(2026.07.),
00136086,무림페이퍼,009200,1,유동비율<100%;,25.0,,,,322573798275.0,False,173.90422465955012,82.24522769813134,,False,171,False,False,685,무림페이퍼,009200,B+,A,A,B,2025,,,사회 등급조정(2026.07.),
00326731,바이오니아,064550,1,유동비율<100%;,25.0,,,,105229543768.0,False,83.47764286203514,69.0111757328284,,False,213,False,False,668,바이오니아,064550,C,D,C,C,2025,,,,
01784394,STX그린로지스,465770,1,유동비율<100%;,25.0,,,,38081892784.0,False,140.45489561504354,42.38766306524254,,False,501,False,False,918,STX그린로지스,465770,D,D,D,D,2025,,,,
00108038,엔피씨,004250,1,유동비율<100%;,25.0,,,,388008193687.0,False,26.885971587278668,72.04477755652404,,False,22232,False,False,443,엔피씨,004250,D,C,C,D,2025,,,,
01152470,펄어비스,263750,0,정상,0.0,,,,793879606815.0,False,17.167269708410515,628.3083306496148,,False,58211,False,False,181,펄어비스,263750,B+,A,A+,B,2025,,,,
00247975,솔브레인홀딩스,036830,0,정상,0.0,,,,1458413549606.0,False,19.63858997075117,239.7449944898573,,False,715,True,False,555,솔브레인홀딩스,036830,A,B+,A+,B+,2025,,,,
00158909,하나은행,004940,1,부채비율≥200%;,25.0,,,,33638298000000.0,False,1484.804382790116,,,False,64121,False,False,155,하나은행,004940,등급없음,등급없음,등급없음,A,2025,,,,
00109754,대림바스,005750,0,정상,0.0,,,,170638489768.0,False,87.55025201882447,102.11866282193893,,False,23222,False,False,817,대림바스,005750,C,C,C,B,2025,,,,
00878915,iM금융지주,139130,0,정상,0.0,,,,3714556000000.0,False,38.861952814818245,,,False,64992,False,False,908,iM금융지주,139130,A,A,A,A,2025,,,,
00263654,오스코텍,039200,0,정상,0.0,,,,183266267765.0,False,11.913132658976751,965.737390057971,,False,212,False,False,424,오스코텍,039200,D,D,C,D,2025,,,,
00256955,테이팩스,055490,0,정상,0.0,,,,101237041958.0,False,41.83032067508327,151.39286627644012,,False,2229,False,False,206,테이팩스,055490,B+,B+,A,B+,2025,,,,
00128412,삼진제약,005500,0,정상,0.0,,,,290394738749.0,False,62.03177433345297,130.18617635131292,,False,212,False,False,607,삼진제약,005500,B+,B,B+,B+,2025,,,,
00164973,현대해상,001450,1,부채비율≥200%;,25.0,,,,4883487466522.0,False,916.6069834379772,,,False,65121,False,False,31,현대해상,001450,A,A+,A,A,2025,,,,
00536541,에코프로,086520,0,정상,0.0,,,,1229784092214.0,False,105.1147616357404,143.65635852797033,,False,64992,False,False,453,에코프로,086520,C,B,A,C,2025,,,,
00688996,KB금융,105560,0,정상,0.0,,,,24935236000000.0,False,23.73309801439217,,,False,64992,False,False,1014,KB금융,105560,A+,A+,A,A+,2025,,,사회 등급조정(2026.04.),
00871833,에스티팜,237690,0,정상,0.0,,,,598701297056.0,False,29.734493232666026,232.0140516038115,,False,212,False,False,467,에스티팜,237690,A,A,A+,B+,2025,,,,
00151128,모토닉,009680,0,정상,0.0,,,,483011293751.0,False,9.93509657679731,1051.1547797035614,,False,303,False,False,688,모토닉,009680,D,C,C,D,2025,,,,
00155355,풀무원,017810,1,유동비율<100%;,25.0,,,,391237480710.0,False,43.68547574093186,19.767518775026257,,False,108,False,False,169,풀무원,017810,A+,A,A+,A+,2025,,,,
00150439,진양산업,003780,0,정상,0.0,,,,56274069545.0,False,24.47396917862269,160.90386782596033,,False,2225,False,False,289,진양산업,003780,D,D,D,D,2025,,,,
00112998,서울보증보험,031210,0,정상,0.0,,,,5174021618478.0,False,81.17104862001761,,,False,65122,False,False,588,서울보증보험,031210,등급없음,등급없음,등급없음,B,2025,,,,
00661847,화인베스틸,133820,1,부채비율≥200%;유동비율<100%;,25.0,,,,52605324899.0,False,220.6649224558,57.20545235708213,,False,24121,False,False,19,화인베스틸,133820,C,C,D,C,2025,,,,
01105153,두산로보틱스,454910,0,정상,0.0,,,,368346996205.0,False,8.234042738092592,1564.0377143221842,,False,2928,False,False,747,두산로보틱스,454910,C,D,C,B+,2025,,,,
00447575,제이앤티씨,204270,0,정상,0.0,,,,323765068869.0,False,33.21339276860332,207.06249403794308,,False,262,False,False,320,제이앤티씨,204270,D,C,D,D,2025,,,,
00526599,덴티움,145720,0,정상,0.0,,,,435342283574.0,False,79.5686926857219,107.67616719332248,,False,27191,False,False,778,덴티움,145720,D,D,D,D,2025,,,,
00486705,아주스틸,139990,1,부채비율≥200%;유동비율<100%;,25.0,,,,138037886993.0,False,412.5719035686776,48.81446494452357,,False,2419,False,False,485,아주스틸,139990,C,C,B,D,2025,,,,
00173698,신일전자,002700,0,정상,0.0,,,,83159456000.0,False,66.90507956545555,174.41909780270095,,False,46521,True,False,531,신일전자,002700,D,D,D,D,2025,,,,
00161408,케이비캐피탈,021960,1,부채비율≥200%;,25.0,,,,2682116307103.0,False,567.4909048405217,,,False,64911,False,False,260,케이비캐피탈,021960,등급없음,등급없음,등급없음,B+,2025,,,,
00114792,동국홀딩스,001230,0,정상,0.0,,,,660024892979.0,False,3.583151270137392,764.3571386991774,,False,649,False,False,773,동국홀딩스,001230,B+,B+,A,B+,2025,,,,
00126186,삼성에스디에스,018260,0,정상,0.0,,,,7228453265417.0,False,17.26557783408457,525.647284468493,,False,62021,False,False,631,삼성에스디에스,018260,A,A,A+,A,2025,,,,
00107987,남해화학,025860,0,정상,0.0,,,,549427715570.0,False,39.74878974032679,226.88165715255303,,False,20312,False,False,850,남해화학,025860,D,C,C,D,2025,,,,
00223762,KT지니뮤직,043610,0,정상,0.0,,,,139951545661.0,False,65.88149411178227,126.72936348762352,,False,603,False,False,993,KT지니뮤직,043610,C,D,C,B,2025,,,,
00216647,원익홀딩스,030530,1,유동비율<100%;,25.0,,,,625874128263.0,False,66.5255839476141,26.85049014793292,,False,201,False,False,396,원익홀딩스,030530,C,B,B+,C,2025,,,,
00141671,오리콤,010470,0,정상,0.0,,,,102877263317.0,False,89.2437963888067,141.80733579543664,,False,71310,True,False,425,오리콤,010470,B,D,C,B+,2025,,,,
00149354,종근당홀딩스,001630,1,유동비율<100%;,25.0,,,,379742421253.0,False,17.11755097719056,65.40981108908554,,False,212,False,False,299,종근당홀딩스,001630,A,A,A,A,2025,,,,
00152862,코오롱,002020,1,유동비율<100%;,25.0,,,,758717699811.0,False,147.18130393533363,2.7297107528358966,,False,64992,False,False,236,코오롱,002020,B+,B+,A,B,2025,,,,
00357740,NHN KCP,060250,0,정상,0.0,,,,295839705974.0,False,117.01890725358714,155.22269892836883,,False,661,False,False,967,NHN KCP,060250,C,B,B,C,2025,,,,
00129509,한익스프레스,014130,1,부채비율≥200%;유동비율<100%;,25.0,,,,69391229214.0,False,406.20507698994805,53.4326570232756,,False,49301,False,False,84,한익스프레스,014130,D,C,C,D,2025,,,,
00121534,MH에탄올,023150,1,유동비율<100%;,25.0,,,,69584302236.0,False,71.64014029907099,47.82824269949618,,False,11121,False,False,970,MH에탄올,023150,D,D,D,D,2025,,,,
00126292,삼성카드,029780,1,부채비율≥200%;,25.0,,,,8847668000000.0,False,255.6137052158829,,,False,64913,False,False,624,삼성카드,029780,A,A,A+,A,2025,,,,
00137252,사조동아원,008040,1,부채비율≥200%;유동비율<100%;,25.0,,,,126964407050.0,False,265.25417947360074,71.00616763525662,,False,105,False,False,643,사조동아원,008040,B+,B+,B+,B,2025,,,사회 등급조정(2026.07.),
00140177,GS리테일,007070,1,유동비율<100%;,25.0,,,,3325039720919.0,False,114.17298599578083,96.73388185286436,,False,47122,False,False,1051,GS리테일,007070,A+,A+,A+,A,2025,,,,
00150633,지누스,013890,0,정상,0.0,,,,511603197228.0,False,41.38173003317836,192.95438589636427,,False,320,False,False,295,지누스,013890,A,A,A+,A,2025,,,,
00140168,HS애드,035000,0,정상,0.0,,,,183542459375.0,False,138.40548071330974,149.0979072434529,,False,71310,True,False,1027,HS애드,035000,B,C,B,B+,2025,,,,
01093007,LS에코에너지,229640,0,정상,0.0,,,,287489492408.0,False,0.6240889807735015,1215.533283838325,,False,64992,False,False,976,LS에코에너지,229640,C,D,C,B+,2025,,,,
00155258,포스코스틸리온,058430,0,정상,0.0,,,,374614941683.0,False,28.09518387391545,310.78754417697417,,False,2419,False,False,175,포스코스틸리온,058430,A,A,A+,B+,2025,,,,
00155276,포스코퓨처엠,003670,0,정상,0.0,,,,3900756568355.0,False,100.68146847090256,141.60547662595246,,False,282,False,False,172,포스코퓨처엠,003670,A,A,A+,A,2025,,,,
00204208,마니커,027740,1,부채비율≥200%;유동비율<100%;,25.0,,,,42875507823.0,False,253.90966187600648,64.17611094664123,,False,1012,False,False,709,마니커,027740,C,C,C,C,2025,,,,
00377610,세아홀딩스,058650,1,유동비율<100%;,25.0,,,,985609070242.0,False,19.285250763198608,10.11934486348432,,False,241,False,False,568,세아홀딩스,058650,B+,A,A,B+,2025,,,,
01032413,해성디에스,195870,0,정상,0.0,,,,568822832411.0,False,50.81580135643132,206.6419680197502,,False,262,False,False,60,해성디에스,195870,A,A,A,B+,2025,,,,
01316254,HS효성첨단소재,298050,1,유동비율<100%;,25.0,,,,1007318199783.0,False,119.76376395153858,24.44740030548179,,False,205,False,False,1025,HS효성첨단소재,298050,A,A,A+,B+,2025,,,,
00613318,와이지엔터테인먼트,122870,0,정상,0.0,,,,473007701758.0,False,21.17257491554284,247.43437197036832,,False,59201,False,False,419,와이지엔터테인먼트,122870,B+,A,A,B+,2025,,,,
00113234,대한제당,001790,0,정상,0.0,,,,454877637000.0,False,127.80053990651555,184.92451962936684,,False,105,False,False,792,대한제당,001790,D,C,D,D,2025,,,사회 등급조정(2026.04.),
00121941,대상,001680,0,정상,0.0,,,,1104135160820.0,False,177.26662506177357,109.61060122388048,,False,108,False,False,815,대상,001680,B+,A,A+,B,2025,,,,
00142661,우성,006980,0,정상,0.0,,,,161913686606.0,False,15.886539899862182,161.36888815588077,,False,105,False,False,411,우성,006980,C,B,B+,D,2025,,,,
00156691,한국공항,005430,0,정상,0.0,,,,393806043257.0,False,27.747858417878064,281.1721944283328,,False,52939,False,False,142,한국공항,005430,A,A,A+,B+,2025,,,,
00158149,한국쉘석유,002960,0,정상,0.0,,,,140361831154.0,False,42.67733491541365,318.24130804417496,,False,19221,False,False,135,한국쉘석유,002960,C,D,C,B,2025,,,,
00127158,씨아이테크,004920,0,정상,0.0,,,,62122976054.0,False,66.13651133404537,164.56713102435643,,False,26529,False,False,514,씨아이테크,004920,D,D,D,D,2025,,,,
00149345,조흥,002600,1,유동비율<100%;,25.0,,,,151575235362.0,False,177.68925566288246,95.10371581619944,,False,108,False,False,302,조흥,002600,C,B,C,C,2025,,,,
00428321,해태제과식품,101530,1,유동비율<100%;,25.0,,,,292377655323.0,False,127.92791762653437,58.430382996024086,,False,108,False,False,59,해태제과식품,101530,C,B,B+,C,2025,,,,
00108913,대교,019680,1,유동비율<100%;,25.0,,,,262245201220.0,False,101.21738397810442,37.07095004334546,,False,851,False,False,823,대교,019680,B,D,B+,B,2025,,,,
00254045,우리은행,000030,1,부채비율≥200%;,25.0,,,,27529724000000.0,False,1641.5675435031606,,,False,64121,False,False,414,우리은행,000030,등급없음,등급없음,등급없음,B+,2025,,,,
01168684,스튜디오드래곤,253450,0,정상,0.0,,,,750177136119.0,False,25.79457909808977,121.24046777310411,,False,59114,False,False,551,스튜디오드래곤,253450,B+,A,A,B,2025,,,,
00116824,동아쏘시오홀딩스,000640,1,유동비율<100%;,25.0,,,,683444803167.0,False,42.00023637854184,31.29222783956266,,False,64992,False,False,765,동아쏘시오홀딩스,000640,A,A,A+,A,2025,,,,
00104102,우리종합금융,010050,0,정상,0.0,,,,1102073503947.0,False,,,,False,64919,False,False,413,우리종합금융,010050,등급없음,등급없음,등급없음,B+,2025,,,,
00956930,동아에스티,170900,0,정상,0.0,,,,677095800566.0,False,104.74124731598758,153.7007303814634,,False,212,False,False,764,동아에스티,170900,A,A,A+,A,2025,,,,
00855093,선진,136490,1,유동비율<100%;,25.0,,,,502441966486.0,False,77.47697955498046,72.65651818633232,,False,109,False,False,581,선진,136490,A,B+,A,A,2025,,,,
01167056,샘표식품,248170,0,정상,0.0,,,,248801166161.0,False,45.68659114340509,156.46291515822676,,False,108,False,False,594,샘표식품,248170,C,B,B+,D,2025,,,,
01205329,크라운제과,264900,0,정상,0.0,,,,227522957559.0,False,56.01520698013564,163.3946061104681,,False,106,False,False,222,크라운제과,264900,B,B,B+,B,2025,,,,
00101488,경동나비엔,009450,0,정상,0.0,,,,637847996087.0,False,70.03880260259785,142.6993734555823,,False,28520,False,False,899,경동나비엔,009450,B+,A,A+,B,2025,,,,
00107066,남광토건,001260,1,부채비율≥200%;,25.0,,,,124977041000.0,False,228.0252290498701,119.0522395789644,,False,41221,False,False,854,남광토건,001260,D,C,D,D,2025,,,,
00184667,유진기업,023410,1,유동비율<100%;,25.0,,,,925348946622.0,False,100.43931114125542,33.81796264576612,,False,23322,False,False,377,유진기업,023410,B,A,A+,D,2025,,,,
00125521,에스엘,005850,0,정상,0.0,,,,2022632841963.0,False,29.268089352512806,293.8942922327552,,False,303,False,False,474,에스엘,005850,A,B+,A+,B+,2025,,,,
00131832,SK디스커버리,006120,1,유동비율<100%;,25.0,,,,1023608440028.0,False,72.95236995276957,24.88846505200675,,False,64992,False,False,938,SK디스커버리,006120,A,A,A+,A,2025,,,,
00145190,유화증권,003460,0,정상,0.0,,,,537902516178.0,False,50.6787006037711,,,False,66121,False,False,372,유화증권,003460,D,D,C,D,2025,,,,
00114808,동국제약,086450,0,정상,0.0,,,,638269628960.0,False,31.15642605477357,230.6476021270079,,False,212,False,False,774,동국제약,086450,B+,B+,A,B,2025,,,,
00156488,휴스틸,005010,0,정상,0.0,,,,853574822375.0,False,30.861381068274973,165.28196382951407,,False,2413,False,False,6,휴스틸,005010,C,C,C,C,2025,,,,
00163761,한창제지,009460,1,부채비율≥200%;유동비율<100%;,25.0,,,,82926027690.0,False,246.647327752882,67.75499761280003,,False,171,False,False,72,한창제지,009460,D,C,D,D,2025,,,,
00106614,기신정기,092440,0,정상,0.0,,,,227093213114.0,False,9.441075605036762,882.4955349461925,,False,29293,False,False,861,기신정기,092440,D,D,D,D,2025,,,,
00557933,진도,088790,0,정상,0.0,,,,111548343484.0,False,25.60082127359976,281.94446442483166,,False,467,True,False,290,진도,088790,D,D,D,D,2025,,,,
00122551,백산,035150,0,정상,0.0,,,,235613937126.0,False,32.91198502596682,191.8208208586598,,False,22214,False,False,666,백산,035150,D,C,C,D,2025,,,,
00140946,한솔로지스틱스,009180,0,정상,0.0,,,,92346955599.0,False,53.94865468368455,184.51089542984013,,False,5299,False,False,98,한솔로지스틱스,009180,A,B,A,A,2025,,,,
00534598,한컴라이프케어,372910,0,정상,0.0,,,,131986800314.0,False,56.88870800744428,159.5049288498056,,False,27199,False,False,71,한컴라이프케어,372910,C,C,B,D,2025,,,,
00123718,부광약품,003000,0,정상,0.0,,,,340380963402.0,False,37.50148061048997,247.6334741592911,,False,212,False,False,659,부광약품,003000,B+,B+,A,B+,2025,,,,
00126414,삼성제약,001360,1,유동비율<100%;,25.0,,,,121044891635.0,False,38.32652073818348,92.13354648917375,,False,212,False,False,628,삼성제약,001360,D,D,D,D,2025,,,,
00141149,영진약품,003520,0,정상,0.0,,,,91459449207.0,False,186.8863775837368,147.83738057992366,,False,212,False,False,433,영진약품,003520,B+,B+,A,B+,2025,,,,
00144818,유유제약,000220,0,정상,0.0,,,,117591968039.0,False,44.13679579696009,160.1028405747742,,False,212,False,False,378,유유제약,000220,D,D,C,D,2025,,,,
00158963,유나이티드,033270,0,정상,0.0,,,,454629301042.0,False,14.26709506543834,562.6614778569183,,False,212,False,False,390,유나이티드,033270,B+,B,A,B+,2025,,,,
00161046,한독,002390,1,유동비율<100%;,25.0,,,,341473477217.0,False,149.1926379826132,74.35803501795706,,False,212,False,False,109,한독,002390,A,A,A+,B+,2025,,,,
00167192,넥센,005720,0,정상,0.0,,,,704863616733.0,False,16.374529489542372,279.61247421344603,,False,221,False,False,845,넥센,005720,B,B+,A,C,2025,,,,
00854997,에스디바이오센서,137310,0,정상,0.0,,,,2418076784795.0,False,2.769613956517833,1414.729322262295,,False,27112,False,False,477,에스디바이오센서,137310,C,C,B,C,2025,,,,
00157399,한솔테크닉스,004710,1,유동비율<100%;,25.0,,,,279092691985.0,False,113.38445965543508,71.54763345226934,,False,26299,False,False,93,한솔테크닉스,004710,A,B+,A,A,2025,,,,
00164706,현대약품,004310,0,정상,0.0,,,,82103210702.0,False,98.79325550909806,113.18639502397738,,False,212,False,False,47,현대약품,004310,C,C,B,D,2025,,,,
00166573,환인제약,016580,0,정상,0.0,,,,420584760686.0,False,13.692007478604983,395.7014404754723,,False,212,False,False,16,환인제약,016580,C,D,B,B,2025,,,,
00541349,셀트리온제약,068760,0,정상,0.0,,,,435963146742.0,False,74.19833479627388,165.92454006932266,,False,212,False,False,560,셀트리온제약,068760,C,B,B+,C,2025,,,,
00937324,한국타이어앤테크놀로지,161390,0,정상,0.0,,,,6733894942702.0,False,31.53037358575198,143.52748678279258,,False,221,False,False,119,한국타이어앤테크놀로지,161390,A,B+,A+,B+,2025,,,,지배구조 등급조정(2025.11.)
01108099,현대코퍼레이션홀딩스,227840,0,정상,0.0,,,,315697688000.0,False,22.71749294533953,413.5606125810472,,False,463,True,False,33,현대코퍼레이션홀딩스,227840,B+,B,B+,B+,2025,,,,
00992871,종근당,185750,0,정상,0.0,,,,1003754664532.0,False,78.02534592854506,210.510126181478,,False,212,False,False,301,종근당,185750,A,A,A+,B+,2025,,,,
01012066,HK이노엔,195940,1,유동비율<100%;,25.0,계속사업자,01,,1328398567183.0,False,57.85407842148982,82.06594441877093,,False,212,False,False,1037,HK이노엔,195940,A,A,A+,A,2025,,,,
00148832,제주은행,006220,1,부채비율≥200%;,25.0,계속사업자,01,,647270000000.0,False,1137.9425896457428,,,False,64121,False,False,311,제주은행,006220,A,B+,A,A,2025,,,,
00128111,포스코엠텍,009520,0,정상,0.0,계속사업자,01,,114252106916.0,False,35.84136373529352,293.9308703301167,,False,24199,False,False,174,포스코엠텍,009520,A,A,A+,B+,2025,,,,
00130763,서울반도체,046890,0,정상,0.0,계속사업자,01,,557934953033.0,False,37.49860578830333,128.70598074870182,,False,2612,False,False,589,서울반도체,046890,C,C,B,D,2025,,,,
00219574,코스맥스비티아이,044820,1,유동비율<100%;,25.0,계속사업자,01,,276657662399.0,False,130.66265564105578,31.64907485331703,,False,64992,False,False,241,코스맥스비티아이,044820,A,A,A+,B+,2025,,,,
00589127,KEC,092220,0,정상,0.0,계속사업자,01,,327051546041.0,False,49.33570486952304,,,False,2612,False,False,1009,KEC,092220,D,C,D,D,2025,,,,
01009789,코스맥스,192820,1,유동비율<100%;,25.0,계속사업자,01,,513387874404.0,False,165.8690467196132,81.39100834133477,,False,20423,False,False,242,코스맥스,192820,A,A,A+,B+,2025,,,,
01412725,두산퓨얼셀,336260,1,부채비율≥200%;,25.0,계속사업자,01,,373883052275.0,False,221.45754401352,125.52506211755352,,False,28111,False,False,743,두산퓨얼셀,336260,A,A,A+,B+,2025,,,,
00122481,태경비케이,014580,0,정상,0.0,계속사업자,01,,200329593388.0,False,55.49639066589328,216.06232213608305,,False,23312,False,False,215,태경비케이,014580,D,C,D,D,2025,,,,
01274329,성일하이텍,365340,1,부채비율≥200%;유동비율<100%;,25.0,계속사업자,01,,151478493334.0,False,299.6726527508386,36.58034586260115,,False,201,False,False,577,성일하이텍,365340,D,C,C,D,2025,,,,
00162072,한신기계공업,011700,0,정상,0.0,계속사업자,01,,92199727890.0,False,19.241928512160168,330.753870752054,,False,29132,False,False,88,한신기계공업,011700,C,C,C,C,2025,,,,
00141307,영풍,000670,0,정상,0.0,계속사업자,01,,1287775434666.0,False,52.94908735519171,124.46387972451105,,False,24213,False,False,432,영풍,000670,C,B,A,D,2025,통합 등급조정(2026.07.),,,지배구조 등급조정(2026.07.)
00158219,시그네틱스,033170,1,유동비율<100%;,25.0,계속사업자,01,,52181576021.0,False,105.24305024995596,74.54909580174328,,False,2612,False,False,549,시그네틱스,033170,D,C,C,D,2025,,,,
00157991,한국석유공업,004090,0,정상,0.0,계속사업자,01,,204221313438.0,False,78.94174287197691,109.18725544796324,,False,23999,False,False,137,한국석유공업,004090,B+,B+,B+,A,2025,,,,
00203315,콘텐트리중앙,036420,1,유동비율<100%;,25.0,계속사업자,01,,622991948034.0,False,74.47613216482183,45.27736487865642,,False,591,False,False,229,콘텐트리중앙,036420,D,D,C,D,2025,,,,
01008762,데브시스터즈,194480,0,정상,0.0,계속사업자,01,,195766965823.0,False,38.824327231346615,419.7464599779592,,False,58212,False,False,779,데브시스터즈,194480,D,D,D,D,2025,,,,
00126779,삼아알미늄,006110,0,정상,0.0,계속사업자,01,,217939022961.0,False,107.23659089029792,116.74137981014164,,False,24222,False,False,622,삼아알미늄,006110,D,C,C,D,2025,,,,
00138516,아남전자,008700,0,정상,0.0,계속사업자,01,,93260335.0,False,19.519062418122346,378.809852359169,,False,265,False,False,508,아남전자,008700,D,D,D,D,2025,,,,
00191472,KPX케미칼,025000,0,정상,0.0,계속사업자,01,,613092625243.0,False,29.612399659846155,200.8101515485344,,False,20119,False,False,1000,KPX케미칼,025000,C,C,B,D,2025,,,,
00788773,씨젠,096530,0,정상,0.0,계속사업자,01,,877522267284.0,False,18.61149419928547,525.7135985180965,,False,2130,False,False,511,씨젠,096530,B+,B+,A,B,2025,,,,
00104856,삼성증권,016360,1,부채비율≥200%;,25.0,계속사업자,01,,7644514334642.0,False,851.7455394799289,,,False,66121,False,False,626,삼성증권,016360,A,A,A+,B+,2025,,,,
00105961,LG이노텍,011070,0,정상,0.0,계속사업자,01,,4352355000000.0,False,134.13563461620203,136.84031523548703,,False,262,False,False,985,LG이노텍,011070,A,A,A+,A,2025,,,,
00126256,삼성생명,032830,1,부채비율≥200%;,25.0,계속사업자,01,,56416815000000.0,False,449.3899185907605,,,False,65110,False,False,632,삼성생명,032830,A,A+,A,B+,2025,,,,
00126478,삼성중공업,010140,1,부채비율≥200%;유동비율<100%;,25.0,계속사업자,01,,4068136540287.0,False,263.1807395062426,78.9467220219225,,False,3111,False,False,627,삼성중공업,010140,B+,A,B+,B+,2025,통합 등급조정(2026.01.),,사회 등급조정(2026.01.),
00136378,신세계,004170,1,유동비율<100%;,25.0,계속사업자,01,,4301814802641.0,False,,28.5734211051762,,False,47111,False,False,539,신세계,004170,A+,A+,A+,A,2025,,,,
00137997,현대차증권,001500,1,부채비율≥200%;,25.0,계속사업자,01,,1432097000000.0,False,715.3209594042861,,,False,66121,False,False,38,현대차증권,001500,A,A,A+,B+,2025,,,,
00166519,화천기공,000850,0,정상,0.0,계속사업자,01,,301499956259.0,False,21.39035679580629,341.41607368163875,,False,29223,False,False,17,화천기공,000850,C,D,C,C,2025,,,,
00103006,고려제강,002240,0,정상,0.0,계속사업자,01,,1270381854135.0,False,12.699141048251796,411.8646405424081,,False,2411,False,False,888,고려제강,002240,D,C,D,D,2025,,,,
00105466,KCC건설,021320,0,정상,0.0,계속사업자,01,,552614040570.0,False,186.49239834387728,115.49726769710324,,False,41112,False,False,1012,KCC건설,021320,C,C,C,B,2025,,,,
00113614,대현,016090,0,정상,0.0,계속사업자,01,,277429993588.0,False,13.503609428270714,436.3281657742086,,False,14112,False,False,787,대현,016090,C,D,D,B,2025,,,,
00525934,LX세미콘,108320,0,정상,0.0,계속사업자,01,,1114156278998.0,False,24.423514174934564,439.0686311893927,,False,2612,False,False,974,LX세미콘,108320,A,A,A+,B+,2025,,,,
00146861,자화전자,033240,0,정상,0.0,계속사업자,01,,438620204713.0,False,54.61967902453524,129.71929481807675,,False,26292,False,False,325,자화전자,033240,C,C,B,D,2025,,,,
00372226,티에스이,131290,0,정상,0.0,계속사업자,01,,380817111104.0,False,15.582272560172443,413.2054572008833,,False,27212,False,False,198,티에스이,131290,D,D,C,D,2025,,,,
00361488,텔코웨어,078000,0,정상,0.0,계속사업자,01,,112356689293.0,False,26.535474119614776,201.59012246518296,,False,631,False,False,204,텔코웨어,078000,D,D,D,C,2025,,,,
00852087,시디즈,134790,0,정상,0.0,계속사업자,01,,63641340487.0,False,54.78294857588957,172.70412925106632,,False,32029,False,False,547,시디즈,134790,D,C,D,D,2025,,,,
00117188,효성,004800,1,유동비율<100%;,25.0,계속사업자,01,,2479400696537.0,False,33.245991326666505,27.493603568055807,,False,649,False,False,14,효성,004800,A,A,A+,B+,2025,,,,
00117601,유안타증권,003470,1,부채비율≥200%;,25.0,계속사업자,01,,1868299140000.0,False,932.5072636922588,,,False,66121,False,False,380,유안타증권,003470,C,C,D,C,2025,,,,지배구조 등급조정(2025.11.)
00131939,선도전기,007610,0,정상,0.0,계속사업자,01,,36211480643.0,False,97.119590545653,108.24169310124276,,False,28123,False,False,583,선도전기,007610,D,C,D,D,2025,,,,
00159573,한국주철관공업,000970,0,정상,0.0,계속사업자,01,,283128777190.0,False,17.103873099237326,378.3459106947207,,False,24131,False,False,124,한국주철관공업,000970,D,C,D,D,2025,,,,
00129642,상신브레이크,041650,0,정상,0.0,계속사업자,01,,225436742008.0,False,84.60782662847008,110.55751413218027,,False,303,False,False,597,상신브레이크,041650,B,B,B,B,2025,,,,
00137368,신풍,002870,0,정상,0.0,계속사업자,01,,71375360362.0,False,2.726622569931173,2284.4806941085326,,False,467,True,False,530,신풍,002870,D,D,D,D,2025,,,,
01237540,이녹스첨단소재,272290,0,정상,0.0,계속사업자,01,,549642220883.0,False,60.1049917219374,243.5234610418504,,False,2629,False,False,366,이녹스첨단소재,272290,B+,B+,B+,B,2025,,,,
00367604,SM Life Design,063440,0,정상,0.0,계속사업자,01,,65997918010.0,False,8.682253067637339,495.129253517204,,False,182,False,False,926,SM Life Design,063440,D,D,D,D,2025,,,,
00125743,현대비앤지스틸,004560,0,정상,0.0,계속사업자,01,,525132758395.0,False,35.39338056210086,475.9267147931741,,False,24122,False,False,48,현대비앤지스틸,004560,B+,B+,A,B,2025,,,,
00656951,현대이지웰,090850,0,정상,0.0,계속사업자,01,,110554501419.0,False,,144.28702300203497,,False,58222,False,False,42,현대이지웰,090850,A,A,A+,A,2025,,,,
00130684,서울도시가스,017390,0,정상,0.0,계속사업자,01,,1077889871760.0,False,61.67760999001448,230.3572638620252,,False,35200,False,False,590,서울도시가스,017390,C,C,B,D,2025,,,,
00155212,포스코DX,022100,0,정상,0.0,계속사업자,01,,561661721685.0,False,45.06869434658864,243.5834049988712,,False,72129,True,False,176,포스코DX,022100,A,A+,A+,B+,2025,,,,
00164672,한일현대시멘트,006390,3,국세청 폐업,100.0,폐업자,03,2025-11-03,431444746515.0,False,110.04488487554067,190.88676818572995,,False,23311,False,True,81,한일현대시멘트,006390,B+,A,B+,B+,2025,통합 등급조정(2025.11.),,사회 등급조정(2025.11.),
01263022,BGF리테일,282330,1,유동비율<100%;,25.0,계속사업자,01,,1232326061158.0,False,177.60423974198378,85.14934252001945,,False,47122,False,False,1088,BGF리테일,282330,A+,A+,A+,A,2025,,,,
00219097,BGF,027410,0,정상,0.0,계속사업자,01,,1604355158257.0,False,3.530902732069852,3643.713537222208,,False,64992,False,False,1089,BGF,027410,A,A,A+,B+,2025,,,,
00161426,한미사이언스,008930,1,유동비율<100%;,25.0,계속사업자,01,,548985000279.0,False,50.16431632340438,47.04193042978794,,False,64992,False,False,106,한미사이언스,008930,B+,B+,A,B,2025,,,,
01760738,OCI,456040,0,정상,0.0,계속사업자,01,,1030262158000.0,False,105.26386925685762,137.69168427089633,,False,20129,False,False,960,OCI,456040,A,B+,A,A,2025,,,,
00148461,제일연마,001560,0,정상,0.0,계속사업자,01,,85452642134.0,False,12.470897205599565,463.7927443084519,,False,23992,False,False,314,제일연마,001560,C,C,C,C,2025,,,,
00119195,동화약품,000020,1,유동비율<100%;,25.0,계속사업자,01,,388527092932.0,False,47.68338741705838,99.83914764167828,,False,212,False,False,749,동화약품,000020,C,B,C,C,2025,,,,
00106623,현대위아,011210,0,정상,0.0,계속사업자,01,,3314419000000.0,False,68.22414426178464,157.84292961382914,,False,303,False,False,43,현대위아,011210,A+,A+,A+,A,2025,,,,
00172228,엔케이,085310,0,정상,0.0,계속사업자,01,,157407642633.0,False,14.073171125272829,342.5284762983885,,False,2512,False,False,445,엔케이,085310,D,D,C,D,2025,,,,
00631518,SK이노베이션,096770,1,유동비율<100%;,25.0,계속사업자,01,,26408838529000.0,False,50.38353730849911,66.21916201443373,,False,192,False,False,932,SK이노베이션,096770,A,B+,A+,A+,2025,,,,
00104810,소노스퀘어,007720,0,정상,0.0,계속사업자,01,,74623211404.0,False,69.12194569159901,114.03861790427749,,False,468,True,False,559,소노스퀘어,007720,D,D,D,D,2025,,,,
00375931,인선이엔티,060150,0,정상,0.0,계속사업자,01,,280226774479.0,False,35.10728982657313,112.52742494075363,,False,38230,False,False,350,인선이엔티,060150,D,C,C,D,2025,,,,
00121969,에쓰씨엔지니어링,023960,1,유동비율<100%;,25.0,계속사업자,01,,35125920169.0,False,168.99537438847955,97.74323829817467,,False,41225,False,False,465,에쓰씨엔지니어링,023960,D,C,C,D,2025,,,,
00128980,삼호개발,010960,0,정상,0.0,계속사업자,01,,228670254024.0,False,52.33857672342409,188.9303544571404,,False,421,False,False,603,삼호개발,010960,B+,B+,B+,B,2025,,,,
00159616,두산에너빌리티,034020,1,유동비율<100%;,25.0,계속사업자,01,,6200335000000.0,False,139.76728676756983,76.80006281243949,,False,29119,False,False,745,두산에너빌리티,034020,B,A,A+,D,2025,,,,
00164742,현대자동차,005380,1,유동비율<100%;,25.0,계속사업자,01,,69968561000000.0,False,40.89240451865231,98.83857452316748,,False,30121,False,False,41,현대자동차,005380,A,A+,B+,B+,2025,,,사회 등급조정(2026.04.),
01310269,IPARK현대산업개발,294870,0,정상,0.0,계속사업자,01,,3294972493487.0,False,120.1603896262274,162.2062651045826,,False,411,False,False,1023,IPARK현대산업개발,294870,A,A+,A+,B+,2025,,,,
00524421,테스,095610,0,정상,0.0,계속사업자,01,,395361995031.0,False,24.11980299915344,431.18004878008105,,False,29271,False,False,207,테스,095610,C,B,B+,C,2025,,,,
00356370,LG생활건강,051900,0,정상,0.0,계속사업자,01,,4438155069402.0,False,,270.9541462382897,,False,20422,False,False,988,LG생활건강,051900,A,B+,A+,A,2025,,,,
01571107,오픈엣지테크놀로지,394280,0,정상,0.0,계속사업자,01,,38314794096.0,False,72.70438632973935,112.7842757682853,,False,582,False,False,423,오픈엣지테크놀로지,394280,C,D,D,B,2025,,,,
00693554,티케이케미칼,104480,0,정상,0.0,계속사업자,01,,1227524315490.0,False,20.204815095251,109.5413903964345,,False,20501,False,False,192,티케이케미칼,104480,D,C,C,D,2025,,,,
00349097,케이티스카이라이프,053210,0,정상,0.0,계속사업자,01,,557446103950.0,False,53.87293638022026,163.36252882771248,,False,60229,False,False,249,케이티스카이라이프,053210,B+,B,A,B+,2025,,,,
00422895,세이브존I&C,067830,0,정상,0.0,계속사업자,01,,492105922836.0,False,19.54441848671934,235.23724017919352,,False,47111,False,False,564,세이브존I&C,067830,D,D,C,D,2025,,,,
00372873,KTis,058860,0,정상,0.0,계속사업자,01,,238486194973.0,False,88.61654663488025,168.8285912714065,,False,63991,False,False,995,KTis,058860,A,A,A+,B+,2025,,,,
00372882,KTcs,058850,0,정상,0.0,계속사업자,01,,175387931215.0,False,87.74791976555215,165.21018618160983,,False,63991,False,False,996,KTcs,058850,B+,A,A,B+,2025,,,,
00100939,강남제비스코,000860,1,유동비율<100%;,25.0,계속사업자,01,,250675747670.0,False,72.54170673478458,67.6876671252503,,False,20411,False,False,905,강남제비스코,000860,B+,B+,A,B+,2025,,,,
00135777,신대양제지,016590,0,정상,0.0,계속사업자,01,,401543379050.0,False,9.454301901282962,653.1781358257351,,False,172,False,False,545,신대양제지,016590,D,C,D,D,2025,,,,
00146296,일신석재,007110,0,정상,0.0,계속사업자,01,,58660278740.0,False,56.646416832215685,153.51536175523458,,False,466,True,False,335,일신석재,007110,D,C,C,D,2025,,,,
00114154,디와이덕양,024900,1,부채비율≥200%;유동비율<100%;,25.0,계속사업자,01,,110779324690.0,False,422.5125996839113,85.04024754939883,,False,303,False,False,733,디와이덕양,024900,C,B,B,D,2025,,,,
00154426,아이에이치큐,003560,0,정상,0.0,계속사업자,01,,98707204365.0,False,36.08419716993775,141.03509289549322,,False,591,False,False,493,아이에이치큐,003560,D,D,D,D,2025,,,,
00137207,유니켐,011330,0,정상,0.0,계속사업자,01,,132252006835.0,False,70.14969628986198,238.63542871123536,,False,303,False,False,384,유니켐,011330,D,C,D,D,2025,,,,
00426086,티케이지휴켐스,069260,0,정상,0.0,계속사업자,01,,908365118527.0,False,17.731886850652156,326.6443558013191,,False,2049,False,False,193,티케이지휴켐스,069260,B+,B,A,B,2025,,,,
00936787,애경케미칼,161000,0,정상,0.0,계속사업자,01,,678630311000.0,False,58.72081139623603,111.72318923045776,,False,201,False,False,479,애경케미칼,161000,A,A,A+,A,2025,,,,
00197759,미래산업,025560,0,정상,0.0,계속사업자,01,,119456142915.0,False,24.36595542910762,257.05940154628524,,False,27219,False,False,681,미래산업,025560,D,C,C,D,2025,,,,
00146232,일성건설,013360,1,부채비율≥200%;유동비율<100%;,25.0,계속사업자,01,,69152223724.0,False,437.1461985771036,74.57289892778088,,False,41221,False,False,338,일성건설,013360,D,C,C,D,2025,,,,
00153524,태림포장,011280,1,유동비율<100%;,25.0,계속사업자,01,,280836310000.0,False,125.41820607171488,43.57348564708639,,False,1721,False,False,211,태림포장,011280,B,A,A+,D,2025,,,,
00362441,현대오토에버,307950,1,재무제표미제출;,25.0,계속사업자,01,,,,,184.6185647865354,,True,582,False,False,44,현대오토에버,307950,A,A,A+,B+,2025,,,,
00111704,한화오션,042660,1,부채비율≥200%;,25.0,계속사업자,01,,5994317606539.0,False,229.05573792940243,106.5435293918499,,False,3111,False,False,62,한화오션,042660,C,A,D,D,2025,,,사회 등급조정(2025.11.),
00169048,HLB글로벌,003580,1,유동비율<100%;,25.0,계속사업자,01,,71186146402.0,False,43.52777715346232,88.3289299758675,,False,471,False,False,1034,HLB글로벌,003580,D,D,D,D,2025,,,,
00296290,키움증권,039490,1,부채비율≥200%;,25.0,계속사업자,01,,6082191664160.0,False,1031.2903566247255,,,False,66121,False,False,217,키움증권,039490,B+,B+,A,B+,2025,,,,
00117577,오리온홀딩스,001800,1,유동비율<100%;,25.0,계속사업자,01,,1825696919821.0,False,14.84298869795809,9.762845387030998,,False,649,False,False,426,오리온홀딩스,001800,B+,B+,A,B+,2025,,,,
00791209,메타케어,118000,1,유동비율<100%;,25.0,계속사업자,01,,120960022322.0,False,51.832309342751245,31.19155523677203,,False,4659,True,False,696,메타케어,118000,D,D,D,D,2025,,,,
00113544,대한화섬,003830,0,정상,0.0,계속사업자,01,,711010793390.0,False,17.75905230073486,154.8758934624268,,False,20501,False,False,788,대한화섬,003830,B+,B+,A,B,2025,,,,
00163673,한진중공업홀딩스,003480,0,정상,0.0,계속사업자,01,,350082000000.0,False,9.193560365857142,611.6763565891473,,False,352,False,False,75,한진중공업홀딩스,003480,D,D,C,D,2025,,,,
00123772,부국증권,001270,0,정상,0.0,계속사업자,01,,760374971870.0,False,126.90434926348098,,,False,66121,False,False,658,부국증권,001270,C,D,C,B,2025,,,,
00163716,한창,005110,2,완전자본잠식(자본총계<0),60.0,계속사업자,01,,-5755331037.0,True,-543.6077545473081,46.26041416508329,,False,465,True,False,73,한창,005110,D,D,D,D,2025,,,,
01244601,카카오페이,377300,0,정상,0.0,계속사업자,01,,2206167947386.0,False,56.64987027278805,212.20951715907492,,False,66199,False,False,272,카카오페이,377300,A,A,A+,A,2025,,,,
01412822,솔루스첨단소재,336370,1,유동비율<100%;,25.0,계속사업자,01,,705106450386.0,False,24.165102696581872,58.4805605615544,,False,26299,False,False,558,솔루스첨단소재,336370,B+,B+,B+,B,2025,,,,
00860730,에이자기관리부동산투자회사,140910,0,정상,0.0,계속사업자,01,,27394296874.0,False,187.3539468746578,157.29587569001328,,False,68121,False,False,463,에이리츠,140910,C,D,D,B,2025,,,,
00127200,삼영전자공업,005680,0,정상,0.0,계속사업자,01,,483388480589.0,False,2.2467933778162004,3405.3384584475743,,False,26291,False,False,614,삼영전자공업,005680,D,C,C,D,2025,,,,
00124799,사조산업,007160,1,유동비율<100%;,25.0,계속사업자,01,,289415929680.0,False,88.15409884352016,83.51616429298275,,False,102,False,False,642,사조산업,007160,B+,B+,B+,B+,2025,,,,
00361008,한화엔진,082740,1,부채비율≥200%;,25.0,계속사업자,01,,556102899924.0,False,204.92459979632235,168.81676707569252,,False,29111,False,False,63,한화엔진,082740,B+,B+,A,B+,2025,,,,
00109019,아이엠뱅크,005270,1,부채비율≥200%;,25.0,계속사업자,01,,5119599351955.0,False,1377.0371487571956,,,False,64121,False,False,491,아이엠뱅크,005270,등급없음,등급없음,등급없음,B+,2025,,,,
00549891,케어젠,214370,0,정상,0.0,계속사업자,01,,212474770623.0,False,8.847474679878573,992.4206658712116,,False,211,False,False,267,케어젠,214370,C,D,C,B,2025,,,,
01133217,카카오뱅크,323410,1,부채비율≥200%;,25.0,계속사업자,01,,6749866000000.0,False,1032.0191393429143,,,False,64121,False,False,273,카카오뱅크,323410,A,A,A,A,2025,,,,
00579980,아이티엠반도체,084850,1,부채비율≥200%;유동비율<100%;,25.0,계속사업자,01,,94576268620.0,False,388.61333384565074,80.74419923332927,,False,2629,False,False,488,아이티엠반도체,084850,B+,B+,A,B,2025,,,,
01327746,보로노이,310210,0,정상,0.0,계속사업자,01,,104368912614.0,False,64.5863005110565,1883.366405602419,,False,701,False,False,661,보로노이,310210,D,D,D,C,2025,,,,
01325979,세아제강,306200,0,정상,0.0,계속사업자,01,,1122059248987.0,False,58.56710079011289,225.64222410814256,,False,2413,False,False,571,세아제강,306200,B+,B+,A,B+,2025,,,,
00110893,대신증권,003540,1,부채비율≥200%;,25.0,계속사업자,01,,4131595939000.0,False,597.0000063938973,,,False,66121,False,False,809,대신증권,003540,B,B+,B+,B,2025,,,,
00115676,KG스틸,016380,0,정상,0.0,계속사업자,01,,2060321974481.0,False,44.37787781326369,,,False,24122,False,False,1007,KG스틸,016380,B,B+,B+,C,2025,,,사회 등급조정(2026.01.),
00225742,LS마린솔루션,060370,0,정상,0.0,계속사업자,01,,654467732838.0,False,10.500081338923724,1707.144448782945,,False,423,False,False,978,LS마린솔루션,060370,C,C,D,C,2025,,,,
00120030,GS건설,006360,1,유동비율<100%;,25.0,계속사업자,01,,4556045000000.0,False,188.9192270927965,95.95059647185724,,False,4111,False,False,1053,GS건설,006360,A,A,A+,B+,2025,,,,
00128555,삼천리,004690,0,정상,0.0,계속사업자,01,,1504834780395.0,False,122.21250639616798,135.16816769473684,,False,35200,False,False,605,삼천리,004690,C,B+,B+,D,2025,,,,
00134510,SJG세종,033530,0,정상,0.0,계속사업자,01,,409979237702.0,False,77.06885095329271,129.06455116981817,,False,303,False,False,943,SJG세종,033530,C,C,B,D,2025,,,,
00166315,화신,010690,0,정상,0.0,계속사업자,01,,587060947961.0,False,92.36572687305078,112.94826981854511,,False,30391,False,False,21,화신,010690,B,B+,A+,C,2025,,,,
00330424,LS증권,078020,1,부채비율≥200%;,25.0,계속사업자,01,,879389212454.0,False,1074.905747397539,,,False,66121,False,False,975,LS증권,078020,C,D,C,B,2025,,,,
00191588,삼원강재,023000,0,정상,0.0,계속사업자,01,,258737861408.0,False,18.90024933068724,419.6542212019349,,False,303,False,False,613,삼원강재,023000,B+,B+,B+,A,2025,,,,
00222532,LG헬로비전,037560,0,정상,0.0,계속사업자,01,,452531085249.0,False,176.9628482353566,110.08879653621368,,False,60222,False,False,983,LG헬로비전,037560,A,A,A+,A,2025,,,,
00300548,현대리바트,079430,0,정상,0.0,계속사업자,01,,400017576862.0,False,,122.59709760585422,,False,32029,False,False,53,현대리바트,079430,A,B+,A,A,2025,,,,
00406046,HD현대마린엔진,071970,0,정상,0.0,계속사업자,01,,463468651602.0,False,69.01768809763867,159.920983705686,,False,29119,False,False,1044,HD현대마린엔진,071970,B,B,B+,B,2025,,,,
00671376,트리니티항공,091810,1,부채비율≥200%;유동비율<100%;,25.0,계속사업자,01,,41336858984.0,False,4414.708063946884,73.76770432107784,,False,511,False,False,201,트리니티항공,091810,B+,B+,B+,B,2025,,,,
00635134,CJ제일제당,097950,1,유동비율<100%;,25.0,계속사업자,01,,4553927380000.0,False,133.0466396677586,46.642832015261085,,False,108,False,False,1076,CJ제일제당,097950,A,A,A,A,2025,,,사회 등급조정(2026.04.),
00759513,LX하우시스,108670,0,정상,0.0,계속사업자,01,,701013000000.0,False,145.84879310369422,120.30152480891508,,False,2222,False,False,972,LX하우시스,108670,A,A,A,A,2025,,,,
01208885,경동도시가스,267290,0,정상,0.0,계속사업자,01,,472206634780.0,False,95.88889128187613,135.72161638751192,,False,35200,False,False,898,경동도시가스,267290,C,C,B+,D,2025,,,,
01267170,SK케미칼,285130,0,정상,0.0,계속사업자,01,,1229768416971.0,False,88.91780935107444,121.89751245061204,,False,20202,False,False,930,SK케미칼,285130,A+,A+,A+,A,2025,,,,
00127042,SYTS,002170,0,정상,0.0,계속사업자,01,,436493465911.0,False,4.272882249926478,3133.185249066135,,False,15110,False,False,915,SYTS,002170,D,D,D,C,2025,,,,
00137915,엠엑스로보틱스,007820,0,정상,0.0,계속사업자,01,,52441471353.0,False,121.6813115872836,140.12985001537754,,False,29169,False,False,437,엠엑스로보틱스,007820,C,D,C,C,2025,,,,
00454946,그린케미칼,083420,0,정상,0.0,계속사업자,01,,128267645103.0,False,60.09891685475173,129.9068200052439,,False,20421,False,False,872,그린케미칼,083420,D,C,C,D,2025,,,,
00123143,보령,003850,0,정상,0.0,계속사업자,01,,841135539754.0,False,63.32683885153444,263.33952520666446,,False,212,False,False,662,보령,003850,A,A,A+,B+,2025,,,,
00156150,엑시큐어하이트론,019490,0,정상,0.0,계속사업자,01,,17025780860.0,False,70.83407173020551,133.9138376752677,,False,265,False,False,448,엑시큐어하이트론,019490,D,C,D,D,2025,,,,
00144252,유니온,000910,1,유동비율<100%;,25.0,계속사업자,01,,128963323129.0,False,60.07667505473714,63.34101804969888,,False,23311,False,False,386,유니온,000910,C,C,C,C,2025,,,,
00160843,DB하이텍,000990,0,정상,0.0,계속사업자,01,,2095066218221.0,False,20.006819669018448,271.3548780372324,,False,2611,False,False,1069,DB하이텍,000990,B+,B+,A,B+,2025,,,,
00687711,한국철강,104700,0,정상,0.0,계속사업자,01,,770845640468.0,False,12.445775181364944,927.327381248568,,False,2411,False,False,123,한국철강,104700,C,C,B,C,2025,,,,
00911955,잇츠한불,226320,0,정상,0.0,계속사업자,01,,412242751314.0,False,1.4179946469325535,4164.464984946359,,False,20423,False,False,327,잇츠한불,226320,C,C,C,C,2025,,,,
00160302,코스모화학,005420,1,유동비율<100%;,25.0,계속사업자,01,,174749912047.0,False,199.71040840932503,40.20986155850689,,False,2049,False,False,238,코스모화학,005420,C,C,C,C,2025,,,,
00117726,DYP,092780,1,부채비율≥200%;,25.0,계속사업자,01,,104157552941.0,False,224.44484066308897,105.55043848824614,,False,301,False,False,1059,DYP,092780,D,C,C,D,2025,,,,
01762569,이수스페셜티케미컬,457190,1,유동비율<100%;,25.0,계속사업자,01,,133007006000.0,False,175.47848795273237,68.30629204229425,,False,20111,False,False,363,이수스페셜티케미컬,457190,D,D,C,C,2025,,,,
00122472,PKC,001340,1,유동비율<100%;,25.0,계속사업자,01,,221384273146.0,False,172.9245268942524,32.84443608109097,,False,20131,False,False,957,PKC,001340,D,C,D,D,2025,,,,
00154329,TP,007980,0,정상,0.0,계속사업자,01,,293963211349.0,False,137.3313673477711,138.38206432131926,,False,141,False,False,913,TP,007980,C,D,C,C,2025,,,,
00164478,현대건설,000720,0,정상,0.0,계속사업자,01,,7032544000000.0,False,144.45325901978003,162.5146157780207,,False,41221,False,False,57,현대건설,000720,A,A,A+,A,2025,,,,
00401731,LG전자,066570,1,유동비율<100%;,25.0,계속사업자,01,,12622192000000.0,False,178.01148168242094,73.69353688502017,,False,264,False,False,984,LG전자,066570,A,A,A+,B+,2025,,,,
01060744,한솔제지,213500,1,유동비율<100%;,25.0,계속사업자,01,,696637831555.0,False,175.5499035791954,84.66511610812265,,False,171,False,False,95,한솔제지,213500,A,A,A,A,2025,,,사회 등급조정(2026.07.),
00265041,삼양케이씨아이,036670,0,정상,0.0,계속사업자,01,,125529500726.0,False,14.89542802915585,557.8033424519057,,False,20421,False,False,619,삼양케이씨아이,036670,A,A,A+,B+,2025,,,,
01060814,삼양패키징,272550,1,유동비율<100%;,25.0,계속사업자,01,,373829284611.0,False,,69.67582882478801,,False,22232,False,False,618,삼양패키징,272550,B,B+,A,C,2025,,,,
01316227,효성티앤씨,298020,1,유동비율<100%;,25.0,계속사업자,01,,1206800852255.0,False,90.33628692032464,62.74711197688148,,False,2050,False,False,11,효성티앤씨,298020,A,A,A+,B+,2025,,,,
01712485,코오롱모빌리티그룹,450140,1,유동비율<100%;,25.0,계속사업자,01,,203382476660.0,False,71.49840365308097,99.47738557704288,,False,45110,False,False,233,코오롱모빌리티그룹,450140,C,D,D,B+,2025,,,,
00306454,한국정보인증,053300,0,정상,0.0,계속사업자,01,,201878806714.0,False,19.78830648607635,333.63615812824906,,False,58221,False,False,128,한국정보인증,053300,D,D,C,D,2025,,,,
00648721,SNT에너지,100840,0,정상,0.0,계속사업자,01,,343598114926.0,False,53.1266910990806,230.84254376712164,,False,29176,False,False,923,SNT에너지,100840,C,C,D,C,2025,,,,
00109514,티웨이홀딩스,004870,0,정상,0.0,계속사업자,01,,94178185920.0,False,26.539149438736608,105.98479195466142,,False,23325,False,False,195,티웨이홀딩스,004870,D,D,D,D,2025,,,,
01238169,오리온,271560,0,정상,0.0,계속사업자,01,,1760719742909.0,False,10.484007319644194,496.6622606852668,,False,108,False,False,427,오리온,271560,B+,B+,A,B+,2025,,,,
00134176,세우글로벌,013000,0,정상,0.0,계속사업자,01,,54757757212.0,False,8.415768164423849,1189.3182177935062,,False,467,True,False,567,세우글로벌,013000,D,D,D,D,2025,,,,
00113225,대한제강,084010,0,정상,0.0,계속사업자,01,,795907336500.0,False,17.72129703631649,202.2629892111523,,False,2411,False,False,793,대한제강,084010,D,C,C,D,2025,,,,
00339391,한화시스템,272210,1,유동비율<100%;,25.0,계속사업자,01,,4816264629554.0,False,93.99728788329116,89.8259038441843,,False,26299,False,False,65,한화시스템,272210,A,A,A+,B+,2025,,,,
00129989,코스모신소재,005070,1,유동비율<100%;,25.0,계속사업자,01,,496843668444.0,False,45.13626634195024,88.59039600457866,,False,204,False,False,239,코스모신소재,005070,C,C,D,C,2025,,,,
00163345,DB,012030,1,유동비율<100%;,25.0,계속사업자,01,,360787774978.0,False,146.8197125377378,67.55352521643563,,False,62021,False,False,1073,DB,012030,C,D,B,D,2025,,,,지배구조 등급조정(2026.04.)
00411048,에스앤에스텍,101490,0,정상,0.0,계속사업자,01,,303046860554.0,False,29.051503917596992,343.2768662416255,,False,2629,False,False,476,에스앤에스텍,101490,C,D,D,B+,2025,,,,
00148276,제일기획,030000,0,정상,0.0,계속사업자,01,,545867877856.0,False,133.5706350715771,125.28678582168403,,False,71310,True,False,316,제일기획,030000,B+,A,A,B+,2025,,,,
00365989,모나용평,070960,1,유동비율<100%;,25.0,계속사업자,01,,357114981140.0,False,169.67558450157938,72.25863872552083,,False,55103,False,False,690,모나용평,070960,D,C,D,D,2025,,,,
00105101,INVENI,015360,0,정상,0.0,계속사업자,01,,553754694000.0,False,,549.4709053312191,,False,715,True,False,1024,INVENI,015360,B+,B+,B+,B,2025,,,,
00309503,한국항공우주,047810,1,부채비율≥200%;,25.0,계속사업자,01,,1877713847198.0,False,443.0685713639371,119.98090044265706,,False,31311,False,False,114,한국항공우주,047810,A,A,A,B+,2025,,,,
00245472,티씨케이,064760,0,정상,0.0,계속사업자,01,,519302794390.0,False,9.303582436861689,926.4777085699712,,False,23999,False,False,199,티씨케이,064760,B+,B+,A,B+,2025,,,,
00162461,한화솔루션,009830,1,유동비율<100%;,25.0,계속사업자,01,,10330593000000.0,False,89.81867739828682,52.721352006885226,,False,20111,False,False,66,한화솔루션,009830,A,A,A+,B+,2025,,,,
00520887,비상교육,100220,1,유동비율<100%;,25.0,계속사업자,01,,196291342244.0,False,101.35631544701069,78.79125242485247,,False,5811,False,False,650,비상교육,100220,C,D,B,D,2025,,,,
00158501,에스원,012750,0,정상,0.0,계속사업자,01,,1720223239935.0,False,36.04261518536557,261.8132515078012,,False,75320,True,False,471,에스원,012750,B+,B+,A,B+,2025,,,,
00159786,유니드,014830,0,정상,0.0,계속사업자,01,,748875827990.0,False,19.430690676925288,223.4566181830543,,False,20129,False,False,389,유니드,014830,C,B,B+,C,2025,,,,
00508274,일진다이아,081000,0,정상,0.0,계속사업자,01,,225295931768.0,False,16.96162731040833,614.7652732616835,,False,204,False,False,332,일진다이아,081000,D,D,C,C,2025,,,,
00683469,일진전기,103590,0,정상,0.0,계속사업자,01,,576616814000.0,False,156.40763815812002,115.3995735157686,,False,2830,False,False,330,일진전기,103590,D,C,C,D,2025,,,,
00972503,일진하이솔루스,271940,0,정상,0.0,계속사업자,01,,315131298755.0,False,10.421138598972291,1109.2810953696012,,False,319,False,False,329,일진하이솔루스,271940,C,C,C,B,2025,,,,
01234297,미원에스씨,268280,0,정상,0.0,계속사업자,01,,453561216735.0,False,14.54828586866433,889.9449701352634,,False,201,False,False,673,미원에스씨,268280,C,C,C,B,2025,,,,
00200275,YTN,040300,0,정상,0.0,계속사업자,01,,230446791526.0,False,51.87636376204966,569.4129535714137,,False,591,False,False,909,YTN,040300,D,D,D,C,2025,,,,
00413046,셀트리온,068270,0,정상,0.0,계속사업자,01,,17409723386976.0,False,25.292112705920676,153.29983995770965,,False,21100,False,False,561,셀트리온,068270,A,A,A+,B+,2025,,,,
00228536,현대에버다임,041440,0,정상,0.0,계속사업자,01,,182674659610.0,False,55.12320325708037,205.60348995112844,,False,29241,False,False,46,현대에버다임,041440,A,B+,A,A,2025,,,,
00144720,와이투솔루션,011690,0,정상,0.0,계속사업자,01,,98929084567.0,False,41.518580650751446,240.18499354671096,,False,2611,False,False,418,와이투솔루션,011690,D,C,C,D,2025,,,,
00203290,콜마홀딩스,024720,1,유동비율<100%;,25.0,계속사업자,01,,387925427848.0,False,40.76677887275941,35.85392737606499,,False,64992,False,False,227,콜마홀딩스,024720,A,A,A+,A,2025,,,,
00161709,퍼시스,016800,0,정상,0.0,계속사업자,01,,609327415800.0,False,10.122278216387452,359.5660320652873,,False,32029,False,False,182,퍼시스,016800,C,B,B,C,2025,,,,
00165583,E1,017940,0,정상,0.0,계속사업자,01,,1932115306361.0,False,111.56271767448328,117.9078791907782,,False,46713,True,False,1058,E1,017940,B+,A,A+,B,2025,,,,
00210856,코아스,071950,1,유동비율<100%;,25.0,계속사업자,01,,34954051411.0,False,131.24280381290305,47.66290753426162,,False,320,False,False,237,코아스,071950,C,C,C,C,2025,,,,
00225159,SNT홀딩스,036530,0,정상,0.0,계속사업자,01,,560666281921.0,False,7.898300977414522,504.127656789392,,False,64992,False,False,922,SNT홀딩스,036530,C,C,C,C,2025,,,,
00404701,한국자산신탁,123890,0,정상,0.0,계속사업자,01,,867155359520.0,False,48.52950239654191,,,False,642,False,False,131,한국자산신탁,123890,D,C,C,D,2025,,,,
00633835,HJ중공업,097230,1,부채비율≥200%;유동비율<100%;,25.0,계속사업자,01,,670036000000.0,False,265.85735691813574,84.40663848097735,,False,41221,False,False,1038,HJ중공업,097230,B+,A,B+,B+,2025,통합 등급조정(2026.01.),,사회 등급조정(2026.01.),
00706715,미원홀딩스,107590,1,유동비율<100%;,25.0,계속사업자,01,,220895775825.0,False,37.80909734333984,8.409857767580217,,False,649,False,False,672,미원홀딩스,107590,C,C,C,C,2025,,,,
00104519,국보,001140,2,완전자본잠식(자본총계<0),60.0,계속사업자,01,,-17646880135.0,True,-436.4261845596766,20.826455885828032,,False,49301,False,False,875,국보,001140,D,C,D,D,2025,,,,
00157104,대동전자,008110,0,정상,0.0,계속사업자,01,,225808351416.0,False,9.381490845293404,3600.7766618996648,,False,264,False,False,818,대동전자,008110,D,D,D,D,2025,,,,
00552859,HLB테라퓨틱스,115450,0,정상,0.0,계속사업자,01,,178618108240.0,False,29.457375918628752,192.71380184496843,,False,467,True,False,1032,HLB테라퓨틱스,115450,D,C,C,D,2025,,,,
00862853,플레이디,237820,0,정상,0.0,계속사업자,01,,92266657388.0,False,56.76659140662876,222.68495363323103,,False,71310,True,False,164,플레이디,237820,B+,B,B+,A,2025,,,,
00970453,파마리서치,214450,0,정상,0.0,계속사업자,01,,699514579101.0,False,41.47239565854894,799.8793491526549,,False,213,False,False,190,파마리서치,214450,B+,B,A,B+,2025,,,,
01067516,골프존,215000,0,정상,0.0,계속사업자,01,,500035809771.0,False,18.46592320163769,452.3707543019132,,False,58219,False,False,886,골프존,215000,B,B+,B+,B,2025,,,,
01311408,에코프로머티,450080,1,유동비율<100%;,25.0,계속사업자,01,,799097396195.0,False,51.05486921683757,74.97249896033617,,False,28202,False,False,452,에코프로머티,450080,B+,B,B+,B+,2025,,,,
00888347,휴젤,145020,0,정상,0.0,계속사업자,01,,680969005289.0,False,11.135317502419795,379.9481543949133,,False,211,False,False,4,휴젤,145020,C,C,B+,C,2025,,,,
00141626,오리엔트바이오,002630,0,정상,0.0,계속사업자,01,,71846796584.0,False,18.003644866583493,,,False,212,False,False,428,오리엔트바이오,002630,D,D,D,D,2025,,,,
00193328,수산인더스트리,126720,0,정상,0.0,계속사업자,01,,546576108608.0,False,6.654766596665623,869.4657065742961,,False,42311,False,False,552,수산인더스트리,126720,D,D,D,D,2025,,,,
00113207,대한전선,001440,0,정상,0.0,계속사업자,01,,1564595034927.0,False,106.46167723156024,142.5264985436812,,False,28302,False,False,794,대한전선,001440,A,A,A,B+,2025,,,,
01316236,효성화학,298000,1,부채비율≥200%;유동비율<100%;,25.0,계속사업자,01,,492177068921.0,False,226.09656022995583,46.99713281316135,,False,201,False,False,10,효성화학,298000,A,A,A+,B+,2025,,,,
00146454,일양약품,007570,1,유동비율<100%;,25.0,계속사업자,01,,200175319760.0,False,107.3592270713803,78.98831448479322,,False,212,False,False,334,일양약품,007570,D,D,C,D,2025,통합 등급조정(2025.11.),,,지배구조 등급조정(2025.11.)
00302926,현대로템,064350,0,정상,0.0,계속사업자,01,,3024514539000.0,False,199.25501710408545,125.4152259645237,,False,31910,False,False,54,현대로템,064350,A+,A+,A+,A,2025,,,,
00360142,아이마켓코리아,122900,0,정상,0.0,계속사업자,01,,395696620974.0,False,110.69129514345278,128.99854565432895,,False,46800,True,False,499,아이마켓코리아,122900,C,C,B+,C,2025,,,,
00130772,SBS,034120,0,정상,0.0,계속사업자,01,,1097486436571.0,False,47.288671164677766,261.05347402288686,,False,60210,False,False,953,SBS,034120,B+,B,A,B+,2025,,,,
01026157,쏘카,403550,1,부채비율≥200%;유동비율<100%;,25.0,계속사업자,01,,167954168427.0,False,245.4099937800289,61.40204918004716,,False,76110,False,False,516,쏘카,403550,C,D,D,B,2025,,,,
00124106,부산은행,005280,1,부채비율≥200%;,25.0,계속사업자,01,,5883818558612.0,False,1316.971603135814,,,False,64121,False,False,655,부산은행,005280,등급없음,등급없음,등급없음,A,2025,,,,
00117230,TYM,002900,0,정상,0.0,계속사업자,01,,422612791115.0,False,89.0933515406879,120.4982370697163,,False,29210,False,False,912,TYM,002900,C,B+,A,D,2025,,,,
00153393,태광산업,003240,0,정상,0.0,계속사업자,01,,3332091215027.0,False,15.150682132329004,696.6313230671468,,False,20501,False,False,212,태광산업,003240,B,A,A+,C,2025,통합 등급조정(2026.07.),,,지배구조 등급조정(2026.07.)
00173795,신흥,004080,0,정상,0.0,계속사업자,01,,113507727845.0,False,25.91791891488901,184.70020168165917,,False,4659,True,False,521,신흥,004080,C,D,C,C,2025,,,,
00267942,큐캐피탈,016600,0,정상,0.0,계속사업자,01,,141177026258.0,False,31.173285984628208,,,False,649,False,False,223,큐캐피탈,016600,D,D,D,D,2025,,,,
00145686,이화산업,000760,0,정상,0.0,계속사업자,01,,66698765940.0,False,36.972741269581576,125.92975054937428,,False,467,True,False,353,이화산업,000760,D,D,D,D,2025,,,,
00400857,에이블씨엔씨,078520,0,정상,0.0,계속사업자,01,,96475358659.0,False,61.66482424209176,303.9135952795434,,False,20423,False,False,462,에이블씨엔씨,078520,B,B+,A,C,2025,,,,
00151863,청호ICT,012600,0,정상,0.0,계속사업자,01,,49984693254.0,False,25.350272261570773,406.4448222858309,,False,29180,False,False,278,청호ICT,012600,D,D,D,등급없음,2025,,,,
00127802,삼익THK,004380,1,유동비율<100%;,25.0,계속사업자,01,,153697520755.0,False,152.68828190864986,76.51249888967706,,False,29141,False,False,612,삼익THK,004380,C,C,C,C,2025,,,,
00149947,JW중외제약,001060,0,정상,0.0,계속사업자,01,,377750154621.0,False,57.75916197225842,142.43408977433418,,False,212,False,False,1018,JW중외제약,001060,B+,B+,A,B+,2025,,,,
01562589,LX홀딩스,383800,1,유동비율<100%;,25.0,계속사업자,01,,1080468000000.0,False,30.35814110181884,48.84812386469061,,False,64992,False,False,971,LX홀딩스,383800,A,A,A+,B+,2025,,,,
00399694,SOOP,067160,0,정상,0.0,계속사업자,01,,451572044500.0,False,69.66652479546926,192.98423879551328,,False,582,False,False,921,SOOP,067160,C,B+,B+,C,2025,통합 등급조정(2025.11.),,,지배구조 등급조정(2025.11.)
00145163,파미셀,005690,0,정상,0.0,계속사업자,01,,123877690491.0,False,26.87747947110701,484.79368712212914,,False,262,False,False,189,파미셀,005690,D,D,D,D,2025,,,,
00152385,에이프로젠,007460,1,유동비율<100%;,25.0,계속사업자,01,,243814466142.0,False,176.92711211227453,8.176875050030354,,False,212,False,False,457,에이프로젠,007460,D,D,C,D,2025,,,,
00261443,NC,036570,0,정상,0.0,계속사업자,01,,3399755488157.0,False,24.321967823052297,375.66984309629606,,False,582,False,False,968,NC,036570,A,B+,A,A,2025,,,,
00107224,남선알미늄,008350,0,정상,0.0,계속사업자,01,,191427887651.0,False,73.34126817037287,158.29560216940592,,False,24222,False,False,853,남선알미늄,008350,D,C,D,D,2025,,,,
00117629,KBI동양철관,008970,0,정상,0.0,계속사업자,01,,131267335103.0,False,61.92962174726293,181.11374667335204,,False,2413,False,False,1015,KBI동양철관,008970,D,C,D,D,2025,,,,
00174527,HS화성,002460,0,정상,0.0,계속사업자,01,,435668339106.0,False,67.81961713864895,128.70093063879102,,False,41112,False,False,1026,HS화성,002460,C,C,B,B,2025,,,,
00108135,녹십자홀딩스,005250,1,유동비율<100%;,25.0,계속사업자,01,,661944249632.0,False,,3.221655542354217,,False,715,True,False,835,녹십자홀딩스,005250,B+,A,A,B,2025,,,,
00411808,제이오,418550,0,정상,0.0,계속사업자,01,,170233506528.0,False,21.93976384129576,541.3915468387876,,False,721,True,False,318,제이오,418550,D,D,D,C,2025,,,,
00125530,삼립,005610,0,정상,0.0,계속사업자,01,,449413709395.0,False,97.303342686783,114.40336858412428,,False,108,False,False,638,삼립,005610,B,B+,A,C,2025,,,,
00129679,녹십자,006280,0,정상,0.0,계속사업자,01,,1254995467476.0,False,,132.76457467451868,,False,212,False,False,836,녹십자,006280,A,A,A,B+,2025,,,,
00162063,한신공영,004960,0,정상,0.0,계속사업자,01,,829044540624.0,False,132.80882282057763,125.48032070583112,,False,41112,False,False,89,한신공영,004960,D,C,C,D,2025,,,,
00619640,에코앤드림,101360,1,유동비율<100%;,25.0,계속사업자,01,,213655906178.0,False,,77.88591663046685,,False,282,False,False,454,에코앤드림,101360,D,C,C,D,2025,,,,
00842619,리가켐바이오,141080,0,정상,0.0,계속사업자,01,,577459092308.0,False,14.421725042227076,895.3942825039885,,False,70113,False,False,711,리가켐바이오,141080,B+,B+,A,B,2025,,,,
00115694,DB증권,016610,1,부채비율≥200%;,25.0,계속사업자,01,,989170540880.0,False,988.472839094302,,,False,66121,False,False,1070,DB증권,016610,C,C,B+,C,2025,,,,
00138242,KG모빌리티,003620,0,정상,0.0,계속사업자,01,,1510629715309.0,False,118.5483524077696,130.3052110748859,,False,301,False,False,1008,KG모빌리티,003620,C,B,B,D,2025,,,,
00244455,케이티앤지,033780,0,정상,0.0,계속사업자,01,,7548341000000.0,False,50.55350573059696,153.71595952032243,,False,12000,False,False,247,케이티앤지,033780,A,A,A+,A,2025,,,,
01028164,광주은행,192530,1,부채비율≥200%;,25.0,계속사업자,01,,2397073716793.0,False,1328.785861080241,,,False,64121,False,False,881,광주은행,192530,등급없음,등급없음,등급없음,B+,2025,,,,
00255619,강원랜드,035250,0,정상,0.0,계속사업자,01,,3946972527716.0,False,22.118592160082468,406.2834451141495,,False,91249,False,False,904,강원랜드,035250,A,A+,A,A,2025,,,,
00525679,차바이오텍,085660,1,유동비율<100%;,25.0,계속사업자,01,,475108871231.0,False,95.59182571549646,51.48118106203836,,False,211,False,False,282,차바이오텍,085660,D,D,C,D,2025,,,,
00356802,큐렉소,060280,0,정상,0.0,계속사업자,01,,96531884239.0,False,4.5744785443812495,2260.3122428022425,,False,47812,False,False,224,큐렉소,060280,D,D,D,C,2025,,,,
00107598,남양유업,003920,0,정상,0.0,계속사업자,01,,824459866791.0,False,19.72811544109178,364.9900115193988,,False,104,False,False,851,남양유업,003920,B,A,A+,C,2025,,,,
01236532,와이즈버즈,273060,1,부채비율≥200%;유동비율<100%;,25.0,계속사업자,01,,49744921338.0,False,218.08280421810323,64.77092112709191,,False,713,True,False,420,와이즈버즈,273060,D,D,D,C,2025,,,,
00298270,안랩,053800,0,정상,0.0,계속사업자,01,,389511387993.0,False,26.18515149391036,366.9763083077353,,False,58221,False,False,483,안랩,053800,A,B+,A+,B+,2025,,,,
00105873,LG디스플레이,034220,1,부채비율≥200%;유동비율<100%;,25.0,계속사업자,01,,3771705000000.0,False,557.8224436958882,35.57954654793084,,False,2621,False,False,989,LG디스플레이,034220,A,A,A+,B+,2025,,,,
00117267,동양생명,082640,0,정상,0.0,계속사업자,01,,2010539027552.0,False,,,,False,65110,False,False,760,동양생명,082640,B+,A,B+,B+,2025,,,,
01702017,유니드비티플러스,446070,0,정상,0.0,계속사업자,01,,191921316269.0,False,14.824681607602985,581.3893278392765,,False,16102,False,False,388,유니드비티플러스,446070,C,C,C,C,2025,,,,
00141404,블루산업개발,006740,1,유동비율<100%;,25.0,계속사업자,01,,80667237235.0,False,91.93212036747896,46.92221402566975,,False,172,False,False,652,블루산업개발,006740,D,C,D,D,2025,,,,
00164876,케이비증권,003450,1,부채비율≥200%;,25.0,계속사업자,01,,6692754353611.0,False,1003.978110665295,,,False,66121,False,False,261,케이비증권,003450,등급없음,등급없음,등급없음,B+,2025,,,,지배구조 등급조정(2025.11.)
00126362,삼성SDI,006400,1,유동비율<100%;,25.0,계속사업자,01,,14608015668922.0,False,,96.30464144693124,,False,28202,False,False,636,삼성SDI,006400,A,A,A+,B+,2025,,,,
00787376,대성에너지,117580,0,정상,0.0,계속사업자,01,,345719204223.0,False,128.87278426182357,100.3194914393706,,False,35200,False,False,812,대성에너지,117580,B,B+,B+,C,2025,,,,
00815369,에스제이엠,123700,0,정상,0.0,계속사업자,01,,182942853364.0,False,10.820424259817166,647.8903369627137,,False,303,False,False,470,에스제이엠,123700,C,C,C,C,2025,,,,
01020843,원익피앤이,217820,1,부채비율≥200%;유동비율<100%;,25.0,계속사업자,01,,105686029640.0,False,202.46485749712943,87.4886186386789,,False,292,False,False,397,원익피앤이,217820,D,C,C,D,2025,,,,
00126308,삼성E&A,028050,0,정상,0.0,계속사업자,01,,3349232754613.0,False,126.98165064077249,134.4591131561562,,False,72129,True,False,637,삼성E&A,028050,A,A,A,A,2025,,,,
00121543,무학,033920,0,정상,0.0,계속사업자,01,,608492609522.0,False,17.322260214926917,413.3395958955317,,False,11122,False,False,684,무학,033920,C,C,C,C,2025,,,,
00132211,SUN&L,002820,1,유동비율<100%;,25.0,계속사업자,01,,219840496590.0,False,94.35484564513828,88.312768157132,,False,22232,False,False,916,SUN&L,002820,C,C,C,B,2025,,,,
00925374,윤성에프앤씨,372170,0,정상,0.0,계속사업자,01,,196672364845.0,False,,188.9105932137533,,False,292,False,False,371,윤성에프앤씨,372170,C,C,D,C,2025,,,,
00160861,한농화성,011500,0,정상,0.0,계속사업자,01,,174382885222.0,False,36.677590764469656,312.63276674515595,,False,20421,False,False,110,한농화성,011500,D,C,C,D,2025,,,,
00141529,오뚜기,007310,0,정상,0.0,계속사업자,01,,1704620363207.0,False,52.20141734631755,131.54572128769132,,False,108,False,False,429,오뚜기,007310,A,A,A+,B+,2025,,,,
00151368,인터지스,129260,0,정상,0.0,계속사업자,01,,266654442168.0,False,67.27835549387636,131.86802916469333,,False,49301,False,False,344,인터지스,129260,C,C,C,B,2025,,,,
00503668,LIG디펜스앤에어로스페이스,079550,1,부채비율≥200%;유동비율<100%;,25.0,계속사업자,01,,1430099949880.0,False,447.71840036007706,90.21359071089502,,False,25200,False,False,981,LIG디펜스앤에어로스페이스,079550,A,A,A+,A,2025,,,,
00151298,DSR제강,069730,0,정상,0.0,계속사업자,01,,188341592236.0,False,35.64763064595503,208.4099348259936,,False,24123,False,False,1061,DSR제강,069730,D,D,D,D,2025,,,,
00178754,동아지질,028100,0,정상,0.0,계속사업자,01,,228421718632.0,False,99.18259553636926,150.3482683289129,,False,421,False,False,763,동아지질,028100,C,C,B,C,2025,,,,
00173102,모나리자,012690,0,정상,0.0,계속사업자,01,,87426443949.0,False,15.021436546888417,355.0683440823365,,False,17902,False,False,692,모나리자,012690,A,A,A,B+,2025,,,,
01386916,SK아이이테크놀로지,361610,0,정상,0.0,계속사업자,01,,1975892062000.0,False,31.17759354609928,226.36873981858167,,False,282,False,False,934,SK아이이테크놀로지,361610,A,A,A+,B+,2025,,,,
00486097,KT나스미디어,089600,0,정상,0.0,계속사업자,01,,185776270915.0,False,,,,False,71310,True,False,994,KT나스미디어,089600,B,B,B+,B,2025,,,,
00149804,디와이에이,002880,1,부채비율≥200%;유동비율<100%;,25.0,계속사업자,01,,46937608040.0,False,736.9729990633754,43.85289548156398,,False,303,False,False,732,디와이에이,002880,C,C,B,C,2025,,,,
00405278,KG파이낸셜,046440,0,정상,0.0,계속사업자,01,,355195951296.0,False,45.89432422954416,252.075492507042,,False,582,False,False,1003,KG파이낸셜,046440,B,C,B+,B,2025,,,,
00124726,빙그레,005180,0,정상,0.0,계속사업자,01,,732210513262.0,False,38.721818141601695,255.88431372656245,,False,104,False,False,646,빙그레,005180,A,A,A+,B+,2025,,,,
00101433,경농,002100,0,정상,0.0,계속사업자,01,,260247153192.0,False,49.75680913653143,160.9604210655041,,False,2032,False,False,900,경농,002100,D,C,D,D,2025,,,,
00226352,케이엠더블유,032500,1,유동비율<100%;,25.0,계속사업자,01,,125585155267.0,False,79.2022571891797,61.93266708974625,,False,2642,False,False,253,케이엠더블유,032500,D,D,C,C,2025,,,,
00131780,SK네트웍스,001740,1,유동비율<100%;,25.0,계속사업자,01,,1797868000000.0,False,86.2452638347198,88.58267275683082,,False,467,True,False,939,SK네트웍스,001740,A,A,A+,A,2025,,,,
00364467,드림어스컴퍼니,060570,0,정상,0.0,계속사업자,01,,136620633275.0,False,50.19284812051023,210.83114612728068,,False,603,False,False,741,드림어스컴퍼니,060570,C,C,B+,C,2025,,,,
00141273,웰바이오텍,010600,1,유동비율<100%;재무제표미제출;,25.0,계속사업자,01,,,,,10.984890544944466,,True,461,True,False,394,웰바이오텍,010600,D,D,D,D,2025,,,,
01489648,솔브레인,357780,0,정상,0.0,계속사업자,01,,1013402363906.0,False,10.866393541609542,300.71408864606144,,False,204,False,False,556,솔브레인,357780,A,B+,A+,B+,2025,,,,
00195229,미스토홀딩스,081660,1,유동비율<100%;,25.0,계속사업자,01,,562851566417.0,False,39.23850035127752,83.02447129993692,,False,464,True,False,675,미스토홀딩스,081660,B+,B+,A,B+,2025,,,,
00148504,한국스탠다드차타드은행,000110,1,부채비율≥200%;,25.0,계속사업자,01,,5434332000000.0,False,1600.8592592429025,,,False,64121,False,False,134,한국스탠다드차타드은행,000110,등급없음,등급없음,등급없음,A+,2025,,,,
00194947,한전산업,130660,0,정상,0.0,계속사업자,01,,113314917132.0,False,98.15479409201151,162.72209358872246,,False,72129,True,False,77,한전산업,130660,C,C,C,C,2025,,,,
00117498,스틱인베스트먼트,026890,0,정상,0.0,계속사업자,01,,227134517414.0,False,21.418847903828716,371.950006848356,,False,64201,False,False,550,스틱인베스트먼트,026890,B+,B+,A,B,2025,,,,
00540605,이월드,084680,1,유동비율<100%;,25.0,계속사업자,01,,214845170134.0,False,88.63634249875261,21.71843913263166,,False,331,False,False,354,이월드,084680,D,D,C,D,2025,,,,
00147295,전북은행,006350,1,부채비율≥200%;,25.0,계속사업자,01,,1980628000000.0,False,1136.3599827933365,,,False,64121,False,False,323,전북은행,006350,등급없음,등급없음,등급없음,B+,2025,,,,
00679314,동성케미컬,102260,1,유동비율<100%;,25.0,계속사업자,01,,361048021210.0,False,57.85730604863214,88.94117932690509,,False,20202,False,False,766,동성케미컬,102260,A,A,A+,B+,2025,,,,
00531014,유진테크,084370,0,정상,0.0,계속사업자,01,,530065390773.0,False,13.463364062295824,737.7766812936803,,False,29271,False,False,375,유진테크,084370,D,D,C,D,2025,,,,
00120562,롯데지주,004990,1,유동비율<100%;,25.0,계속사업자,01,,4939611027793.0,False,84.063608682125,22.820020684665028,,False,64992,False,False,718,롯데지주,004990,A,A,A+,B+,2025,,,,
00398701,엘앤에프,066970,1,부채비율≥200%;유동비율<100%;재무제표미제출;,25.0,계속사업자,01,,,,346.5921536757429,64.93493968947475,,True,28202,False,False,441,엘앤에프,066970,B+,B+,A,B,2025,,,,
00838005,서진시스템,178320,1,유동비율<100%;,25.0,계속사업자,01,,630433481004.0,False,98.4968000670098,50.36151143605735,,False,289,False,False,585,서진시스템,178320,C,C,B,D,2025,,,,
01256864,에이비엘바이오,298380,0,정상,0.0,계속사업자,01,,157779883012.0,False,78.64912691661846,108.2221887494953,,False,211,False,False,461,에이비엘바이오,298380,C,D,D,B+,2025,,,,
00104573,국일제지,078130,0,정상,0.0,계속사업자,01,,119874676896.0,False,11.55324163252208,668.2338414528048,,False,179,False,False,874,국일제지,078130,D,C,D,D,2025,,,,
00103176,흥국화재,000540,1,부채비율≥200%;,25.0,계속사업자,01,,836868000000.0,False,1393.9203076231856,,,False,65121,False,False,2,흥국화재,000540,B+,B+,B,B+,2025,,,,
00109824,대림통상,006570,1,유동비율<100%;,25.0,계속사업자,01,,48525831830.0,False,189.55704346964515,79.0368449510283,,False,25993,False,False,816,대림통상,006570,D,C,C,D,2025,,,,
00113243,대한제분,001130,0,정상,0.0,계속사업자,01,,793986128945.0,False,31.4694956705356,133.98400219489724,,False,105,False,False,791,대한제분,001130,C,C,D,C,2025,,,사회 등급조정(2026.07.),
00144243,유니슨,018000,1,유동비율<100%;,25.0,계속사업자,01,,107690251495.0,False,140.09924221414315,45.355664976964654,,False,29119,False,False,387,유니슨,018000,C,C,C,C,2025,,,,
00115287,동방,004140,1,부채비율≥200%;유동비율<100%;,25.0,계속사업자,01,,171449177661.0,False,248.824069075743,97.54652073154752,,False,529,False,False,771,동방,004140,C,B,B+,C,2025,,,,
00118266,DRB동일,004840,1,유동비율<100%;,25.0,계속사업자,01,,203992954478.0,False,23.4370410195496,45.39588190114953,,False,221,False,False,1063,DRB동일,004840,B+,B+,A,B+,2025,,,,
00120076,LX인터내셔널,001120,0,정상,0.0,계속사업자,01,,2814857897788.0,False,67.97761810742435,110.5491399657934,,False,4610,True,False,973,LX인터내셔널,001120,A,B+,A,A,2025,,,,
00260958,케이티알파,036030,0,정상,0.0,계속사업자,01,,303073655507.0,False,63.62226698801487,229.26993640823983,,False,461,True,False,248,케이티알파,036030,B+,A,A,B+,2025,,,,
00130879,서울식품공업,004410,1,유동비율<100%;,25.0,계속사업자,01,,26780173037.0,False,172.02645998720848,58.5692893566338,,False,108,False,False,587,서울식품공업,004410,D,C,D,D,2025,,,,
00159795,한국카본,017960,0,정상,0.0,계속사업자,01,,584663803819.0,False,76.6866250124153,135.64234209760565,,False,2512,False,False,122,한국카본,017960,C,B+,B,D,2025,,,,
00382199,신한지주,055550,0,정상,0.0,계속사업자,01,,26335460000000.0,False,43.50927228914931,,,False,64992,False,False,526,신한지주,055550,A+,A+,B+,A+,2025,,,사회 등급조정(2026.04.),
00492894,젬백스,082270,1,유동비율<100%;,25.0,계속사업자,01,,62356551112.0,False,163.01958261196657,61.59642799938724,,False,29271,False,False,309,젬백스,082270,D,D,C,D,2025,,,,
00115612,동부건설,005960,0,정상,0.0,계속사업자,01,,531730443573.0,False,195.14247697546887,120.02718755869498,,False,412,False,False,769,동부건설,005960,B,B+,B,B,2025,통합 등급조정(2026.04.),,사회 등급조정(2026.04.),
00145260,율촌화학,008730,1,유동비율<100%;,25.0,계속사업자,01,,289339091796.0,False,134.61304134375683,98.94968567227704,,False,22231,False,False,370,율촌화학,008730,D,C,C,D,2025,,,,
00108241,농심,004370,0,정상,0.0,계속사업자,01,,2378764991516.0,False,35.87392255210345,192.75643353615555,,False,108,False,False,834,농심,004370,B,A,A+,D,2025,,,,
00117276,네이처셀,007390,0,정상,0.0,계속사업자,01,,63035094463.0,False,17.160926860115268,331.1439765231541,,False,211,False,False,847,네이처셀,007390,D,D,D,D,2025,,,,
00120526,롯데쇼핑,023530,1,유동비율<100%;,25.0,계속사업자,01,,14267031838874.0,False,112.71879096705102,37.882646124120576,,False,47111,False,False,723,롯데쇼핑,023530,A,A,A+,A,2025,,,,
00144395,동서,026960,0,정상,0.0,계속사업자,01,,1722042616196.0,False,3.107391503539278,2031.691287919346,,False,4632,True,False,768,동서,026960,D,C,C,D,2025,,,,
00149655,삼성물산,028260,0,정상,0.0,계속사업자,01,,44065034506504.0,False,45.23647848826221,127.83098674394886,,False,467,True,False,634,삼성물산,028260,A,A,A,A+,2025,통합 등급조정(2026.01.),,사회 등급조정(2026.01.),
00165413,롯데케미칼,011170,1,유동비율<100%;,25.0,계속사업자,01,,10813407538298.0,False,64.4145543135086,71.01271267373062,,False,20111,False,False,714,롯데케미칼,011170,B+,A,A+,B,2025,,,,
00101044,에이프로젠바이오로직스,003060,1,유동비율<100%;,25.0,계속사업자,01,,245011427739.0,False,108.49993715402732,41.90910362692788,,False,212,False,False,456,에이프로젠바이오로직스,003060,D,C,D,D,2025,,,,
00163512,한진,002320,1,유동비율<100%;,25.0,계속사업자,01,,1443332977528.0,False,126.81686463825643,67.51812040150395,,False,49309,False,False,76,한진,002320,A,A,A,B+,2025,,,,
01497869,티와이홀딩스,363280,1,유동비율<100%;,25.0,계속사업자,01,,699118993270.0,False,73.27490107812845,75.46570124278034,,False,64992,False,False,196,티와이홀딩스,363280,C,B+,B+,D,2025,,,,
00172185,남성,004270,1,유동비율<100%;,25.0,계속사업자,01,,114418833190.0,False,105.21484678845812,63.69805191804635,,False,46799,True,False,852,남성,004270,D,D,C,D,2025,,,,
00260392,대원전선,006340,0,정상,0.0,계속사업자,01,,129096359096.0,False,105.10501875277455,168.36351975493395,,False,28302,False,False,802,대원전선,006340,D,C,D,D,2025,,,,
00190321,케이티,030200,0,정상,0.0,계속사업자,01,,15226560000000.0,False,94.90670906626316,105.10357106582305,,False,612,False,False,250,케이티,030200,A,A,A,A,2025,,,사회 등급조정(2026.01.),
00198697,일진디스플,020760,1,유동비율<100%;,25.0,계속사업자,01,,24674374945.0,False,152.95204069859366,49.24039814131929,,False,261,False,False,331,일진디스플,020760,D,C,D,D,2025,,,,
00220613,넥스틸,092790,0,정상,0.0,계속사업자,01,,461788161420.0,False,48.12933332711767,186.30354552642544,,False,2419,False,False,842,넥스틸,092790,C,C,D,C,2025,,,,
00356361,LG화학,051910,0,정상,0.0,계속사업자,01,,21992589000000.0,False,,143.31281967849517,,False,20111,False,False,982,LG화학,051910,B+,B,A+,B+,2025,,,,
00365590,HLB생명과학,067630,1,유동비율<100%;,25.0,계속사업자,01,,316045784991.0,False,39.78807644676575,51.753579383161686,,False,213,False,False,1033,HLB생명과학,067630,C,D,C,C,2025,,,,
00102751,고려산업,002140,1,유동비율<100%;,25.0,계속사업자,01,,106755226380.0,False,126.00244495214754,84.3484611170633,,False,10520,False,False,890,고려산업,002140,D,D,D,C,2025,,,,
00123541,보해양조,000890,0,정상,0.0,계속사업자,01,,90222397527.0,False,62.43300390808512,121.04971947177664,,False,11122,False,False,660,보해양조,000890,D,D,D,C,2025,,,,
00162416,한양증권,001750,1,부채비율≥200%;,25.0,계속사업자,01,,581809787522.0,False,215.17195533800847,,,False,66121,False,False,87,한양증권,001750,B,D,B,B,2025,,,,
00103130,플레이그램,009810,1,유동비율<100%;,25.0,계속사업자,01,,58246865544.0,False,58.68454869245934,60.98748320877123,,False,467,True,False,165,플레이그램,009810,D,D,D,D,2025,,,,
00163691,유수홀딩스,000700,0,정상,0.0,계속사업자,01,,244383168540.0,False,3.7702320978344734,204.49150260079156,,False,715,True,False,381,유수홀딩스,000700,B+,B,A,B+,2025,,,,
00150244,하이트진로,000080,1,유동비율<100%;,25.0,계속사업자,01,,1108611293089.0,False,173.62281357370907,57.26660666806647,,False,11122,False,False,145,하이트진로,000080,B,B+,A,C,2025,,,,
00415628,세진중공업,075580,1,유동비율<100%;,25.0,계속사업자,01,,197062190015.0,False,113.36680181641594,74.6780627965687,,False,31114,False,False,563,세진중공업,075580,D,D,D,C,2025,,,,
00480367,SK오션플랜트,100090,0,정상,0.0,계속사업자,01,,816949804589.0,False,32.411051805956355,120.23471750235268,,False,2413,False,False,933,SK오션플랜트,100090,A,A,A+,A,2025,,,,
00653024,진에어,272450,1,부채비율≥200%;,25.0,계속사업자,01,,224435967985.0,False,423.1667656997273,112.56042150584496,,False,511,False,False,285,진에어,272450,A,A+,A,A,2025,,,,
00795135,코오롱인더,120110,0,정상,0.0,계속사업자,01,,3180068070581.0,False,98.40353900698972,,,False,205,False,False,231,코오롱인더,120110,A,B+,A+,B+,2025,,,,
00816544,토니모리,214420,0,정상,0.0,계속사업자,01,,147980709219.0,False,36.356834573875794,141.23981739787965,,False,20423,False,False,203,토니모리,214420,C,D,D,B,2025,,,,
00425351,멀티캠퍼스,067280,0,정상,0.0,계속사업자,01,,213706514275.0,False,38.65976798380869,353.2311747547462,,False,85650,False,False,706,멀티캠퍼스,067280,B+,B+,A,B+,2025,,,,
00828497,한미약품,128940,1,유동비율<100%;,25.0,계속사업자,01,,856058975990.0,False,71.0932198662104,93.2540133428114,,False,21212,False,False,105,한미약품,128940,B,A,A+,C,2025,,,,
00447487,제주반도체,080220,0,정상,0.0,계속사업자,01,,217979689390.0,False,49.8653118064249,284.4100482718661,,False,2611,False,False,312,제주반도체,080220,D,C,D,D,2025,,,,
01205709,HD현대,267250,1,유동비율<100%;,25.0,계속사업자,01,,6034691685000.0,False,49.02255240898856,4.386518563509901,,False,64992,False,False,1046,HD현대,267250,A,A,A+,B+,2025,,,,
01390344,HD현대중공업,329180,1,유동비율<100%;,25.0,계속사업자,01,,9382574674000.0,False,179.23105241677504,97.42379535697938,,False,31113,False,False,1039,HD현대중공업,329180,A,A,A,A,2025,,,,
00140955,한솔케미칼,014680,0,정상,0.0,계속사업자,01,,941542104925.0,False,34.493186004132006,170.86424513547664,,False,20129,False,False,94,한솔케미칼,014680,B+,B+,A,B+,2025,,,,
00563545,두산테스나,131970,0,정상,0.0,계속사업자,01,,437076674000.0,False,61.01876532537173,136.9878608377664,,False,739,True,False,744,두산테스나,131970,B+,B+,A,B,2025,,,,
00118044,동원수산,030720,0,정상,0.0,계속사업자,01,,57085091568.0,False,116.1876571818973,133.62818857787997,,False,03111,False,False,757,동원수산,030720,D,D,D,D,2025,,,,
00106881,인디에프,014990,1,부채비율≥200%;유동비율<100%;,25.0,계속사업자,01,,37762154994.0,False,206.6636842770224,71.14281517666113,,False,14112,False,False,352,인디에프,014990,C,D,D,B,2025,,,,
01226410,씨앤씨인터내셔널,352480,0,정상,0.0,계속사업자,01,,348927559666.0,False,22.526309832974466,323.5566915272489,,False,20423,False,False,513,씨앤씨인터내셔널,352480,C,D,D,B+,2025,,,,
01261644,레인보우로보틱스,277810,0,정상,0.0,계속사업자,01,,135014282589.0,False,6.952636084121067,1263.757383165396,,False,29280,False,False,728,레인보우로보틱스,277810,D,D,D,D,2025,,,,
00177199,디씨엠,024090,0,정상,0.0,계속사업자,01,,261196919125.0,False,12.668272935166074,452.744468866772,,False,2419,False,False,739,디씨엠,024090,D,D,D,C,2025,,,,
00657783,모델솔루션,417970,0,정상,0.0,계속사업자,01,,71906459009.0,False,34.84471711486165,291.8904649057146,,False,292,False,False,689,모델솔루션,417970,C,C,D,C,2025,,,,지배구조 등급조정(2026.01.)
00126380,삼성전자,005930,0,정상,0.0,계속사업자,01,,254330083000000.0,False,41.1166334577888,139.0812354843255,,False,264,False,False,629,삼성전자,005930,A,B+,A+,B+,2025,,,,
01261893,케이씨텍,281820,0,정상,0.0,계속사업자,01,,531028582207.0,False,13.19239568571692,711.4535578298922,,False,272,False,False,256,케이씨텍,281820,B,B,C,B+,2025,,,,
00172936,동일산업,004890,0,정상,0.0,계속사업자,01,,379230223354.0,False,8.581012943586835,832.9385304955405,,False,24113,False,False,753,동일산업,004890,C,C,C,C,2025,,,,
00173874,넥센타이어,002350,0,정상,0.0,계속사업자,01,,1905282280651.0,False,83.64106259936962,193.08538130463,,False,221,False,False,844,넥센타이어,002350,B,A,A+,C,2025,,,,
00233653,한국토지신탁,034830,0,정상,0.0,계속사업자,01,,892909995342.0,False,93.86987245181022,,,False,642,False,False,118,한국토지신탁,034830,D,D,C,D,2025,,,,
00299002,HL홀딩스,060980,1,유동비율<100%;,25.0,계속사업자,01,,1143706063922.0,False,85.75190098562653,44.26557040452629,,False,64992,False,False,1030,HL홀딩스,060980,A,A,A+,B+,2025,,,,
01061558,덕산네오룩스,213420,0,정상,0.0,계속사업자,01,,451903410381.0,False,25.077443136677136,542.9871272498511,,False,262,False,False,782,덕산네오룩스,213420,C,B,A,D,2025,,,,
00350312,HDC랩스,039570,0,정상,0.0,계속사업자,01,,261653748258.0,False,48.04917263636259,231.71818695057885,,False,423,False,False,1049,HDC랩스,039570,B+,B+,A,B+,2025,,,,
00186559,아이티센씨티에스,031820,0,정상,0.0,계속사업자,01,,175861704515.0,False,68.71239469232663,152.38167128229756,,False,6201,False,False,489,아이티센씨티에스,031820,C,B+,A,D,2025,,,,
00147860,에스엠벡셀,010580,0,정상,0.0,계속사업자,01,,70162568788.0,False,42.77769782017064,185.27644414228052,,False,303,False,False,472,에스엠벡셀,010580,D,C,C,D,2025,,,,
01109539,와이씨,232140,0,정상,0.0,계속사업자,01,,310464445492.0,False,13.112057692625214,560.1900542202385,,False,292,False,False,421,와이씨,232140,D,C,C,D,2025,,,,
00357935,HDC현대EP,089470,0,정상,0.0,계속사업자,01,,262955144080.0,False,88.04266061156267,135.03340235276303,,False,204,False,False,1048,HDC현대EP,089470,B+,B+,B+,B,2025,,,,
00365387,AJ네트웍스,095570,1,부채비율≥200%;유동비율<100%;,25.0,계속사업자,01,,463049798000.0,False,267.80681833316163,38.51056390646768,,False,76320,False,False,1091,AJ네트웍스,095570,B+,C,A,A,2025,,,,
00369833,유니온머티리얼,047400,0,정상,0.0,계속사업자,01,,57786933884.0,False,156.2655939996195,104.5499891292077,,False,23222,False,False,385,유니온머티리얼,047400,D,C,D,D,2025,,,,
00458234,아시아나IDT,267850,0,정상,0.0,계속사업자,01,,168733144633.0,False,,409.476375085193,,False,62021,False,False,501,아시아나IDT,267850,C,C,A,C,2025,,,,
00459871,농심홀딩스,072710,1,유동비율<100%;,25.0,계속사업자,01,,590691743213.0,False,11.582242268676817,65.0113669654436,,False,64992,False,False,833,농심홀딩스,072710,C,B+,A,C,2025,,,,
00896285,삼양사,145990,1,유동비율<100%;,25.0,계속사업자,01,,1420399247910.0,False,105.36917275190169,99.59324765512793,,False,108,False,False,621,삼양사,145990,B+,A,B+,B+,2025,통합 등급조정(2026.04.),,사회 등급조정(2026.04.),
01042775,HL만도,204320,1,유동비율<100%;,25.0,계속사업자,01,,2127816437558.0,False,90.07777570168126,93.6792894149836,,False,303,False,False,1031,HL만도,204320,A,A,A+,A,2025,,,,
01205842,HD건설기계,267270,0,정상,0.0,계속사업자,01,,1431048828000.0,False,69.19702183635064,176.66149822836363,,False,29241,False,False,1045,HD현대건설기계,267270,A,A,A+,A,2025,,,,
01428203,케이씨씨글라스,344820,0,정상,0.0,계속사업자,01,,1497592103733.0,False,59.095008667979975,244.81399186110613,,False,2311,False,False,257,케이씨씨글라스,344820,A,A,A,A,2025,,,,
00113058,한화생명,088350,1,부채비율≥200%;,25.0,계속사업자,01,,12468776000000.0,False,908.7323888086528,,,False,65110,False,False,68,한화생명,088350,A,A+,A,B+,2025,,,,
00148540,CJ,001040,1,유동비율<100%;,25.0,계속사업자,01,,3005438656000.0,False,12.646384388555626,33.94856254412611,,False,64992,False,False,1082,CJ,001040,B+,A,A+,B,2025,통합 등급조정(2025.11.),,,지배구조 등급조정(2025.11.)
00127857,삼익악기,002450,0,정상,0.0,계속사업자,01,,197000975023.0,False,58.24382631944026,,,False,33201,False,False,611,삼익악기,002450,D,D,D,D,2025,,,,
00107613,이수페타시스,007660,0,정상,0.0,계속사업자,01,,755595380135.0,False,57.2067264061052,220.47173596705684,,False,2622,False,False,362,이수페타시스,007660,B,B+,A+,D,2025,,,,
00126566,한화에어로스페이스,012450,1,재무제표미제출;,25.0,계속사업자,01,,,,,100.76485106978792,,True,31321,False,False,64,한화에어로스페이스,012450,B+,A,B+,B+,2025,통합 등급조정(2026.07.),,사회 등급조정(2026.07.),
00565154,이노션,214320,0,정상,0.0,계속사업자,01,,805656566091.0,False,57.64195035376225,138.7988688611955,,False,71310,True,False,367,이노션,214320,A,B+,A+,B+,2025,,,,
00260356,산은캐피탈,008270,1,부채비율≥200%;,25.0,계속사업자,01,,1921977859316.0,False,531.8111003910622,,,False,64911,False,False,639,산은캐피탈,008270,등급없음,등급없음,등급없음,B,2025,,,,
00171265,파라다이스,034230,1,유동비율<100%;,25.0,계속사업자,01,,1255887914368.0,False,64.59691862018217,82.68002537826918,,False,91249,False,False,191,파라다이스,034230,B+,A,A+,B,2025,,,,
00155531,풍산홀딩스,005810,0,정상,0.0,계속사업자,01,,434861638142.0,False,20.83422025131944,117.9016298910581,,False,64992,False,False,167,풍산홀딩스,005810,B+,B,A,B+,2025,,,,
00103510,인지컨트롤스,023800,1,유동비율<100%;,25.0,계속사업자,01,,220009746878.0,False,108.4741455906217,79.30014862797881,,False,30310,False,False,348,인지컨트롤스,023800,C,C,C,C,2025,,,,
00130383,서부T&D,006730,1,유동비율<100%;,25.0,계속사업자,01,,991718880043.0,False,120.83436024360464,52.41810517044942,,False,551,False,False,593,서부T&D,006730,D,C,D,D,2025,,,,
00104786,미래아이앤지,007120,0,정상,0.0,계속사업자,01,,48642635098.0,False,45.00520841828346,270.3839726310313,,False,620,False,False,680,미래아이앤지,007120,D,D,D,D,2025,,,,
00159698,지역난방공사,071320,1,부채비율≥200%;유동비율<100%;,25.0,계속사업자,01,,2301416000000.0,False,257.31249804468206,50.808011963120826,,False,35300,False,False,291,지역난방공사,071320,A,A,A+,A,2025,,,,
00210980,원익,032940,1,유동비율<100%;,25.0,계속사업자,01,,129479017894.0,False,50.80338453822039,71.44557174188556,,False,4659,True,False,402,원익,032940,D,D,D,D,2025,,,,
00453284,교촌에프앤비,339770,1,유동비율<100%;,25.0,계속사업자,01,,159016737992.0,False,107.18404489631446,62.7650437125439,,False,46313,True,False,878,교촌에프앤비,339770,D,C,D,D,2025,,,,
00103626,한솔피엔에스,010420,0,정상,0.0,계속사업자,01,,41061162645.0,False,192.8459817385183,130.9403956024762,,False,467,True,False,92,한솔피엔에스,010420,B+,B,B+,B+,2025,,,,
00136341,신성통상,005390,0,정상,0.0,계속사업자,01,,548513039181.0,False,115.89421410440372,183.12260153436375,,False,467,True,False,540,신성통상,005390,D,C,D,D,2025,,,,
00134723,페이퍼코리아,001020,0,정상,0.0,계속사업자,01,,264893827624.0,False,58.169925645349096,218.92100115354376,,False,171,False,False,180,페이퍼코리아,001020,D,C,D,D,2025,,,,
01021666,덕산테코피아,317330,1,유동비율<100%;,25.0,계속사업자,01,,255455369603.0,False,44.59262721548298,51.24102352086782,,False,2049,False,False,781,덕산테코피아,317330,D,C,C,D,2025,,,,
00583442,노루페인트,090350,0,정상,0.0,계속사업자,01,,363134250144.0,False,65.62969609572582,153.9168761656298,,False,20411,False,False,838,노루페인트,090350,A,A,A+,B+,2025,,,,
01258507,롯데웰푸드,280360,0,정상,0.0,계속사업자,01,,2124872932311.0,False,93.74635981642072,139.89938270211823,,False,108,False,False,721,롯데웰푸드,280360,A,A,A,B+,2025,,,,
00119140,핸즈코퍼레이션,143210,1,부채비율≥200%;유동비율<100%;,25.0,계속사업자,01,,51087576451.0,False,953.6141197366662,35.290982508172824,,False,303,False,False,58,핸즈코퍼레이션,143210,D,C,C,D,2025,,,,
00121288,모나미,005360,1,유동비율<100%;,25.0,계속사업자,01,,88486967550.0,False,76.8313711503158,94.60287387061994,,False,46452,True,False,691,모나미,005360,D,D,C,D,2025,,,,
00124090,한국특강,007280,0,정상,0.0,계속사업자,01,,214083709295.0,False,158.5095047682479,141.94974752957037,,False,24121,False,False,115,한국특강,007280,D,C,C,D,2025,,,,
00125080,AK홀딩스,006840,1,유동비율<100%;,25.0,계속사업자,01,,445673020227.0,False,165.73735987019725,27.202687156153704,,False,64992,False,False,1090,AK홀딩스,006840,A,A,A+,B+,2025,,,,
00131197,서원,021050,1,유동비율<100%;,25.0,계속사업자,01,,84147773906.0,False,136.11685546661025,79.82720667863381,,False,243,False,False,586,서원,021050,C,C,D,C,2025,,,,
00135050,팜젠사이언스,004720,0,정상,0.0,계속사업자,01,,120464702197.0,False,33.56682647958056,285.2416363083215,,False,212,False,False,185,팜젠사이언스,004720,B,B+,A,C,2025,,,,
00135111,수산세보틱스,017550,0,정상,0.0,계속사업자,01,,175094462225.0,False,34.93076918983638,182.64010763199693,,False,29241,False,False,553,수산세보틱스,017550,D,C,D,D,2025,,,,
00141477,영흥,012160,0,정상,0.0,계속사업자,01,,151264164407.0,False,55.00667377047933,175.09059691456653,,False,24123,False,False,430,영흥,012160,D,C,D,D,2025,,,,
00152880,코오롱글로벌,003070,1,부채비율≥200%;유동비율<100%;,25.0,계속사업자,01,,608818789458.0,False,312.93985612246524,73.14439759292894,,False,41221,False,False,234,코오롱글로벌,003070,B+,B+,B+,B+,2025,,,,
00164830,HD한국조선해양,009540,0,정상,0.0,계속사업자,01,,11740987760000.0,False,9.88109307934412,254.07769943588937,,False,64992,False,False,1047,HD한국조선해양,009540,A,A,A,A,2025,,,,
00113508,노루홀딩스,000320,0,정상,0.0,계속사업자,01,,346384265232.0,False,12.424531461951682,147.4474699315567,,False,64992,False,False,837,노루홀딩스,000320,B+,A,A+,B,2025,,,,
00148610,한화투자증권,003530,1,부채비율≥200%;,25.0,계속사업자,01,,2065902000000.0,False,696.4001196571763,,,False,66121,False,False,61,한화투자증권,003530,A,A,A+,B+,2025,,,,
00102858,고려아연,010130,0,정상,0.0,계속사업자,01,,10258026385361.0,False,64.96001533024419,,,False,24213,False,False,889,고려아연,010130,B,A,A,C,2025,통합 등급조정(2026.07.),,,지배구조 등급조정(2026.07.)
01596425,SK스퀘어,402340,0,정상,0.0,계속사업자,01,,6284021000000.0,False,5.003054572860275,2236.7952277538006,,False,64992,False,False,935,SK스퀘어,402340,A,A,A+,A,2025,,,,
01187148,케어랩스,263700,0,정상,0.0,계속사업자,01,,76249131589.0,False,10.11828095510141,243.939988602188,,False,713,True,False,268,케어랩스,263700,D,D,C,D,2025,,,,
01159233,솔루엠,248070,1,유동비율<100%;,25.0,계속사업자,01,,356198404819.0,False,142.01644803099268,96.08494777501436,,False,2629,False,False,557,솔루엠,248070,C,B,B+,D,2025,,,,
00469799,이엔플러스,074610,1,유동비율<100%;,25.0,계속사업자,01,,14296152299.0,False,193.07564083470737,32.84799049385693,,False,29193,False,False,358,이엔플러스,074610,D,C,D,D,2025,,,,
00244747,파크시스템스,140860,0,정상,0.0,계속사업자,01,,214918364686.0,False,51.12512433990128,273.1986347414052,,False,27219,False,False,188,파크시스템스,140860,C,C,D,B,2025,,,,
01067808,넵튠,217270,0,정상,0.0,계속사업자,01,,314474662582.0,False,7.483880741858882,100.721051435968,,False,582,False,False,840,넵튠,217270,C,D,C,C,2025,,,,
00166227,화승인더스트리,006060,1,유동비율<100%;,25.0,계속사업자,01,,213125927739.0,False,63.84084231676616,65.35361077431176,,False,46800,True,False,23,화승인더스트리,006060,B+,B+,B+,B,2025,,,,
00728638,한세실업,105630,0,정상,0.0,계속사업자,01,,744742292500.0,False,58.12173249030301,204.81394185226443,,False,14199,False,False,101,한세실업,105630,A,B+,A+,A,2025,,,,
00104698,LS네트웍스,000680,1,유동비율<100%;,25.0,계속사업자,01,,919837597582.0,False,97.08489011402804,62.65524271805969,,False,46800,True,False,979,LS네트웍스,000680,C,B,B+,C,2025,,,,
00128175,원익큐브,014190,0,정상,0.0,계속사업자,01,,110148847390.0,False,34.49702305868132,322.00354365225274,,False,46739,True,False,398,원익큐브,014190,D,D,C,D,2025,,,,
00112059,상상인증권,001290,1,부채비율≥200%;,25.0,계속사업자,01,,195390281400.0,False,536.7931440539908,,,False,66121,False,False,598,상상인증권,001290,B,D,B,B,2025,,,,
00112651,대창,012800,1,유동비율<100%;,25.0,계속사업자,01,,241451256934.0,False,138.52110694806777,98.57943539746212,,False,24221,False,False,798,대창,012800,D,C,D,D,2025,,,,
00115977,아이에스동서,010780,0,정상,0.0,계속사업자,01,,1259863716879.0,False,133.01027893352233,115.75061592298744,,False,2332,False,False,494,아이에스동서,010780,C,B+,A,D,2025,,,,
00117300,TCC스틸,002710,0,정상,0.0,계속사업자,01,,196339147015.0,False,137.88308144647158,101.5021603750169,,False,24191,False,False,914,TCC스틸,002710,B+,B+,A,B,2025,,,,
00118345,디아이동일,001530,1,유동비율<100%;,25.0,계속사업자,01,,537185544316.0,False,81.51060581842955,57.43736894174412,,False,46103,True,False,737,디아이동일,001530,D,D,C,D,2025,,,,
00156859,다올투자증권,030210,1,부채비율≥200%;,25.0,계속사업자,01,,700678060256.0,False,688.0367018313127,,,False,661,False,False,828,다올투자증권,030210,B+,B+,A,B+,2025,,,,
00252135,주성엔지니어링,036930,0,정상,0.0,계속사업자,01,,589368563181.0,False,50.45079361463738,356.3216964696716,,False,29229,False,False,298,주성엔지니어링,036930,B+,B+,A,B+,2025,,,,
00113526,대한항공,003490,1,부채비율≥200%;유동비율<100%;,25.0,계속사업자,01,,11187861262069.0,False,243.7354732332024,72.89144996387306,,False,511,False,False,790,대한항공,003490,A,A,A,B+,2025,,,,
00227333,네패스,033640,1,부채비율≥200%;유동비율<100%;,25.0,계속사업자,01,,98782428971.0,False,343.4076033447084,38.89274701523354,,False,261,False,False,846,네패스,033640,C,B,B+,C,2025,,,,
00129420,까뮤이앤씨,013700,0,정상,0.0,계속사업자,01,,113806685839.0,False,137.4677055567043,124.26507064355177,,False,41121,False,False,858,까뮤이앤씨,013700,D,D,D,C,2025,,,,
00132637,동원시스템즈,014820,0,정상,0.0,계속사업자,01,,839530397544.0,False,75.89974143891605,108.52910252260055,,False,222,False,False,756,동원시스템즈,014820,A,A,A+,B+,2025,,,,
00133706,한국제지,027970,0,정상,0.0,계속사업자,01,,406304333688.0,False,63.68603130817216,144.43793522729976,,False,171,False,False,127,한국제지,027970,D,C,D,D,2025,,,사회 등급조정(2026.07.),
00138190,GS글로벌,001250,0,정상,0.0,계속사업자,01,,447079914000.0,False,96.68541427696525,168.27350288533867,,False,468,True,False,1052,GS글로벌,001250,A,B+,A,A,2025,,,,
00139454,애경산업,018250,0,정상,0.0,계속사업자,01,,399237742018.0,False,22.010083236829395,339.8430808878813,,False,20422,False,False,480,애경산업,018250,A,A,A+,A,2025,,,,
00366137,KG에코솔루션,151860,1,유동비율<100%;,25.0,계속사업자,01,,561534977948.0,False,39.51732990007063,24.586299730608676,,False,302,False,False,1006,KG에코솔루션,151860,C,B,B+,D,2025,,,,
00139889,SKC,011790,1,유동비율<100%;,25.0,계속사업자,01,,1801373603832.0,False,,71.6804206503565,,False,204,False,False,941,SKC,011790,A,B+,A+,A,2025,,,,
00141875,사조오양,006090,1,유동비율<100%;,25.0,계속사업자,01,,247164555860.0,False,76.49101550874771,74.12767088683073,,False,102,False,False,640,사조오양,006090,C,B,B+,C,2025,,,,
00145446,이건산업,008250,1,유동비율<100%;,25.0,계속사업자,01,,114455543534.0,False,117.2741979833653,70.13479092157708,,False,16211,False,False,369,이건산업,008250,D,D,D,C,2025,,,,
00146083,일동홀딩스,000230,1,유동비율<100%;,25.0,계속사업자,01,,198872210129.0,False,49.21432557747185,8.093265385278883,,False,212,False,False,339,일동홀딩스,000230,A,A,A+,B+,2025,,,,
00133858,세방전지,004490,0,정상,0.0,계속사업자,01,,1586173545445.0,False,18.42684477945952,363.4088724621932,,False,28202,False,False,573,세방전지,004490,B,A,A,D,2025,,,,
00137359,신풍제약,019170,0,정상,0.0,계속사업자,01,,259255408993.0,False,31.32532372051407,280.8613796733721,,False,212,False,False,529,신풍제약,019170,C,C,B+,D,2025,,,,
00149646,기업은행,024110,1,부채비율≥200%;,25.0,계속사업자,01,,33459862000000.0,False,1266.287227962865,,,False,64121,False,False,859,기업은행,024110,B,A+,A+,C,2025,통합 등급조정(2025.11.),,,지배구조 등급조정(2025.11.)
00154462,아모레퍼시픽홀딩스,002790,0,정상,0.0,계속사업자,01,,2148523263664.0,False,0.4551092615271383,6624.026646055542,,False,20423,False,False,506,아모레퍼시픽홀딩스,002790,A,A,A+,A,2025,,,,
00525642,코오롱생명과학,102940,1,유동비율<100%;,25.0,계속사업자,01,,582689933747.0,False,55.55710249159023,60.680642670592064,,False,2110,False,False,232,코오롱생명과학,102940,C,D,C,B,2025,,,,
00148896,OCI홀딩스,010060,0,정상,0.0,계속사업자,01,,2278865596000.0,False,5.319010046610928,4585.555656789385,,False,64992,False,False,959,OCI홀딩스,010060,B+,B+,A,B+,2025,,,,
00153621,참엔지니어링,009310,1,유동비율<100%;,25.0,계속사업자,01,,33318007500.0,False,,88.06014665168789,,False,29271,False,False,281,참엔지니어링,009310,D,D,D,C,2025,,,,
00153861,태영건설,009410,1,부채비율≥200%;,25.0,계속사업자,01,,451685846852.0,False,364.12902493642025,106.09121493635024,,False,41221,False,False,209,태영건설,009410,B+,B+,B,B+,2025,,,사회 등급조정(2025.11.),
00541163,이엠텍,091120,0,정상,0.0,계속사업자,01,,175033709322.0,False,46.65343332967705,101.13625162533022,,False,262,False,False,357,이엠텍,091120,D,D,D,C,2025,,,,
00159023,SK텔레콤,017670,1,유동비율<100%;,25.0,계속사업자,01,,11991050000000.0,False,109.72922304552146,97.28444914463648,,False,61220,False,False,929,SK텔레콤,017670,A,A,B+,A,2025,,,사회 등급조정(2025.11.),
00162586,한올바이오파마,009420,0,정상,0.0,계속사업자,01,,162414432122.0,False,38.95155784892263,190.8685053484056,,False,212,False,False,85,한올바이오파마,009420,C,B,B+,C,2025,,,,
00572905,ISC,095340,0,정상,0.0,계속사업자,01,,480160086912.0,False,,575.5377342435697,,False,465,True,False,1022,ISC,095340,C,C,A,C,2025,,,,
00163114,서연,007860,0,정상,0.0,계속사업자,01,,341221491817.0,False,2.4819180365526066,217.679689918946,,False,64992,False,False,592,서연,007860,B+,B+,A,B+,2025,,,,
00164636,HDC,012630,0,정상,0.0,계속사업자,01,,2211562095405.0,False,6.866939714988599,359.4126914729971,57.10905674615563,False,649,False,False,1050,HDC,012630,C,A,A+,D,2025,,,,
01096341,넥슨게임즈,225570,0,정상,0.0,계속사업자,01,,249951670432.0,False,56.00559530810729,504.06152509375886,,False,582,False,False,841,넥슨게임즈,225570,C,C,B+,D,2025,,,,
00234412,신세계인터내셔날,031430,0,정상,0.0,계속사업자,01,,735235592673.0,False,74.51549222776347,152.62349870016592,,False,4741,False,False,537,신세계인터내셔날,031430,A,A,A+,B+,2025,,,,
00989619,알테오젠,196170,0,정상,0.0,계속사업자,01,,447182467530.0,False,40.98374316379139,256.2857610349917,,False,70113,False,False,481,알테오젠,196170,C,D,C,C,2025,,,,
01456011,디어유,376300,0,정상,0.0,계속사업자,01,,211935327725.0,False,15.637482676320522,671.9183107919098,,False,58222,False,False,735,디어유,376300,C,D,C,C,2025,,,,
00301246,SFA반도체,036540,0,정상,0.0,계속사업자,01,,368727023381.0,False,15.043631170391263,263.8856707842855,,False,2611,False,False,951,SFA반도체,036540,C,C,C,C,2025,,,,
00109189,대덕,008060,0,정상,0.0,계속사업자,01,,487396139372.0,False,5.644565434894062,410.8966284164524,,False,64992,False,False,821,대덕,008060,B,B+,A+,C,2025,,,,
00126937,삼양홀딩스,000070,0,정상,0.0,계속사업자,01,,1854508149622.0,False,20.149533110337924,160.26049506020115,,False,64992,False,False,617,삼양홀딩스,000070,B+,A,A,B,2025,,,,
01351080,지아이이노베이션,358570,0,정상,0.0,계속사업자,01,,116493928388.0,False,9.410323160781346,569.1727266509484,,False,70113,False,False,293,지아이이노베이션,358570,C,D,C,C,2025,,,,
00151395,천일고속,000650,1,부채비율≥200%;,25.0,계속사업자,01,,9583544196.0,False,458.607526361117,,,False,49220,False,False,279,천일고속,000650,C,C,D,C,2025,,,,
00579999,고영,098460,0,정상,0.0,계속사업자,01,,321875479213.0,False,,559.1539792520451,,False,29271,False,False,887,고영,098460,B+,B,A,B,2025,,,,
01319808,한일시멘트,300720,0,정상,0.0,계속사업자,01,,1888647857753.0,False,58.88232339336598,115.24922372078716,,False,23311,False,False,83,한일시멘트,300720,B+,A,A+,B,2025,,,,
00209443,우리금융캐피탈,033660,1,부채비율≥200%;,25.0,계속사업자,01,,1839374870374.0,False,572.1683170929202,,,False,64911,False,False,416,우리금융캐피탈,033660,등급없음,등급없음,등급없음,B,2025,,,,
00176835,NH농우바이오,054050,0,정상,0.0,계속사업자,01,,256134807881.0,False,17.33595707914474,412.7028430442724,,False,01123,False,False,966,NH농우바이오,054050,C,D,D,B,2025,,,,
01168383,일동제약,249420,0,정상,0.0,계속사업자,01,,273934847023.0,False,111.4185326021606,105.1989405246309,,False,212,False,False,340,일동제약,249420,B,A,A+,C,2025,,,,
00136721,신영증권,001720,1,부채비율≥200%;,25.0,계속사업자,01,,1662751459213.0,False,490.5191260330865,,,False,66121,False,False,533,신영증권,001720,B+,B+,A,B+,2025,,,,
00442835,메타랩스,090370,1,유동비율<100%;,25.0,계속사업자,01,,73465558834.0,False,27.22375357028377,39.4247866214362,,False,141,False,False,697,메타랩스,090370,D,D,D,D,2025,,,,
00112022,대원화성,024890,1,유동비율<100%;,25.0,계속사업자,01,,44456591578.0,False,186.12014547454967,51.90409442853374,,False,22214,False,False,800,대원화성,024890,D,C,D,D,2025,,,,
00105280,현대지에프홀딩스,005440,1,유동비율<100%;,25.0,계속사업자,01,,1348254703000.0,False,,11.482552099501742,,False,64992,False,False,39,현대지에프홀딩스,005440,A,A,A+,A,2025,,,,
00606664,케이엔더블유,105330,1,유동비율<100%;,25.0,계속사업자,01,,95857805493.0,False,58.31208580722396,22.98133093278968,,False,303,False,False,254,케이엔더블유,105330,C,C,B,C,2025,,,,
00128546,삼천당제약,000250,0,정상,0.0,계속사업자,01,,234534929009.0,False,76.2250900479475,209.26298836743533,,False,212,False,False,606,삼천당제약,000250,D,D,D,C,2025,,,,
00238782,다우데이타,032190,1,유동비율<100%;,25.0,계속사업자,01,,199547401136.0,False,149.82514894004447,97.09388429892776,,False,46510,True,False,826,다우데이타,032190,D,D,C,D,2025,,,,
01722437,한화갤러리아,452260,1,유동비율<100%;,25.0,계속사업자,01,,853829263911.0,False,120.76739449826157,52.89433861142231,,False,47111,False,False,69,한화갤러리아,452260,B,C,B,B+,2025,,,,
00148993,하이트진로홀딩스,000140,1,유동비율<100%;,25.0,계속사업자,01,,996976573863.0,False,63.76037596058418,0.2460753455171636,,False,64992,False,False,144,하이트진로홀딩스,000140,C,B+,A,C,2025,,,,
00117212,두산,000150,1,유동비율<100%;,25.0,계속사업자,01,,3232177000000.0,False,108.95996722951745,86.66958280933895,,False,26221,False,False,748,두산,000150,A,A,A+,B+,2025,,,,
01030132,경남은행,192520,1,부채비율≥200%;,25.0,계속사업자,01,,3623561170551.0,False,1409.2988959013423,,,False,64121,False,False,901,경남은행,192520,등급없음,등급없음,등급없음,B+,2025,,,,
00122056,미창석유공업,003650,0,정상,0.0,계속사업자,01,,479410729146.0,False,11.37853383573052,1052.6126048524536,,False,19221,False,False,670,미창석유공업,003650,D,C,D,D,2025,,,,
00104722,국제약품,002720,0,정상,0.0,계속사업자,01,,96228170914.0,False,87.53210813731212,107.0127404182314,,False,212,False,False,873,국제약품,002720,D,D,D,C,2025,,,,
00112378,KR모터스,000040,1,유동비율<100%;,25.0,계속사업자,01,,43713527804.0,False,116.3052662758273,63.81152182106137,,False,319,False,False,998,KR모터스,000040,D,C,D,D,2025,,,,
00117337,동양,001520,0,정상,0.0,계속사업자,01,,698144462690.0,False,62.55574133342697,122.91253805798748,,False,23322,False,False,762,동양,001520,B+,A,A+,B,2025,,,,
00118451,동일제강,002690,0,정상,0.0,계속사업자,01,,157613797772.0,False,11.9355752148128,678.3763622989743,,False,24122,False,False,752,동일제강,002690,C,C,D,C,2025,,,,
00159740,KISCO홀딩스,001940,0,정상,0.0,계속사업자,01,,548383378389.0,False,0.2456339220122175,4100.989588737029,,False,241,False,False,1001,KISCO홀딩스,001940,C,C,B,D,2025,,,,
00160047,한국앤컴퍼니,000240,0,정상,0.0,계속사업자,01,,2690080177109.0,False,9.851315786870025,335.22221874714336,,False,64992,False,False,132,한국앤컴퍼니,000240,B,B+,A+,C,2025,통합 등급조정(2025.11.),,,지배구조 등급조정(2025.11.)
00203582,한솔홈데코,025750,0,정상,0.0,계속사업자,01,,104999730885.0,False,105.47685715813728,167.57679597937488,,False,161,False,False,90,한솔홈데코,025750,B+,B+,B+,B+,2025,,,,
00305668,새론오토모티브,075180,0,정상,0.0,계속사업자,01,,211472897184.0,False,9.20963068617454,736.7519529408282,,False,303,False,False,596,새론오토모티브,075180,D,C,D,D,2025,,,,
01160363,에코프로비엠,247540,1,유동비율<100%;,25.0,계속사업자,01,,1509808631634.0,False,86.33981152546515,45.84721372582643,,False,28202,False,False,451,에코프로비엠,247540,B+,B,A,B,2025,,,,
00149594,한국캐피탈,023760,1,부채비율≥200%;,25.0,계속사업자,01,,754145264471.0,False,583.5638382112036,,,False,64911,False,False,121,한국캐피탈,023760,C,D,C,B,2025,,,,
00136101,메이슨캐피탈,021880,0,정상,0.0,계속사업자,01,,51104954930.0,False,20.367186319324677,,,False,64911,False,False,699,메이슨캐피탈,021880,D,D,D,D,2025,,,,
00122737,팬오션,028670,0,정상,0.0,계속사업자,01,,5640898000000.0,False,89.97647183125808,121.50922736671976,,False,50112,False,False,184,팬오션,028670,A,A,A,B+,2025,,,,
00353610,이니텍,053350,0,정상,0.0,계속사업자,01,,138842296903.0,False,6.067428882198201,1741.9799590792202,,False,58221,False,False,365,이니텍,053350,C,C,C,C,2025,,,,
01365825,피에스케이,319660,0,정상,0.0,계속사업자,01,,449415274277.0,False,20.573451431918077,431.5979187510046,,False,29271,False,False,162,피에스케이,319660,C,B,B+,C,2025,,,,
00523307,다원시스,068240,2,완전자본잠식(자본총계<0),60.0,계속사업자,01,,-490718140985.0,True,-224.17733420041355,30.30584608503241,,False,2811,False,False,825,다원시스,068240,D,C,C,D,2025,,,,
00415868,펩트론,087010,0,정상,0.0,계속사업자,01,,142008658725.0,False,26.034287225115115,1644.778495706533,,False,211,False,False,179,펩트론,087010,D,D,D,D,2025,,,,
00168331,온타이드,005320,0,정상,0.0,계속사업자,01,,97350640623.0,False,33.46693760975889,234.94995626304197,,False,46413,True,False,422,온타이드,005320,D,D,D,D,2025,,,,
00164645,HMM,011200,0,정상,0.0,계속사업자,01,,26398028000000.0,False,24.87017212043263,592.7931041315763,,False,50112,False,False,1029,HMM,011200,A,A,A+,A,2025,,,,
00136457,SH에너지화학,002360,0,정상,0.0,계속사업자,01,,67923768770.0,False,46.87848812662401,394.88940109403774,,False,201,False,False,945,SH에너지화학,002360,C,C,D,B,2025,,,,
00126955,삼양식품,003230,0,정상,0.0,계속사업자,01,,1170210736276.0,False,61.74104283688564,164.69533650559214,,False,108,False,False,620,삼양식품,003230,A+,A+,A+,A,2025,,,,
01035289,제이케이리버스톤자기관리부동산투자회사,204210,1,유동비율<100%;,25.0,계속사업자,01,,38260775642.0,False,86.63207437074153,7.103892103676153,,False,681,False,False,1020,JK리버스톤리츠,204210,D,D,D,D,2025,,,,
00145437,아센디오,012170,0,정상,0.0,계속사업자,01,,7251984608.0,False,55.78894067889891,100.66145185865687,,False,591,False,False,502,아센디오,012170,D,D,D,D,2025,,,,
00134477,SNT다이내믹스,003570,0,정상,0.0,계속사업자,01,,858162269281.0,False,39.6450687195847,394.9745225725779,,False,30331,False,False,925,SNT다이내믹스,003570,D,C,C,D,2025,,,,
00526836,미래나노텍,095500,0,정상,0.0,계속사업자,01,,263390579251.0,False,63.2941263894377,110.45998097593396,,False,2229,False,False,682,미래나노텍,095500,C,B,B,C,2025,,,,
00344287,에이치디현대인프라코어,042670,3,국세청 폐업,100.0,폐업자,03,2026-01-02,1807675441949.0,False,,,,False,29241,False,True,1041,HD현대인프라코어,042670,A,A,A+,A,2025,,,,
00116268,동성제약,002210,1,부채비율≥200%;유동비율<100%;,25.0,계속사업자,01,,23370851643.0,False,620.7398335843349,68.53390043602712,,False,212,False,False,767,동성제약,002210,D,D,D,D,2025,,,,
01032404,콜마비앤에이치,200130,0,정상,0.0,계속사업자,01,,322371920672.0,False,61.50203804311067,150.52838320463778,,False,211,False,False,228,콜마비앤에이치,200130,B+,A,A,B,2025,,,,
00241005,코오롱이앤피,138490,3,국세청 폐업,100.0,폐업자,03,2026-04-02,345782741478.0,False,22.93146132165909,334.95246382552574,,False,20202,False,True,235,코오롱ENP,138490,B+,B,A,B+,2025,,,,
01262032,롯데이노베이트,286940,0,정상,0.0,계속사업자,01,,456243381723.0,False,77.26229767931551,121.13538494522383,,False,62021,False,False,720,롯데이노베이트,286940,A,A,A+,A,2025,,,,
00628189,웅진씽크빅,095720,0,정상,0.0,계속사업자,01,,267594828119.0,False,89.0089780035208,114.2640506692685,,False,85120,False,False,404,웅진씽크빅,095720,C,B,A,C,2025,,,,
00132868,우성머티리얼스,011300,1,부채비율≥200%;유동비율<100%;,25.0,계속사업자,01,,32136186480.0,False,218.17106889653576,32.07307356195926,,False,13213,False,False,410,우성머티리얼스,011300,D,D,D,D,2025,,,,
00124027,부산산업,011390,0,정상,0.0,계속사업자,01,,74202486440.0,False,29.28774602529344,212.14739814339197,,False,23322,False,False,656,부산산업,011390,D,C,D,D,2025,,,,
00982023,실리콘투,257720,0,정상,0.0,계속사업자,01,,419666484359.0,False,53.75902469900482,504.3688508466798,,False,46800,True,False,520,실리콘투,257720,D,D,D,D,2025,,,,
00159810,카프로,006380,1,부채비율≥200%;유동비율<100%;,25.0,계속사업자,01,,76798528456.0,False,214.71322558800568,82.4964978129361,,False,20119,False,False,270,카프로,006380,C,C,C,C,2025,,,,
00681142,쌍방울,102280,0,정상,0.0,계속사업자,01,,78703783171.0,False,19.808289311998923,649.5663136828128,,False,14120,False,False,518,쌍방울,102280,D,D,D,D,2025,,,,
00143651,웅진,016880,1,유동비율<100%;,25.0,계속사업자,01,,415971399713.0,False,53.87366478239068,20.531687372563827,,False,64992,False,False,405,웅진,016880,B,C,B+,B,2025,,,,
00226866,인탑스,049070,0,정상,0.0,계속사업자,01,,566661699667.0,False,8.26982911947967,1044.3905443234553,,False,2642,False,False,345,인탑스,049070,B+,B+,A,B,2025,,,,
00450010,씨티알모빌리티,308170,1,부채비율≥200%;유동비율<100%;,25.0,계속사업자,01,,87031596853.0,False,220.4483655161,46.472246740499926,,False,303,False,False,510,씨티알모빌리티,308170,C,C,C,C,2025,,,,
01319899,SK바이오사이언스,302440,0,정상,0.0,계속사업자,01,,1725410068291.0,False,26.636278640544504,413.59197326509,,False,211,False,False,936,SK바이오사이언스,302440,A,B+,A+,A,2025,,,,
00115384,동방아그로,007590,0,정상,0.0,계속사업자,01,,172936652872.0,False,44.12360016270132,339.0482190292792,,False,2032,False,False,770,동방아그로,007590,C,D,D,B,2025,,,,
00476498,컴투스,078340,1,유동비율<100%;,25.0,계속사업자,01,,971516536058.0,False,39.29003952910708,85.76938768750736,,False,5821,False,False,269,컴투스,078340,A,A,A+,B+,2025,,,,
01010110,더블유게임즈,192080,0,정상,0.0,계속사업자,01,,730479327273.0,False,6.63810790170082,897.388397531366,,False,5821,False,False,785,더블유게임즈,192080,B,D,C,B+,2025,,,,
01137383,카카오게임즈,293490,0,정상,0.0,계속사업자,01,,831650602689.0,False,78.28171546752984,,,False,5821,False,False,274,카카오게임즈,293490,A,A,A+,A,2025,,,,
01515323,LG에너지솔루션,373220,0,정상,0.0,계속사업자,01,,15159973000000.0,False,105.59254294186408,112.49248081299864,,False,28202,False,False,987,LG에너지솔루션,373220,A,B+,A+,A,2025,,,,
00983271,NHN,181710,0,정상,0.0,계속사업자,01,,1606271459961.0,False,13.975695571933432,268.6976971211729,,False,5821,False,False,446,엔에이치엔,181710,A,A,A+,A,2025,,,,
00133991,세아특수강,019440,0,정상,0.0,계속사업자,01,,318934252284.0,False,65.57501449037433,189.5547110221075,,False,24122,False,False,569,세아특수강,019440,B+,B+,A,B+,2025,,,,
00585219,세원이앤씨,091090,1,부채비율≥200%;,25.0,계속사업자,01,,46890349581.0,False,234.9196096303678,146.32041075966802,,False,251,False,False,566,세원이앤씨,091090,D,D,D,D,2025,,,,
00136776,차AI헬스케어,025620,0,정상,0.0,계속사업자,01,,77053359709.0,False,40.79211484963803,160.65468951459775,,False,204,False,False,317,제이준코스메틱,025620,D,D,D,D,2025,,,,
00146214,일성아이에스,003120,0,정상,0.0,계속사업자,01,,386344748050.0,False,4.313566748639538,1746.8751957351942,,False,212,False,False,337,일성아이에스,003120,D,D,D,D,2025,,,,
00358271,SFA,056190,0,정상,0.0,계속사업자,01,,836426980397.0,False,59.36291503704594,125.85199620570928,,False,292,False,False,475,에스에프에이,056190,C,C,C,C,2025,,,,
00159218,한전KPS,051600,0,정상,0.0,계속사업자,01,,1337028907231.0,False,26.232138579364594,286.9459414520848,,False,42311,False,False,79,한전KPS,051600,A,A,A,A,2025,,,사회 등급조정(2025.11.),
01524093,DL이앤씨,375500,0,정상,0.0,계속사업자,01,,4206660962828.0,False,63.51279264166937,124.54317320375378,,False,412,False,False,1065,DL이앤씨,375500,A,A+,A,B+,2025,,,사회 등급조정(2026.01.),
00480950,이아이디,093230,1,유동비율<100%;,25.0,계속사업자,01,,185932625022.0,False,29.76934357778832,28.081065630296475,,False,467,True,False,359,이아이디,093230,D,D,D,D,2025,,,,
00347734,진양화학,051630,1,유동비율<100%;,25.0,계속사업자,01,,39717885666.0,False,107.08565030038626,67.50428138284622,,False,22214,False,False,286,진양화학,051630,D,D,D,D,2025,,,,
00109286,대동,000490,1,부채비율≥200%;,25.0,계속사업자,01,,355605746863.0,False,242.24018710751287,114.81056393980708,,False,29210,False,False,819,대동,000490,A,A,A+,B+,2025,,,,
00118804,동진쎄미켐,005290,0,정상,0.0,계속사업자,01,,891302466556.0,False,66.34449861671588,130.30151675492382,,False,20129,False,False,751,동진쎄미켐,005290,B,A,A+,D,2025,,,,
00112970,대한방직,001070,0,정상,0.0,계속사업자,01,,152719644695.0,False,51.71923704821582,162.17695243691415,,False,132,False,False,796,대한방직,001070,D,C,D,D,2025,,,,
01090471,SFA넥셀,222080,0,정상,0.0,계속사업자,01,,507689682230.0,False,29.98542203759688,396.2477073333303,,False,292,False,False,515,씨아이에스,222080,D,C,C,D,2025,,,,
01288827,HPSP,403870,0,정상,0.0,계속사업자,01,,308230752232.0,False,19.94493956226916,475.84046210841393,,False,29271,False,False,1028,HPSP,403870,C,D,C,B,2025,,,,
00129387,SP삼화,000390,0,정상,0.0,계속사업자,01,,300297947273.0,False,81.91524904776367,143.51218515746572,,False,20411,False,False,920,SP삼화,000390,B+,B+,B+,B+,2025,,,,
00111111,대양금속,009190,0,정상,0.0,계속사업자,01,,100084126789.0,False,44.32044933610316,361.8171330563987,,False,24122,False,False,808,대양금속,009190,D,C,D,D,2025,,,,
00470829,인티큐브,070590,0,정상,0.0,계속사업자,01,,13425012782.0,False,137.3362541205214,129.75312103730084,,False,62010,False,False,96,한솔인티큐브,070590,B+,C,B+,A,2025,,,,
00453488,다이나믹디자인,145210,0,정상,0.0,계속사업자,01,,49258358875.0,False,76.68513326409517,108.39610310739477,,False,292,False,False,824,다이나믹디자인,145210,D,C,D,D,2025,,,,
00160588,한화,000880,1,부채비율≥200%;유동비율<100%;,25.0,계속사업자,01,,3617389000000.0,False,209.64626696216527,72.54897908618796,,False,20494,False,False,70,한화,000880,A,A,A,B+,2025,,,,
00106395,금호전기,001210,0,정상,0.0,계속사업자,01,,12038340201.0,False,147.069651408666,117.5615328361656,,False,28410,False,False,864,금호전기,001210,D,C,C,D,2025,,,,
00876908,모트렉스,118990,1,유동비율<100%;,25.0,계속사업자,01,,238270725990.0,False,138.0334746416995,68.20919765301959,,False,303,False,False,687,모트렉스,118990,C,C,B,D,2025,,,,
00444329,위메이드,112040,0,정상,0.0,계속사업자,01,,511840775452.0,False,33.96174568282351,163.90289683053442,,False,5821,False,False,392,위메이드,112040,B+,A,A+,B,2025,,,,
00367844,자이에스앤디,317400,0,정상,0.0,계속사업자,01,,492145439816.0,False,57.17049693301918,237.7751799349016,,False,681,False,False,326,자이에스앤디,317400,B+,B+,A,B+,2025,,,,
00547583,하나금융지주,086790,0,정상,0.0,계속사업자,01,,19540805000000.0,False,36.480293416775815,,,False,64992,False,False,159,하나금융지주,086790,A,A,B+,A+,2025,통합 등급조정(2026.04.),,사회 등급조정(2026.04.),
00140131,키다리스튜디오,020120,1,유동비율<100%;,25.0,계속사업자,01,,234237670654.0,False,30.857134039198023,99.75098735400262,,False,631,False,False,218,키다리스튜디오,020120,C,D,C,C,2025,,,,
00158325,NICE평가정보,030190,0,정상,0.0,계속사업자,01,,433179958769.0,False,28.54277310551521,165.39233709101268,,False,63991,False,False,962,NICE평가정보,030190,B+,C,B+,B+,2025,,,,
00159500,한국종합기술,023350,1,유동비율<100%;,25.0,계속사업자,01,,170644691767.0,False,147.88432937929912,89.00173846578208,,False,72121,True,False,126,한국종합기술,023350,B,C,B,B,2025,,,,
00145880,현대제철,004020,0,정상,0.0,계속사업자,01,,18967347582093.0,False,65.84002785296124,151.6568691014313,,False,2411,False,False,40,현대제철,004020,B+,B+,A+,B,2025,,,,
00340096,미래에셋벤처투자,100790,0,정상,0.0,계속사업자,01,,345432638366.0,False,10.662610101415734,,,False,649,False,False,679,미래에셋벤처투자,100790,D,D,D,D,2025,,,,
00904672,넷마블,251270,1,유동비율<100%;,25.0,계속사업자,01,,5147770864047.0,False,34.23317432684996,22.278320654377765,,False,5821,False,False,839,넷마블,251270,A,B+,A+,A,2025,,,,
00193009,케이에이치필룩스,033180,0,정상,0.0,계속사업자,01,,441666793006.0,False,9.074797801576064,225.29853601689305,,False,2629,False,False,1002,KH 필룩스,033180,D,C,D,D,2025,,,,
00651017,나우IB,293580,0,정상,0.0,계속사업자,01,,104483777400.0,False,48.51640105997929,,,False,64919,False,False,855,나우IB,293580,D,D,D,D,2025,,,,
00111847,대원강업,000430,1,유동비율<100%;,25.0,계속사업자,01,,467633995000.0,False,57.50857911859038,81.44988809023714,,False,303,False,False,803,대원강업,000430,A,B+,A,A,2025,,,,
01071041,CJ 바이오사이언스,311690,0,정상,0.0,계속사업자,01,,60488169332.0,False,18.59768302005586,733.5770088228151,,False,701,False,False,1079,CJ 바이오사이언스,311690,B+,B,B+,B+,2025,,,,
00103592,광동제약,009290,0,정상,0.0,계속사업자,01,,613819426051.0,False,66.61700490707919,124.31276825088192,,False,21220,False,False,885,광동제약,009290,B,A,A,D,2025,,,,
00164609,에이치디현대미포,010620,3,국세청 폐업,100.0,폐업자,03,2025-12-03,2016914579000.0,False,151.26271116115524,107.7241031269151,,False,3111,False,True,1043,HD현대미포,010620,A,A,A,A,2025,,,,
00108746,DKME,015590,0,정상,0.0,계속사업자,01,,125988370587.0,False,48.93534317314331,292.79972536502623,,False,29176,False,False,1067,DKME,015590,D,C,D,D,2025,,,,
00109693,DL,000210,1,유동비율<100%;재무제표미제출;,25.0,계속사업자,01,,,,,99.202579023687,,True,20111,False,False,1066,DL,000210,A,A+,A,A,2025,,,사회 등급조정(2026.01.),
00118026,동원산업,006040,1,유동비율<100%;재무제표미제출;,25.0,계속사업자,01,,,,,94.8132712871232,,True,64992,False,False,758,동원산업,006040,A,A,A+,B+,2025,,,,
00117179,디와이,013570,0,정상,0.0,계속사업자,01,,212833099200.0,False,7.949129307703094,161.76164566472434,,False,64992,False,False,734,디와이,013570,C,C,D,C,2025,,,,
00118521,진원생명과학,011000,1,유동비율<100%;,25.0,계속사업자,01,,33776961316.0,False,101.89179827345012,47.30412594623732,,False,212,False,False,284,진원생명과학,011000,D,D,D,D,2025,,,,
00684714,풍산,103140,0,정상,0.0,계속사업자,01,,2298131546597.0,False,67.41406333062616,190.1203638878766,,False,242,False,False,168,풍산,103140,B+,B,A,B+,2025,,,,
00172291,더존비즈온,012510,1,유동비율<100%;,25.0,계속사업자,01,,523739840185.0,False,91.10691872790358,39.004966069888205,,False,62022,False,False,783,더존비즈온,012510,C,B+,A,C,2025,,,,
00110750,GMI벤처,019570,0,정상,0.0,계속사업자,01,,40849125445.0,False,39.71476908078026,101.37763941820212,,False,64209,False,False,163,플루토스,019570,D,D,D,D,2025,,,,
00104999,윌비스,008600,1,부채비율≥200%;유동비율<100%;,25.0,계속사업자,01,,54587933164.0,False,232.15477915470103,98.6474225479171,,False,46413,True,False,391,윌비스,008600,C,D,C,C,2025,,,,
00274933,신세계푸드,031440,0,정상,0.0,계속사업자,01,,357699635574.0,False,126.33366809693412,125.5314015830524,,False,561,False,False,536,신세계푸드,031440,A,A,A+,A,2025,,,,
01061327,클래시스,214150,0,정상,0.0,계속사업자,01,,554320276182.0,False,26.769937555428463,390.160087284057,,False,271,False,False,219,클래시스,214150,A,A,A+,A,2025,,,,
00204262,한컴,030520,0,정상,0.0,계속사업자,01,,378150097463.0,False,17.860043429873297,268.8328658815573,,False,582,False,False,111,한글과컴퓨터,030520,C,D,C,C,2025,,,,
00121932,미원상사,002840,0,정상,0.0,계속사업자,01,,410128970758.0,False,18.581444724363813,487.0601764226477,,False,204,False,False,674,미원상사,002840,C,C,D,B,2025,,,,
00118008,동원모빌리티,018500,1,부채비율≥200%;유동비율<100%;,25.0,계속사업자,01,,112055963878.0,False,202.5689514992117,77.22463070026733,,False,303,False,False,759,동원금속,018500,B+,B+,B+,B,2025,,,,
00415646,드림텍,192650,1,유동비율<100%;,25.0,계속사업자,01,,257602195870.0,False,67.06948780832222,56.10767383864646,,False,2629,False,False,740,드림텍,192650,B,B,B,B+,2025,,,,
00135917,한화손해보험,000370,1,부채비율≥200%;,25.0,계속사업자,01,,2720126457000.0,False,645.5187038387018,,,False,65121,False,False,67,한화손해보험,000370,A,A+,A,B+,2025,,,,
00760971,크래프톤,259960,0,정상,0.0,계속사업자,01,,7263459492069.0,False,12.33756553028887,593.7187721599357,,False,5821,False,False,220,크래프톤,259960,A,B+,A,A,2025,,,,
00109806,삼일씨엔에스,004440,0,정상,0.0,계속사업자,01,,268108489293.0,False,64.3965560550819,123.49555665214228,,False,23325,False,False,610,삼일씨엔에스,004440,D,C,D,D,2025,,,,
00111421,휴니드테크놀러지스,005870,0,정상,0.0,계속사업자,01,,162813324976.0,False,91.48327236604004,464.5333152209075,,False,2642,False,False,8,휴니드테크놀러지스,005870,D,C,C,D,2025,,,,
00145862,인천도시가스,034590,0,정상,0.0,계속사업자,01,,238106011940.0,False,88.36017356336895,195.87783678465925,,False,35200,False,False,347,인천도시가스,034590,C,D,B,B,2025,,,,
01234507,매일유업,267980,0,정상,0.0,계속사업자,01,,686328108917.0,False,61.131726380995325,231.00607345459332,,False,104,False,False,707,매일유업,267980,A,A,A+,A,2025,,,,
00120182,NH투자증권,005940,0,정상,0.0,계속사업자,01,,7392139000000.0,False,,,,False,66121,False,False,964,NH투자증권,005940,B+,A,A,B+,2025,통합 등급조정(2025.11.),,,지배구조 등급조정(2025.11.)
00304915,코리아에셋투자증권,190650,1,부채비율≥200%;,25.0,계속사업자,01,,97520053886.0,False,313.9255338854459,,,False,66121,False,False,245,코리아에셋투자증권,190650,C,D,B,C,2025,,,,
00120872,만호제강,001080,0,정상,0.0,계속사업자,01,,188570901745.0,False,11.98128140658322,686.7568542241478,,False,24123,False,False,708,만호제강,001080,D,D,D,D,2025,,,,
00113535,대한해운,005880,0,정상,0.0,계속사업자,01,,1668189465275.0,False,20.08941326462304,306.48192407917304,,False,50112,False,False,789,대한해운,005880,B,A,A,C,2025,,,,
00481454,금호타이어,073240,0,정상,0.0,계속사업자,01,,1512891144694.0,False,164.31558329471255,108.90565706761454,,False,221,False,False,863,금호타이어,073240,A,A,A,B+,2025,,,,
00112332,미래에셋생명,085620,1,부채비율≥200%;,25.0,계속사업자,01,,2436501555669.0,False,1248.4572525169117,,,False,65110,False,False,678,미래에셋생명,085620,B+,B+,B+,B+,2025,,,,
00412597,현대홈쇼핑,057050,0,정상,0.0,계속사업자,01,,1682224261000.0,False,12.835288076968236,344.880221015385,,False,47919,False,False,30,현대홈쇼핑,057050,A,A,A+,A,2025,,,,
00126089,DH오토넥스,000300,0,정상,0.0,계속사업자,01,,33522803164.0,False,49.48725563265369,224.30578363664924,,False,303,False,False,1068,DH오토넥스,000300,D,D,D,D,2025,,,,
00261285,한국가스공사,036460,1,부채비율≥200%;유동비율<100%;,25.0,계속사업자,01,,8323436000000.0,False,501.74214110614895,70.52547998592024,,False,35200,False,False,143,한국가스공사,036460,A,A,A+,B+,2025,,,,
00119672,두올,016740,0,정상,0.0,계속사업자,01,,236043460403.0,False,32.41055872947526,236.6954674998445,,False,303,False,False,742,두올,016740,D,D,C,C,2025,,,,
00158307,롯데하이마트,071840,1,유동비율<100%;,25.0,계속사업자,01,,942935229746.0,False,89.92466968249863,96.3143171559624,,False,47320,False,False,713,롯데하이마트,071840,A,A,A+,A,2025,,,,
00199252,HLB,028300,1,유동비율<100%;,25.0,계속사업자,01,,977507736110.0,False,32.70383954434769,23.4498087935053,,False,213,False,False,1035,HLB,028300,C,B,C,C,2025,,,,
00103662,광명전기,017040,1,부채비율≥200%;유동비율<100%;,25.0,계속사업자,01,,6234636080.0,False,2050.670344306608,47.18668034190806,,False,28123,False,False,884,광명전기,017040,D,C,D,D,2025,,,,
00428729,대호에이엘,069460,0,정상,0.0,계속사업자,01,,79495006089.0,False,100.20623323535122,121.12829791353543,,False,24222,False,False,786,대호에이엘,069460,D,C,D,D,2025,,,,
00146542,일정실업,008500,0,정상,0.0,계속사업자,01,,19341277649.0,False,105.76258191535564,119.44707784705273,,False,133,False,False,333,일정실업,008500,D,D,D,D,2025,,,,
00269241,주연테크,044380,0,정상,0.0,계속사업자,01,,37627341986.0,False,21.07369987747292,451.7308735900078,,False,26310,False,False,296,주연테크,044380,D,D,D,D,2025,,,,
00106641,기아,000270,0,정상,0.0,계속사업자,01,,38915017000000.0,False,54.72980263634473,124.15498198368093,,False,30121,False,False,860,기아,000270,B+,A+,A,B,2025,통합 등급조정(2026.01.),,사회 등급조정(2026.01.),
00396925,엠로,058970,0,정상,0.0,계속사업자,01,,95223857416.0,False,17.518009895487722,349.64890296931486,,False,582,False,False,439,엠로,058970,C,B,B+,D,2025,,,,
00122825,프리티,006490,2,완전자본잠식(자본총계<0),60.0,계속사업자,01,,-1736067379.0,True,-2884.2903677991403,32.183325069557426,,False,612,False,False,349,인스코비,006490,D,D,D,D,2025,,,,
00249247,YG PLUS,037270,0,정상,0.0,계속사업자,01,,156275265168.0,False,38.74272132183697,240.02217014138824,,False,631,False,False,910,YG PLUS,037270,C,D,D,B,2025,,,,
00113492,깨끗한나라,004540,1,부채비율≥200%;유동비율<100%;,25.0,계속사업자,01,,156043789099.0,False,299.22459524087026,56.391862064181,,False,171,False,False,857,깨끗한나라,004540,B,B,B+,B,2025,,,,
00165680,호텔신라,008770,1,유동비율<100%;,25.0,계속사업자,01,,1020917894618.0,False,187.0535981183428,96.69477925972248,,False,47859,False,False,26,호텔신라,008770,A,A,A,A,2025,,,,
